-- MySQL dump 10.13  Distrib 8.0.40, for Win64 (x86_64)
--
-- Host: localhost    Database: smallshop
-- ------------------------------------------------------
-- Server version	8.0.40

/*!40101 SET @OLD_CHARACTER_SET_CLIENT=@@CHARACTER_SET_CLIENT */;
/*!40101 SET @OLD_CHARACTER_SET_RESULTS=@@CHARACTER_SET_RESULTS */;
/*!40101 SET @OLD_COLLATION_CONNECTION=@@COLLATION_CONNECTION */;
/*!50503 SET NAMES utf8 */;
/*!40103 SET @OLD_TIME_ZONE=@@TIME_ZONE */;
/*!40103 SET TIME_ZONE='+00:00' */;
/*!40014 SET @OLD_UNIQUE_CHECKS=@@UNIQUE_CHECKS, UNIQUE_CHECKS=0 */;
/*!40014 SET @OLD_FOREIGN_KEY_CHECKS=@@FOREIGN_KEY_CHECKS, FOREIGN_KEY_CHECKS=0 */;
/*!40101 SET @OLD_SQL_MODE=@@SQL_MODE, SQL_MODE='NO_AUTO_VALUE_ON_ZERO' */;
/*!40111 SET @OLD_SQL_NOTES=@@SQL_NOTES, SQL_NOTES=0 */;

--
-- Table structure for table `accounts`
--

DROP TABLE IF EXISTS `accounts`;
/*!40101 SET @saved_cs_client     = @@character_set_client */;
/*!50503 SET character_set_client = utf8mb4 */;
CREATE TABLE `accounts` (
  `id` int NOT NULL AUTO_INCREMENT,
  `email` varchar(255) NOT NULL,
  `password` varchar(255) NOT NULL,
  `isActive` tinyint(1) NOT NULL DEFAULT '1',
  `role` enum('buyer','seller','admin') NOT NULL DEFAULT 'buyer',
  PRIMARY KEY (`id`),
  UNIQUE KEY `id` (`id`),
  UNIQUE KEY `email` (`email`)
) ENGINE=InnoDB AUTO_INCREMENT=101 DEFAULT CHARSET=utf8mb4 COLLATE=utf8mb4_0900_ai_ci;
/*!40101 SET character_set_client = @saved_cs_client */;

--
-- Dumping data for table `accounts`
--

LOCK TABLES `accounts` WRITE;
/*!40000 ALTER TABLE `accounts` DISABLE KEYS */;
INSERT INTO `accounts` VALUES (1,'user1@gmail.com','$2b$10$gcCH1OdBM/bht/TeFBISaOwOmnV.DwtGuu8Gxstjkk/P2kq3C6GzW',1,'buyer'),(2,'user2@gmail.com','$2b$10$0uZReXE0pazhUmjSPkxz..yIT.WcUrF0meKPURcyM7CyZQQFzpx7G',1,'buyer'),(3,'user3@gmail.com','$2b$10$0RK5GtJ5I4Rs0OLVoUuqFege9mPxjtjtu1anchQSldPfeTLRbacjC',1,'buyer'),(4,'user4@gmail.com','$2b$10$/623mnSaZ1fHNl6Q.3T9Oe8Jhv209liPPcslugdt43XY0ZnbgMhiq',1,'buyer'),(5,'user5@gmail.com','$2b$10$ePFH6gUudiHUSKAQZ/vype3oNsSNx9pZ60oc/8Vgv9IjfpQoZnLjO',1,'buyer'),(6,'user6@gmail.com','$2b$10$3IPqrqL0Ueprh74In9/TJuG8xW9o/9DgOjz9pQe4I4FnUxU9hil1u',1,'buyer'),(7,'user7@gmail.com','$2b$10$RAZYokE46FsgJh0LjMYVOuJckEhUaay/2v6B95LjG5CDndGihpMoi',1,'buyer'),(8,'user8@gmail.com','$2b$10$JMxL1VRlPg9RPzaSFe51deL7o3Z.uOhpVBaqt3XFPnqU7yKu8of8C',1,'buyer'),(9,'user9@gmail.com','$2b$10$Cv42bdNV0XsOdbD1NoHolum/1Rj7c6yR6aYZrYsnupT6Fww/o1rJi',1,'buyer'),(10,'user10@gmail.com','$2b$10$VaCy91W3p4OtK7ONxlNh.eWR9CjQr8DsTnjNzHfVipNqFyJuP/VBy',1,'buyer'),(11,'user11@gmail.com','$2b$10$t.xDHwCv0LdrmxCSbEM2Q.nbI8jFGpyyooIGAaGduSi4wIKJXcfzK',1,'buyer'),(12,'user12@gmail.com','$2b$10$3rPA7.9kl4Zzf8HACMD5mOlVWFI/kDayDfTj8w1NuLvhDlbyvkI/O',1,'buyer'),(13,'user13@gmail.com','$2b$10$HNip3zcWFdu81CsuvBIZLOa9jpHIVJ8O8UwwJL09T2WV21OLZ.jM.',1,'buyer'),(14,'user14@gmail.com','$2b$10$cc2feR5Jw0AMVI7mpv2j3OEY2TED36GUtmC1mt5Qpn1kLELcjajyi',1,'buyer'),(15,'user15@gmail.com','$2b$10$iKoe9ucEavA51pQI.J7dgOXcHR8ym8guIAPkBmhgZHNJSu9NDWj4W',1,'buyer'),(16,'user16@gmail.com','$2b$10$E8mChJhc9tAi.mwLhhqanOAIv9wtmJkBVgQVCDqbuvQOEEAS7nAra',1,'buyer'),(17,'user17@gmail.com','$2b$10$CGyNtIXhu6iZdOy4bcmEAuRjdwbD0Ai/14JM6uDN3n5DZzMQO/n5a',1,'buyer'),(18,'user18@gmail.com','$2b$10$OFlSrp8FR9.uR69Ffo21wOqEhBSTVlzMxSD5CU34BCXd0FfaUB.YC',1,'buyer'),(19,'user19@gmail.com','$2b$10$emdXIYBAA.oBfLDvgd1SheDe/7Kx.CPyrhn/mXtEJTKq9ikyHtpba',1,'buyer'),(20,'user20@gmail.com','$2b$10$y0Cz2sD8KG0UWfps23g2tuJf.pB6fFIoeaqXTf96DizlqDtKtYKIa',1,'buyer'),(21,'user21@gmail.com','$2b$10$5JaKEi8Up1R8gphvVYAFK.HAYCXKFMVstQK15OvzZKO4Ox3jsE20G',1,'buyer'),(22,'user22@gmail.com','$2b$10$QuxHDhgbqQsnnDD.B1XCSegXagt9BqnxizDteLqRLOFNEGKvwyvAW',1,'buyer'),(23,'user23@gmail.com','$2b$10$E/q71A827qJ2h9BZbHkAw./sgFj/VUBJWraynQLZvQoUVolVPG6ia',1,'buyer'),(24,'user24@gmail.com','$2b$10$unHZhyyi6UI7gjuriQAHo.ITGMlJx4r9rJZHj/0VNorsRlxl1euem',1,'buyer'),(25,'user25@gmail.com','$2b$10$r0aQ7vIhaGCZ42ldP1zBgu8gCIhsr7KN.AvHOGTV8gYrn0Oy4pmwC',1,'buyer'),(26,'user26@gmail.com','$2b$10$FNkVaD4S0XFAupkSLIjMuOrFOZIl2aioxyZQc8GpPDj47mIiib06e',1,'buyer'),(27,'user27@gmail.com','$2b$10$.VPTfKa1G6zAQsFvuBGIJ.983IZhJA6HLvIaeNW3CXbDDV5quFdyO',1,'buyer'),(28,'user28@gmail.com','$2b$10$YJgh/wBMsRES9QtkypXUi.H2xkx21/rc/Nl0tFEQSviIO7G0TbCji',1,'buyer'),(29,'user29@gmail.com','$2b$10$FSrbEb./mX30447/x/V0.OhOocF3QYA.qmX2PrW6wtd1UTY2F9gtO',1,'buyer'),(30,'user30@gmail.com','$2b$10$632zdzHcbqZDfwgJLSdC2.jCNnEx0/JLlawyf78Mh/2w6dnqUU8JW',1,'buyer'),(31,'user31@gmail.com','$2b$10$7D/rrfQ3lB/06WCVKsGMs.0eyqD.12LulmCRmfCyDZIqKlciVdwey',1,'buyer'),(32,'user32@gmail.com','$2b$10$hisxf0PMBuflN9ldS9SM3.02QtacipnQrhJkNdobyaWSy5sQNGYPe',1,'buyer'),(33,'user33@gmail.com','$2b$10$s7DCgxNojCXn2UpphHJ0WubzITdTV8996vljxLzwt9HtapnWHU2z2',1,'buyer'),(34,'user34@gmail.com','$2b$10$oyTJl9UjE.6xARFqPLvwAeE.O7JNgIZgclJIY0KHxI5vbViNuzAym',1,'buyer'),(35,'user35@gmail.com','$2b$10$rG8A3LJeA3yP8iwOc4uIuOoiXCUlMiaFqn5qF7LhCkXbWcm9JEz7a',1,'buyer'),(36,'user36@gmail.com','$2b$10$wH8dWdM.4LaaKly5VwkfsOAP/M8iJWDIZ5Gv6ie/wKpV2vaSXf/Sq',1,'buyer'),(37,'user37@gmail.com','$2b$10$NsGcW4w3RqEgWfO2zjz4U.FK6OfqScqQ0goIofMw5Or5pDZvp/pdm',1,'buyer'),(38,'user38@gmail.com','$2b$10$wirRG6XtSjMLYbuF6s5SpOdrxnXLHAJvYi1SW1nypEOBRg4GOEXCO',1,'buyer'),(39,'user39@gmail.com','$2b$10$tCOf/3/UXyOTjFv024xbtuIAX1tq5gHvoF7nM5ZvGfBqum73DN0y2',1,'buyer'),(40,'user40@gmail.com','$2b$10$RrXDHszTG.S2pXQLi55Gcuq2IZCpuj60WG4F8jDI7D4fa.Tj66JXm',1,'buyer'),(41,'user41@gmail.com','$2b$10$Yy0NYJgvsQCQpPGljDlHLeCh9ftnxSNMiH1Y2DR4KuIyA2dJicGrG',1,'buyer'),(42,'user42@gmail.com','$2b$10$T/2vePNOUn7zel61AQkiwOtV8al3iuGNpiSC3c7MvkmFASZwov0TC',1,'buyer'),(43,'user43@gmail.com','$2b$10$5EV73U3/XI7bfjew5t6njOXaSZwjjJZkfypUXZEk1RYy.54nwR1w2',1,'buyer'),(44,'user44@gmail.com','$2b$10$HjMnZxwtGOs0dfLF37OdSOlM82/7T3kWfG9QpveKFtzubygiDtY0.',1,'buyer'),(45,'user45@gmail.com','$2b$10$BaJzhSXbt.JUAaD6kQ7HNOKUsrr13AKlkqp3GhAxa/fnEeS7Q80UC',1,'buyer'),(46,'user46@gmail.com','$2b$10$uE7OYnRj/dmm5oyLVVOT4.OGCm.ILS1GD3c2dTeMFAG40li9rsMt6',1,'buyer'),(47,'user47@gmail.com','$2b$10$o8.BkSdnhrnp5uiUdh866u6Dc.yWw0jCbEcw3/YqAAO3YWzFotHl2',1,'buyer'),(48,'user48@gmail.com','$2b$10$XmvaBN.JGHb/nIafrYmiJexQpoTCRF1b73xqxPJlXbaw0aoKHX1rK',1,'buyer'),(49,'user49@gmail.com','$2b$10$RIWi7Rbc4KGqMTfqkPUyQuIwjEpVanxDmEe5D77XrAgJuc7EKSwmu',1,'buyer'),(50,'user50@gmail.com','$2b$10$q9CVMWbzTyrBWECq.3Djn.v9kF5oT3/L435pg/XEF2zpKvFHsMsNK',1,'buyer'),(51,'user51@gmail.com','$2b$10$4n4JL15zUp3psGBqLkYSReK.7.ADYjcA0Uy.gIHJzWs9OSLQ9IgZe',1,'seller'),(52,'user52@gmail.com','$2b$10$zjlIoehQaJ9FatDdFEnXSe12YYwGzYQCY2RgLHOMPrQSJoFKhDa0u',1,'seller'),(53,'user53@gmail.com','$2b$10$3NYOxRPMqO2WcEsnNv4S.eR1RKh61UFgbkQL4KBPxjNxTYjfa9/R6',1,'seller'),(54,'user54@gmail.com','$2b$10$cYufhBMelT0f37yFw0N.XuwKDBK9QNoCgSEcmNZUXDF1ynBr3sqYq',1,'seller'),(55,'user55@gmail.com','$2b$10$YgMtR9qepItff9HePecqD.N3TYrN44lpCXDtZhZA7OrfLibWpAas6',1,'seller'),(56,'user56@gmail.com','$2b$10$.gtkwyMMJNxZnkxjBJR1t.6IZO8QqIqEyMJbVLN8BADI5XnO2P8Ke',1,'seller'),(57,'user57@gmail.com','$2b$10$xRsI2kokZ9S.Cc75ib1jMuMKVLpeWYJaAmoydgYaeZVIHsItzAyJm',1,'seller'),(58,'user58@gmail.com','$2b$10$DnpDZqUbSxYafQ6bHmif8.JjV3Tfr7nGo7gTDAMe1OD/jqEPSHbci',1,'seller'),(59,'user59@gmail.com','$2b$10$mahj4gqCbVmHSgAd6OglkeEn3Kp3aEHoUjRgMYalqGlKKQcox.36G',1,'seller'),(60,'user60@gmail.com','$2b$10$IiG.B4GO8pAyvX1gU9SCmuVd5pzB6jOXyLTMaMzh8zhCYCYoikKHm',1,'seller'),(61,'user61@gmail.com','$2b$10$6MnxpsXa3zDO8zhiKeyqpef1EXqLLCKsSnCRQA9qjXgJQkTSiwbDS',1,'seller'),(62,'user62@gmail.com','$2b$10$BLE25ish/oZq8Z905Pbt3.Ngi0gBfv4Mug.Bu8fZyXn3KiO7BCjj6',1,'seller'),(63,'user63@gmail.com','$2b$10$.ZKIBp8DWP2YilUZiv6aQO919yQ/2EJQunqDbY1dXXW6jD8fpAZ0W',1,'seller'),(64,'user64@gmail.com','$2b$10$rBc5imG7g63NTWarcZ7WD.l.jVv2G7Wb/OrdrFL5mt2hpVpRbevay',1,'seller'),(65,'user65@gmail.com','$2b$10$8GmiJjFIryYNfHG2E1QrpOMrqVZzoKRa463gRZ88AhZHWTtJzEIne',1,'seller'),(66,'user66@gmail.com','$2b$10$YLAICyW2BwdQZbrzEM3ere4rYQBla78C19ZzYKXGEwboatYTNf6yi',1,'seller'),(67,'user67@gmail.com','$2b$10$jXcjLIqGjaoeq7mQJlA48uAQUznk8il/57cjAd30I39NEIhOJVcfK',1,'seller'),(68,'user68@gmail.com','$2b$10$DroHhEbaU7lY9m2JmMKFAeBTARilaotso76Xor2AtdI0hLt6zf/Yq',1,'seller'),(69,'user69@gmail.com','$2b$10$EaGDScydE1K6n5CajztQn.G4GTq3OAS965V/HvuPbGIBj1I3AYnre',1,'seller'),(70,'user70@gmail.com','$2b$10$Lpvm3IUPuJyHP3n2wc18yuAcQaIA7504VY303wnKUJgY.uBE.d50a',1,'seller'),(71,'user71@gmail.com','$2b$10$dK48beBOrpLEMAjkL2ki7eFq11viJwUlKiLhKaEb7cS.xJ.ljZabW',1,'seller'),(72,'user72@gmail.com','$2b$10$uB.RKSRzbiJQxnOUCI/oNuqT2d.E82Nx1OdN6QNSAlrvLU7iV0/oW',1,'seller'),(73,'user73@gmail.com','$2b$10$Q0ckX6CByAlFEBhprwc9nO0ykHeYU1wcoMprU824pdD/sgrMbyUrW',1,'seller'),(74,'user74@gmail.com','$2b$10$.RHFhx3afYPpxLjaAs0cSuFRzTEMD9qfd.7oJfQtFARp7viAxTm8u',1,'seller'),(75,'user75@gmail.com','$2b$10$wj2lP94iJdq4bQgKi6Myluh4Xx1P.hlwXOdhFQgUhpbY3VoMx306G',1,'seller'),(76,'user76@gmail.com','$2b$10$nwwCeSy/a9voZNyr4snXAOidFfNTyKPFzi6HPc79VQPZe0bXudFEG',1,'seller'),(77,'user77@gmail.com','$2b$10$Ql8r0BiRvdtDRyyzERinZeIyFidleAclbpFoTiawFUP02QvMtY/8O',1,'seller'),(78,'user78@gmail.com','$2b$10$h2sLYcQj/vpqsehvlAQf4.KyBU36Wf7za/3aD0/CJdyntoKBBUBgm',1,'seller'),(79,'user79@gmail.com','$2b$10$dpz9Rf/7uWKIrB44qHsuWuNfhSN1UyC7fbR0Tp82Xtx3.wu1ro7KC',1,'seller'),(80,'user80@gmail.com','$2b$10$gG9XWcAG.VuYfP61DP5Uw.mb4SmfMh8XYc9aZUXkO7rQ1ZtrxtXsm',1,'seller'),(81,'user81@gmail.com','$2b$10$zNb5WDEIqdmBWA0TI25GjeylV8mnmb/Y/TtnjQCapFpWgiRHoFEVa',1,'seller'),(82,'user82@gmail.com','$2b$10$zts9fazY0WND7Iy.BOm5v.IYBrl/ZlTMac.U3iREyky9mhrc7dF5u',1,'seller'),(83,'user83@gmail.com','$2b$10$TjzVcqLgLAvvrVG3v2eQzuI/g78brqV7FhFv3/o9uYRlQsargJG0i',1,'seller'),(84,'user84@gmail.com','$2b$10$zqgRjsiKgQwtkSzvgBLds.zlVCwX5Nt/TutO3AJVrrK3cHpbZooju',1,'seller'),(85,'user85@gmail.com','$2b$10$apkvgMtJvGUojLcINjSaH.fvDZojwDOs6Oxpnf5PO.oFXxeUNKkem',1,'seller'),(86,'user86@gmail.com','$2b$10$gWUpQ6OuOWgMhUjmdhhb4.4.87WSLTeWeFJW8xxR/yGp5n69EeX0S',1,'seller'),(87,'user87@gmail.com','$2b$10$X7sq6qbhn0MJiqoxQdAfs.SktiRJwnz.EZ5T4hdJSZoIhytkOleQ.',1,'seller'),(88,'user88@gmail.com','$2b$10$BE/h5rYYWWAVO8/Vu5AlbO9jgRFwxQfJ38piixCxvKeOwYxE8IJtO',1,'seller'),(89,'user89@gmail.com','$2b$10$kTxP4dQ7sHtGdIKBH.40oObm78UDr/5m9majzj8uakx2..cznjQp6',1,'seller'),(90,'user90@gmail.com','$2b$10$V/zH3OWgk0FSQ0VRpt9.TeaeASE4kA77fDjUVYha2FeFtdkM4oX1K',1,'seller'),(91,'user91@gmail.com','$2b$10$TXyx.dSaa3CeKvpr3GHNB.qBgQbGkiNHpix/inQjybvqSuF0xSOQm',1,'seller'),(92,'user92@gmail.com','$2b$10$x/VBhG/DFLMpYbZqH44mp.jO.T.llcNZTzYfqHEApGmYA4S/Ylrkm',1,'seller'),(93,'user93@gmail.com','$2b$10$5HRXtHUI7E0sZzzVMPuWsuiw2R4mfR2UmBkGkIJBZ5qAYs04nHrn6',1,'seller'),(94,'user94@gmail.com','$2b$10$soQ/6fh0Zzn2EIgzaaoE3ux/W7..vmSWyuZ2HK/SNzMlvCZIxA.li',1,'seller'),(95,'user95@gmail.com','$2b$10$4bXtLszqfcBbH7qvMi0YfOJ4hnJ.amKppTLwqkjqy3C1FSMamb.nq',1,'seller'),(96,'user96@gmail.com','$2b$10$OAO0z/HY7ilQnjnAM8crze.lt515ovJXM9cDyTablpFVphpdYGTti',1,'seller'),(97,'user97@gmail.com','$2b$10$pbzoUv8Ih3mEqQ/RpR3VUO29fEnMVU7jVUE9NEnMYK1nks5BFprc6',1,'seller'),(98,'user98@gmail.com','$2b$10$0n4/rH3Bn.47gNfRf1Fk2.b8.J.siZ1VkOGfFK43uw2Mgefe8JIvy',1,'seller'),(99,'user99@gmail.com','$2b$10$SuhC2UI47Tb6eKUqgMS7/uzZobq0MYAM75Z0O3dWNRM3JJIx2mYfS',1,'seller'),(100,'user100@gmail.com','$2b$10$bvN3dWcjODZeKjTFhM1gKOecELyT3jTShntb.01wFvmZ1QzStkgTK',1,'seller');
/*!40000 ALTER TABLE `accounts` ENABLE KEYS */;
UNLOCK TABLES;

--
-- Table structure for table `buyers`
--

DROP TABLE IF EXISTS `buyers`;
/*!40101 SET @saved_cs_client     = @@character_set_client */;
/*!50503 SET character_set_client = utf8mb4 */;
CREATE TABLE `buyers` (
  `id` int NOT NULL AUTO_INCREMENT,
  `accountId` int NOT NULL,
  `name` varchar(255) DEFAULT NULL,
  `phone` varchar(255) DEFAULT NULL,
  `address` varchar(255) DEFAULT NULL,
  `avatarUrl` varchar(255) DEFAULT NULL,
  `isActive` tinyint(1) DEFAULT '1',
  `createdAt` datetime NOT NULL,
  `updatedAt` datetime NOT NULL,
  PRIMARY KEY (`id`),
  UNIQUE KEY `id` (`id`),
  KEY `accountId` (`accountId`),
  CONSTRAINT `buyers_ibfk_1` FOREIGN KEY (`accountId`) REFERENCES `accounts` (`id`) ON DELETE CASCADE ON UPDATE CASCADE
) ENGINE=InnoDB AUTO_INCREMENT=51 DEFAULT CHARSET=utf8mb4 COLLATE=utf8mb4_0900_ai_ci;
/*!40101 SET character_set_client = @saved_cs_client */;

--
-- Dumping data for table `buyers`
--

LOCK TABLES `buyers` WRITE;
/*!40000 ALTER TABLE `buyers` DISABLE KEYS */;
INSERT INTO `buyers` VALUES (1,1,'buyer_1','0123456781','Address 1','https://icons.veryicon.com/png/o/miscellaneous/rookie-official-icon-gallery/225-default-avatar.png',1,'2025-07-31 02:43:15','2025-07-31 02:43:15'),(2,2,'buyer_2','0123456782','Address 2','https://icons.veryicon.com/png/o/miscellaneous/rookie-official-icon-gallery/225-default-avatar.png',1,'2025-07-31 02:43:15','2025-07-31 02:43:15'),(3,3,'buyer_3','0123456783','Address 3','https://icons.veryicon.com/png/o/miscellaneous/rookie-official-icon-gallery/225-default-avatar.png',1,'2025-07-31 02:43:15','2025-07-31 02:43:15'),(4,4,'buyer_4','0123456784','Address 4','https://icons.veryicon.com/png/o/miscellaneous/rookie-official-icon-gallery/225-default-avatar.png',1,'2025-07-31 02:43:15','2025-07-31 02:43:15'),(5,5,'buyer_5','0123456785','Address 5','https://icons.veryicon.com/png/o/miscellaneous/rookie-official-icon-gallery/225-default-avatar.png',1,'2025-07-31 02:43:15','2025-07-31 02:43:15'),(6,6,'buyer_6','0123456786','Address 6','https://icons.veryicon.com/png/o/miscellaneous/rookie-official-icon-gallery/225-default-avatar.png',1,'2025-07-31 02:43:15','2025-07-31 02:43:15'),(7,7,'buyer_7','0123456787','Address 7','https://icons.veryicon.com/png/o/miscellaneous/rookie-official-icon-gallery/225-default-avatar.png',1,'2025-07-31 02:43:15','2025-07-31 02:43:15'),(8,8,'buyer_8','0123456788','Address 8','https://icons.veryicon.com/png/o/miscellaneous/rookie-official-icon-gallery/225-default-avatar.png',1,'2025-07-31 02:43:15','2025-07-31 02:43:15'),(9,9,'buyer_9','0123456789','Address 9','https://icons.veryicon.com/png/o/miscellaneous/rookie-official-icon-gallery/225-default-avatar.png',1,'2025-07-31 02:43:16','2025-07-31 02:43:16'),(10,10,'buyer_10','01234567810','Address 10','https://icons.veryicon.com/png/o/miscellaneous/rookie-official-icon-gallery/225-default-avatar.png',1,'2025-07-31 02:43:16','2025-07-31 02:43:16'),(11,11,'buyer_11','01234567811','Address 11','https://icons.veryicon.com/png/o/miscellaneous/rookie-official-icon-gallery/225-default-avatar.png',1,'2025-07-31 02:43:16','2025-07-31 02:43:16'),(12,12,'buyer_12','01234567812','Address 12','https://icons.veryicon.com/png/o/miscellaneous/rookie-official-icon-gallery/225-default-avatar.png',1,'2025-07-31 02:43:16','2025-07-31 02:43:16'),(13,13,'buyer_13','01234567813','Address 13','https://icons.veryicon.com/png/o/miscellaneous/rookie-official-icon-gallery/225-default-avatar.png',1,'2025-07-31 02:43:16','2025-07-31 02:43:16'),(14,14,'buyer_14','01234567814','Address 14','https://icons.veryicon.com/png/o/miscellaneous/rookie-official-icon-gallery/225-default-avatar.png',1,'2025-07-31 02:43:16','2025-07-31 02:43:16'),(15,15,'buyer_15','01234567815','Address 15','https://icons.veryicon.com/png/o/miscellaneous/rookie-official-icon-gallery/225-default-avatar.png',1,'2025-07-31 02:43:16','2025-07-31 02:43:16'),(16,16,'buyer_16','01234567816','Address 16','https://icons.veryicon.com/png/o/miscellaneous/rookie-official-icon-gallery/225-default-avatar.png',1,'2025-07-31 02:43:16','2025-07-31 02:43:16'),(17,17,'buyer_17','01234567817','Address 17','https://icons.veryicon.com/png/o/miscellaneous/rookie-official-icon-gallery/225-default-avatar.png',1,'2025-07-31 02:43:16','2025-07-31 02:43:16'),(18,18,'buyer_18','01234567818','Address 18','https://icons.veryicon.com/png/o/miscellaneous/rookie-official-icon-gallery/225-default-avatar.png',1,'2025-07-31 02:43:16','2025-07-31 02:43:16'),(19,19,'buyer_19','01234567819','Address 19','https://icons.veryicon.com/png/o/miscellaneous/rookie-official-icon-gallery/225-default-avatar.png',1,'2025-07-31 02:43:16','2025-07-31 02:43:16'),(20,20,'buyer_20','01234567820','Address 20','https://icons.veryicon.com/png/o/miscellaneous/rookie-official-icon-gallery/225-default-avatar.png',1,'2025-07-31 02:43:16','2025-07-31 02:43:16'),(21,21,'buyer_21','01234567821','Address 21','https://icons.veryicon.com/png/o/miscellaneous/rookie-official-icon-gallery/225-default-avatar.png',1,'2025-07-31 02:43:16','2025-07-31 02:43:16'),(22,22,'buyer_22','01234567822','Address 22','https://icons.veryicon.com/png/o/miscellaneous/rookie-official-icon-gallery/225-default-avatar.png',1,'2025-07-31 02:43:16','2025-07-31 02:43:16'),(23,23,'buyer_23','01234567823','Address 23','https://icons.veryicon.com/png/o/miscellaneous/rookie-official-icon-gallery/225-default-avatar.png',1,'2025-07-31 02:43:16','2025-07-31 02:43:16'),(24,24,'buyer_24','01234567824','Address 24','https://icons.veryicon.com/png/o/miscellaneous/rookie-official-icon-gallery/225-default-avatar.png',1,'2025-07-31 02:43:17','2025-07-31 02:43:17'),(25,25,'buyer_25','01234567825','Address 25','https://icons.veryicon.com/png/o/miscellaneous/rookie-official-icon-gallery/225-default-avatar.png',1,'2025-07-31 02:43:17','2025-07-31 02:43:17'),(26,26,'buyer_26','01234567826','Address 26','https://icons.veryicon.com/png/o/miscellaneous/rookie-official-icon-gallery/225-default-avatar.png',1,'2025-07-31 02:43:17','2025-07-31 02:43:17'),(27,27,'buyer_27','01234567827','Address 27','https://icons.veryicon.com/png/o/miscellaneous/rookie-official-icon-gallery/225-default-avatar.png',1,'2025-07-31 02:43:17','2025-07-31 02:43:17'),(28,28,'buyer_28','01234567828','Address 28','https://icons.veryicon.com/png/o/miscellaneous/rookie-official-icon-gallery/225-default-avatar.png',1,'2025-07-31 02:43:17','2025-07-31 02:43:17'),(29,29,'buyer_29','01234567829','Address 29','https://icons.veryicon.com/png/o/miscellaneous/rookie-official-icon-gallery/225-default-avatar.png',1,'2025-07-31 02:43:17','2025-07-31 02:43:17'),(30,30,'buyer_30','01234567830','Address 30','https://icons.veryicon.com/png/o/miscellaneous/rookie-official-icon-gallery/225-default-avatar.png',1,'2025-07-31 02:43:17','2025-07-31 02:43:17'),(31,31,'buyer_31','01234567831','Address 31','https://icons.veryicon.com/png/o/miscellaneous/rookie-official-icon-gallery/225-default-avatar.png',1,'2025-07-31 02:43:17','2025-07-31 02:43:17'),(32,32,'buyer_32','01234567832','Address 32','https://icons.veryicon.com/png/o/miscellaneous/rookie-official-icon-gallery/225-default-avatar.png',1,'2025-07-31 02:43:17','2025-07-31 02:43:17'),(33,33,'buyer_33','01234567833','Address 33','https://icons.veryicon.com/png/o/miscellaneous/rookie-official-icon-gallery/225-default-avatar.png',1,'2025-07-31 02:43:17','2025-07-31 02:43:17'),(34,34,'buyer_34','01234567834','Address 34','https://icons.veryicon.com/png/o/miscellaneous/rookie-official-icon-gallery/225-default-avatar.png',1,'2025-07-31 02:43:17','2025-07-31 02:43:17'),(35,35,'buyer_35','01234567835','Address 35','https://icons.veryicon.com/png/o/miscellaneous/rookie-official-icon-gallery/225-default-avatar.png',1,'2025-07-31 02:43:17','2025-07-31 02:43:17'),(36,36,'buyer_36','01234567836','Address 36','https://icons.veryicon.com/png/o/miscellaneous/rookie-official-icon-gallery/225-default-avatar.png',1,'2025-07-31 02:43:17','2025-07-31 02:43:17'),(37,37,'buyer_37','01234567837','Address 37','https://icons.veryicon.com/png/o/miscellaneous/rookie-official-icon-gallery/225-default-avatar.png',1,'2025-07-31 02:43:17','2025-07-31 02:43:17'),(38,38,'buyer_38','01234567838','Address 38','https://icons.veryicon.com/png/o/miscellaneous/rookie-official-icon-gallery/225-default-avatar.png',1,'2025-07-31 02:43:17','2025-07-31 02:43:17'),(39,39,'buyer_39','01234567839','Address 39','https://icons.veryicon.com/png/o/miscellaneous/rookie-official-icon-gallery/225-default-avatar.png',1,'2025-07-31 02:43:18','2025-07-31 02:43:18'),(40,40,'buyer_40','01234567840','Address 40','https://icons.veryicon.com/png/o/miscellaneous/rookie-official-icon-gallery/225-default-avatar.png',1,'2025-07-31 02:43:18','2025-07-31 02:43:18'),(41,41,'buyer_41','01234567841','Address 41','https://icons.veryicon.com/png/o/miscellaneous/rookie-official-icon-gallery/225-default-avatar.png',1,'2025-07-31 02:43:18','2025-07-31 02:43:18'),(42,42,'buyer_42','01234567842','Address 42','https://icons.veryicon.com/png/o/miscellaneous/rookie-official-icon-gallery/225-default-avatar.png',1,'2025-07-31 02:43:18','2025-07-31 02:43:18'),(43,43,'buyer_43','01234567843','Address 43','https://icons.veryicon.com/png/o/miscellaneous/rookie-official-icon-gallery/225-default-avatar.png',1,'2025-07-31 02:43:18','2025-07-31 02:43:18'),(44,44,'buyer_44','01234567844','Address 44','https://icons.veryicon.com/png/o/miscellaneous/rookie-official-icon-gallery/225-default-avatar.png',1,'2025-07-31 02:43:18','2025-07-31 02:43:18'),(45,45,'buyer_45','01234567845','Address 45','https://icons.veryicon.com/png/o/miscellaneous/rookie-official-icon-gallery/225-default-avatar.png',1,'2025-07-31 02:43:18','2025-07-31 02:43:18'),(46,46,'buyer_46','01234567846','Address 46','https://icons.veryicon.com/png/o/miscellaneous/rookie-official-icon-gallery/225-default-avatar.png',1,'2025-07-31 02:43:18','2025-07-31 02:43:18'),(47,47,'buyer_47','01234567847','Address 47','https://icons.veryicon.com/png/o/miscellaneous/rookie-official-icon-gallery/225-default-avatar.png',1,'2025-07-31 02:43:18','2025-07-31 02:43:18'),(48,48,'buyer_48','01234567848','Address 48','https://icons.veryicon.com/png/o/miscellaneous/rookie-official-icon-gallery/225-default-avatar.png',1,'2025-07-31 02:43:18','2025-07-31 02:43:18'),(49,49,'buyer_49','01234567849','Address 49','https://icons.veryicon.com/png/o/miscellaneous/rookie-official-icon-gallery/225-default-avatar.png',1,'2025-07-31 02:43:18','2025-07-31 02:43:18'),(50,50,'buyer_50','01234567850','Address 50','https://icons.veryicon.com/png/o/miscellaneous/rookie-official-icon-gallery/225-default-avatar.png',1,'2025-07-31 02:43:18','2025-07-31 02:43:18');
/*!40000 ALTER TABLE `buyers` ENABLE KEYS */;
UNLOCK TABLES;

--
-- Table structure for table `carts`
--

DROP TABLE IF EXISTS `carts`;
/*!40101 SET @saved_cs_client     = @@character_set_client */;
/*!50503 SET character_set_client = utf8mb4 */;
CREATE TABLE `carts` (
  `buyerId` int NOT NULL,
  `productId` int NOT NULL,
  `quantity` int NOT NULL DEFAULT '1',
  `isActive` tinyint(1) DEFAULT '1',
  `createdAt` datetime NOT NULL,
  `updatedAt` datetime NOT NULL,
  PRIMARY KEY (`buyerId`,`productId`),
  UNIQUE KEY `carts_buyerId_productId_unique` (`buyerId`,`productId`),
  KEY `productId` (`productId`),
  CONSTRAINT `carts_ibfk_1` FOREIGN KEY (`buyerId`) REFERENCES `buyers` (`id`) ON DELETE CASCADE ON UPDATE CASCADE,
  CONSTRAINT `carts_ibfk_2` FOREIGN KEY (`productId`) REFERENCES `products` (`id`) ON DELETE CASCADE ON UPDATE CASCADE
) ENGINE=InnoDB DEFAULT CHARSET=utf8mb4 COLLATE=utf8mb4_0900_ai_ci;
/*!40101 SET character_set_client = @saved_cs_client */;

--
-- Dumping data for table `carts`
--

LOCK TABLES `carts` WRITE;
/*!40000 ALTER TABLE `carts` DISABLE KEYS */;
INSERT INTO `carts` VALUES (1,4,60,0,'2025-08-01 09:31:02','2025-08-04 05:56:45'),(1,5,1,0,'2025-08-01 01:23:39','2025-08-01 03:14:46'),(1,7,1,0,'2025-07-31 10:28:31','2025-08-01 03:11:35'),(1,37,8,0,'2025-08-01 09:15:37','2025-08-01 09:28:38'),(1,44,1,0,'2025-08-01 01:08:46','2025-08-01 03:15:28'),(1,59,1,0,'2025-08-01 10:00:38','2025-08-01 10:00:42'),(1,62,1,0,'2025-07-31 02:51:38','2025-08-01 03:17:34'),(1,91,1,0,'2025-07-31 02:57:11','2025-08-01 03:20:37'),(1,111,1,0,'2025-08-01 09:25:51','2025-08-01 09:40:05'),(1,127,1,0,'2025-07-31 02:57:02','2025-08-01 03:22:37'),(1,140,1,0,'2025-07-31 02:56:54','2025-08-01 03:25:03'),(1,142,1,0,'2025-07-31 02:56:13','2025-08-01 03:26:18'),(1,147,1,0,'2025-08-01 01:51:06','2025-08-01 03:29:27'),(1,160,1,0,'2025-08-01 01:08:50','2025-08-01 03:31:15'),(1,163,2,0,'2025-08-01 09:43:47','2025-08-04 05:56:45'),(1,186,3,0,'2025-07-31 10:30:30','2025-08-04 05:56:55'),(1,190,1,0,'2025-07-31 10:32:37','2025-08-01 09:41:41'),(1,285,1,0,'2025-08-01 09:19:29','2025-08-01 09:41:43'),(1,303,1,0,'2025-07-31 02:46:18','2025-08-01 09:41:45'),(1,311,1,0,'2025-08-04 06:34:45','2025-08-04 06:35:00'),(1,342,1,0,'2025-07-31 02:46:21','2025-08-01 09:44:25'),(1,357,4,0,'2025-08-01 09:44:20','2025-08-04 06:00:57'),(1,407,1,0,'2025-07-31 10:41:06','2025-08-01 09:44:29'),(1,464,1,0,'2025-07-31 02:56:51','2025-07-31 03:04:00'),(1,512,1,0,'2025-08-01 01:16:41','2025-08-01 01:16:54'),(1,566,1,0,'2025-07-31 10:31:26','2025-07-31 10:31:41'),(1,610,2,0,'2025-07-31 10:24:27','2025-07-31 10:24:44'),(1,629,1,0,'2025-07-31 10:29:05','2025-07-31 10:29:25'),(1,638,1,0,'2025-07-31 05:49:11','2025-07-31 10:21:05'),(1,659,1,0,'2025-08-01 09:21:44','2025-08-04 06:35:24'),(1,702,1,0,'2025-08-01 01:51:12','2025-08-01 01:51:26'),(1,703,1,0,'2025-07-31 02:57:06','2025-07-31 05:50:37'),(1,716,1,0,'2025-08-01 01:51:16','2025-08-01 02:27:16'),(1,718,1,0,'2025-07-31 10:34:00','2025-07-31 10:35:13'),(1,726,1,1,'2025-08-04 05:56:37','2025-08-04 05:56:37'),(1,749,1,0,'2025-07-31 10:27:06','2025-07-31 10:27:16'),(1,775,1,0,'2025-08-01 02:56:22','2025-08-01 02:56:31'),(1,778,1,0,'2025-07-31 10:21:25','2025-07-31 10:21:44'),(1,821,1,1,'2025-08-01 09:18:21','2025-08-01 09:18:21'),(1,833,1,0,'2025-07-31 02:56:10','2025-07-31 05:48:15'),(1,840,1,0,'2025-07-31 10:29:32','2025-07-31 10:29:40'),(1,918,1,1,'2025-08-01 09:15:23','2025-08-01 09:15:23'),(1,952,1,1,'2025-08-01 02:54:18','2025-08-01 02:54:18'),(1,999,1,0,'2025-08-01 02:27:05','2025-08-01 02:35:25');
/*!40000 ALTER TABLE `carts` ENABLE KEYS */;
UNLOCK TABLES;

--
-- Table structure for table `categories`
--

DROP TABLE IF EXISTS `categories`;
/*!40101 SET @saved_cs_client     = @@character_set_client */;
/*!50503 SET character_set_client = utf8mb4 */;
CREATE TABLE `categories` (
  `id` int NOT NULL AUTO_INCREMENT,
  `shopId` int NOT NULL,
  `name` varchar(255) NOT NULL,
  `isActive` tinyint(1) DEFAULT '1',
  `createdAt` datetime NOT NULL,
  `updatedAt` datetime NOT NULL,
  PRIMARY KEY (`id`,`shopId`),
  KEY `shopId` (`shopId`),
  CONSTRAINT `categories_ibfk_1` FOREIGN KEY (`shopId`) REFERENCES `sellers` (`id`) ON DELETE CASCADE ON UPDATE CASCADE
) ENGINE=InnoDB AUTO_INCREMENT=504 DEFAULT CHARSET=utf8mb4 COLLATE=utf8mb4_0900_ai_ci;
/*!40101 SET character_set_client = @saved_cs_client */;

--
-- Dumping data for table `categories`
--

LOCK TABLES `categories` WRITE;
/*!40000 ALTER TABLE `categories` DISABLE KEYS */;
INSERT INTO `categories` VALUES (1,1,'Toys & Games',1,'2025-07-31 02:44:11','2025-07-31 02:44:11'),(2,1,'Books',1,'2025-07-31 02:44:11','2025-07-31 02:44:11'),(3,1,'Pet Supplies',1,'2025-07-31 02:44:11','2025-07-31 02:44:11'),(4,1,'Video Games',1,'2025-07-31 02:44:11','2025-07-31 02:44:11'),(5,1,'Headphones',1,'2025-07-31 02:44:11','2025-07-31 02:44:11'),(6,1,'Camping & Hiking',1,'2025-07-31 02:44:11','2025-07-31 02:44:11'),(7,1,'Tools & Hardware',1,'2025-07-31 02:44:11','2025-07-31 02:44:11'),(8,1,'Health & Wellness',1,'2025-07-31 02:44:11','2025-07-31 02:44:11'),(9,1,'Clothing - Men',1,'2025-07-31 02:44:11','2025-07-31 02:44:11'),(10,1,'Wearable Tech',1,'2025-07-31 02:44:11','2025-07-31 02:44:11'),(11,2,'Office Equipment',1,'2025-07-31 02:44:11','2025-07-31 02:44:11'),(12,2,'Jewelry',1,'2025-07-31 02:44:11','2025-07-31 02:44:11'),(13,2,'Lighting',1,'2025-07-31 02:44:11','2025-07-31 02:44:11'),(14,2,'Cameras',1,'2025-07-31 02:44:11','2025-07-31 02:44:11'),(15,2,'Clothing - Kids',1,'2025-07-31 02:44:11','2025-07-31 02:44:11'),(16,2,'Clothing - Women',1,'2025-07-31 02:44:11','2025-07-31 02:44:11'),(17,2,'Garden & Outdoor',1,'2025-07-31 02:44:11','2025-07-31 02:44:11'),(18,2,'Skincare',1,'2025-07-31 02:44:11','2025-07-31 02:44:11'),(19,2,'Beauty Products',1,'2025-07-31 02:44:11','2025-07-31 02:44:11'),(20,2,'Pet Supplies',1,'2025-07-31 02:44:11','2025-07-31 02:44:11'),(21,3,'Cookware',1,'2025-07-31 02:44:11','2025-07-31 02:44:11'),(22,3,'Beauty Products',1,'2025-07-31 02:44:11','2025-07-31 02:44:11'),(23,3,'Pet Supplies',1,'2025-07-31 02:44:11','2025-07-31 02:44:11'),(24,3,'Garden & Outdoor',1,'2025-07-31 02:44:11','2025-07-31 02:44:11'),(25,3,'Sports Equipment',1,'2025-07-31 02:44:11','2025-07-31 02:44:11'),(26,3,'Hair Care',1,'2025-07-31 02:44:11','2025-07-31 02:44:11'),(27,3,'Electronics',1,'2025-07-31 02:44:11','2025-07-31 02:44:11'),(28,3,'Video Games',1,'2025-07-31 02:44:11','2025-07-31 02:44:11'),(29,3,'Lighting',1,'2025-07-31 02:44:11','2025-07-31 02:44:11'),(30,3,'Smartphones',1,'2025-07-31 02:44:11','2025-07-31 02:44:11'),(31,4,'Beauty Products',1,'2025-07-31 02:44:11','2025-07-31 02:44:11'),(32,4,'Headphones',1,'2025-07-31 02:44:11','2025-07-31 02:44:11'),(33,4,'Laptops',1,'2025-07-31 02:44:11','2025-07-31 02:44:11'),(34,4,'Televisions',1,'2025-07-31 02:44:11','2025-07-31 02:44:11'),(35,4,'Clothing - Kids',1,'2025-07-31 02:44:11','2025-07-31 02:44:11'),(36,4,'Video Games',1,'2025-07-31 02:44:11','2025-07-31 02:44:11'),(37,4,'Footwear',1,'2025-07-31 02:44:11','2025-07-31 02:44:11'),(38,4,'Cookware',1,'2025-07-31 02:44:11','2025-07-31 02:44:11'),(39,4,'Personal Care',1,'2025-07-31 02:44:11','2025-07-31 02:44:11'),(40,4,'Cleaning Supplies',1,'2025-07-31 02:44:11','2025-07-31 02:44:11'),(41,5,'Stationery',1,'2025-07-31 02:44:11','2025-07-31 02:44:11'),(42,5,'Gift Items',1,'2025-07-31 02:44:11','2025-07-31 02:44:11'),(43,5,'Beauty Products',1,'2025-07-31 02:44:11','2025-07-31 02:44:11'),(44,5,'Collectibles',1,'2025-07-31 02:44:11','2025-07-31 02:44:11'),(45,5,'Electronics',1,'2025-07-31 02:44:11','2025-07-31 02:44:11'),(46,5,'Groceries',1,'2025-07-31 02:44:11','2025-07-31 02:44:11'),(47,5,'Footwear',1,'2025-07-31 02:44:11','2025-07-31 02:44:11'),(48,5,'Cleaning Supplies',1,'2025-07-31 02:44:11','2025-07-31 02:44:11'),(49,5,'Garden & Outdoor',1,'2025-07-31 02:44:11','2025-07-31 02:44:11'),(50,5,'Office Equipment',1,'2025-07-31 02:44:11','2025-07-31 02:44:11'),(51,6,'Electronics',1,'2025-07-31 02:44:11','2025-07-31 02:44:11'),(52,6,'Wearable Tech',1,'2025-07-31 02:44:11','2025-07-31 02:44:11'),(53,6,'Personal Care',1,'2025-07-31 02:44:11','2025-07-31 02:44:11'),(54,6,'Baby Products',1,'2025-07-31 02:44:11','2025-07-31 02:44:11'),(55,6,'Cleaning Supplies',1,'2025-07-31 02:44:11','2025-07-31 02:44:11'),(56,6,'Smartphones',1,'2025-07-31 02:44:11','2025-07-31 02:44:11'),(57,6,'Snacks & Beverages',1,'2025-07-31 02:44:11','2025-07-31 02:44:11'),(58,6,'Art & Craft Supplies',1,'2025-07-31 02:44:11','2025-07-31 02:44:11'),(59,6,'Hair Care',1,'2025-07-31 02:44:11','2025-07-31 02:44:11'),(60,6,'Televisions',1,'2025-07-31 02:44:11','2025-07-31 02:44:11'),(61,7,'Home Decor',1,'2025-07-31 02:44:11','2025-07-31 02:44:11'),(62,7,'Toys & Games',1,'2025-07-31 02:44:11','2025-07-31 02:44:11'),(63,7,'Tools & Hardware',1,'2025-07-31 02:44:11','2025-07-31 02:44:11'),(64,7,'Office Equipment',1,'2025-07-31 02:44:11','2025-07-31 02:44:11'),(65,7,'Tablets',1,'2025-07-31 02:44:11','2025-07-31 02:44:11'),(66,7,'Cameras',1,'2025-07-31 02:44:11','2025-07-31 02:44:11'),(67,7,'Stationery',1,'2025-07-31 02:44:11','2025-07-31 02:44:11'),(68,7,'Books',1,'2025-07-31 02:44:11','2025-07-31 02:44:11'),(69,7,'Skincare',1,'2025-07-31 02:44:11','2025-07-31 02:44:11'),(70,7,'Laptops',1,'2025-07-31 02:44:11','2025-07-31 02:44:11'),(71,8,'Wearable Tech',1,'2025-07-31 02:44:11','2025-07-31 02:44:11'),(72,8,'Automotive Parts',1,'2025-07-31 02:44:11','2025-07-31 02:44:11'),(73,8,'Books',1,'2025-07-31 02:44:11','2025-07-31 02:44:11'),(74,8,'Office Equipment',1,'2025-07-31 02:44:11','2025-07-31 02:44:11'),(75,8,'Clothing - Kids',1,'2025-07-31 02:44:11','2025-07-31 02:44:11'),(76,8,'Lighting',1,'2025-07-31 02:44:11','2025-07-31 02:44:11'),(77,8,'Stationery',1,'2025-07-31 02:44:11','2025-07-31 02:44:11'),(78,8,'Gift Items',1,'2025-07-31 02:44:11','2025-07-31 02:44:11'),(79,8,'Kitchen Appliances',1,'2025-07-31 02:44:11','2025-07-31 02:44:11'),(80,8,'Snacks & Beverages',1,'2025-07-31 02:44:11','2025-07-31 02:44:11'),(81,9,'Cookware',1,'2025-07-31 02:44:11','2025-07-31 02:44:11'),(82,9,'Cameras',1,'2025-07-31 02:44:11','2025-07-31 02:44:11'),(83,9,'Baby Products',1,'2025-07-31 02:44:11','2025-07-31 02:44:11'),(84,9,'Tablets',1,'2025-07-31 02:44:11','2025-07-31 02:44:11'),(85,9,'Garden & Outdoor',1,'2025-07-31 02:44:11','2025-07-31 02:44:11'),(86,9,'Stationery',1,'2025-07-31 02:44:11','2025-07-31 02:44:11'),(87,9,'Footwear',1,'2025-07-31 02:44:11','2025-07-31 02:44:11'),(88,9,'Headphones',1,'2025-07-31 02:44:11','2025-07-31 02:44:11'),(89,9,'Furniture',1,'2025-07-31 02:44:11','2025-07-31 02:44:11'),(90,9,'Groceries',1,'2025-07-31 02:44:11','2025-07-31 02:44:11'),(91,10,'Smartphones',1,'2025-07-31 02:44:11','2025-07-31 02:44:11'),(92,10,'Office Equipment',1,'2025-07-31 02:44:11','2025-07-31 02:44:11'),(93,10,'School Supplies',1,'2025-07-31 02:44:11','2025-07-31 02:44:11'),(94,10,'Clothing - Kids',1,'2025-07-31 02:44:11','2025-07-31 02:44:11'),(95,10,'Home Decor',1,'2025-07-31 02:44:11','2025-07-31 02:44:11'),(96,10,'Sports Equipment',1,'2025-07-31 02:44:11','2025-07-31 02:44:11'),(97,10,'Health & Wellness',1,'2025-07-31 02:44:11','2025-07-31 02:44:11'),(98,10,'Cookware',1,'2025-07-31 02:44:11','2025-07-31 02:44:11'),(99,10,'Tools & Hardware',1,'2025-07-31 02:44:11','2025-07-31 02:44:11'),(100,10,'Watches',1,'2025-07-31 02:44:11','2025-07-31 02:44:11'),(101,11,'Collectibles',1,'2025-07-31 02:44:11','2025-07-31 02:44:11'),(102,11,'Personal Care',1,'2025-07-31 02:44:11','2025-07-31 02:44:11'),(103,11,'Jewelry',1,'2025-07-31 02:44:11','2025-07-31 02:44:11'),(104,11,'Cookware',1,'2025-07-31 02:44:11','2025-07-31 02:44:11'),(105,11,'Groceries',1,'2025-07-31 02:44:11','2025-07-31 02:44:11'),(106,11,'Kitchen Appliances',1,'2025-07-31 02:44:11','2025-07-31 02:44:11'),(107,11,'Electronics',1,'2025-07-31 02:44:11','2025-07-31 02:44:11'),(108,11,'Televisions',1,'2025-07-31 02:44:11','2025-07-31 02:44:11'),(109,11,'Home Decor',1,'2025-07-31 02:44:11','2025-07-31 02:44:11'),(110,11,'Skincare',1,'2025-07-31 02:44:11','2025-07-31 02:44:11'),(111,12,'Kitchen Appliances',1,'2025-07-31 02:44:11','2025-07-31 02:44:11'),(112,12,'Televisions',1,'2025-07-31 02:44:11','2025-07-31 02:44:11'),(113,12,'Baby Products',1,'2025-07-31 02:44:11','2025-07-31 02:44:11'),(114,12,'Furniture',1,'2025-07-31 02:44:11','2025-07-31 02:44:11'),(115,12,'Tools & Hardware',1,'2025-07-31 02:44:11','2025-07-31 02:44:11'),(116,12,'Beauty Products',1,'2025-07-31 02:44:11','2025-07-31 02:44:11'),(117,12,'Electronics',1,'2025-07-31 02:44:11','2025-07-31 02:44:11'),(118,12,'Camping & Hiking',1,'2025-07-31 02:44:11','2025-07-31 02:44:11'),(119,12,'Clothing - Men',1,'2025-07-31 02:44:11','2025-07-31 02:44:11'),(120,12,'Office Equipment',1,'2025-07-31 02:44:11','2025-07-31 02:44:11'),(121,13,'Televisions',1,'2025-07-31 02:44:11','2025-07-31 02:44:11'),(122,13,'Jewelry',1,'2025-07-31 02:44:11','2025-07-31 02:44:11'),(123,13,'Furniture',1,'2025-07-31 02:44:11','2025-07-31 02:44:11'),(124,13,'Personal Care',1,'2025-07-31 02:44:11','2025-07-31 02:44:11'),(125,13,'Automotive Parts',1,'2025-07-31 02:44:11','2025-07-31 02:44:11'),(126,13,'Cleaning Supplies',1,'2025-07-31 02:44:11','2025-07-31 02:44:11'),(127,13,'Pet Supplies',1,'2025-07-31 02:44:11','2025-07-31 02:44:11'),(128,13,'Office Equipment',1,'2025-07-31 02:44:11','2025-07-31 02:44:11'),(129,13,'Art & Craft Supplies',1,'2025-07-31 02:44:11','2025-07-31 02:44:11'),(130,13,'Video Games',1,'2025-07-31 02:44:11','2025-07-31 02:44:11'),(131,14,'Pet Supplies',1,'2025-07-31 02:44:11','2025-07-31 02:44:11'),(132,14,'Hair Care',1,'2025-07-31 02:44:11','2025-07-31 02:44:11'),(133,14,'Tablets',1,'2025-07-31 02:44:11','2025-07-31 02:44:11'),(134,14,'Cleaning Supplies',1,'2025-07-31 02:44:11','2025-07-31 02:44:11'),(135,14,'Laptops',1,'2025-07-31 02:44:11','2025-07-31 02:44:11'),(136,14,'Gaming Consoles',1,'2025-07-31 02:44:11','2025-07-31 02:44:11'),(137,14,'Toys & Games',1,'2025-07-31 02:44:11','2025-07-31 02:44:11'),(138,14,'Clothing - Women',1,'2025-07-31 02:44:11','2025-07-31 02:44:11'),(139,14,'Organic Foods',1,'2025-07-31 02:44:11','2025-07-31 02:44:11'),(140,14,'Art & Craft Supplies',1,'2025-07-31 02:44:11','2025-07-31 02:44:11'),(141,15,'Bedding & Bath',1,'2025-07-31 02:44:11','2025-07-31 02:44:11'),(142,15,'Stationery',1,'2025-07-31 02:44:11','2025-07-31 02:44:11'),(143,15,'Footwear',1,'2025-07-31 02:44:11','2025-07-31 02:44:11'),(144,15,'Gaming Consoles',1,'2025-07-31 02:44:11','2025-07-31 02:44:11'),(145,15,'School Supplies',1,'2025-07-31 02:44:11','2025-07-31 02:44:11'),(146,15,'Art & Craft Supplies',1,'2025-07-31 02:44:11','2025-07-31 02:44:11'),(147,15,'Office Equipment',1,'2025-07-31 02:44:11','2025-07-31 02:44:11'),(148,15,'Kitchen Appliances',1,'2025-07-31 02:44:11','2025-07-31 02:44:11'),(149,15,'Video Games',1,'2025-07-31 02:44:11','2025-07-31 02:44:11'),(150,15,'Beauty Products',1,'2025-07-31 02:44:11','2025-07-31 02:44:11'),(151,16,'Furniture',1,'2025-07-31 02:44:11','2025-07-31 02:44:11'),(152,16,'Tools & Hardware',1,'2025-07-31 02:44:11','2025-07-31 02:44:11'),(153,16,'Beauty Products',1,'2025-07-31 02:44:11','2025-07-31 02:44:11'),(154,16,'Smartphones',1,'2025-07-31 02:44:11','2025-07-31 02:44:11'),(155,16,'Tablets',1,'2025-07-31 02:44:11','2025-07-31 02:44:11'),(156,16,'Art & Craft Supplies',1,'2025-07-31 02:44:11','2025-07-31 02:44:11'),(157,16,'Groceries',1,'2025-07-31 02:44:11','2025-07-31 02:44:11'),(158,16,'Cookware',1,'2025-07-31 02:44:11','2025-07-31 02:44:11'),(159,16,'Watches',1,'2025-07-31 02:44:11','2025-07-31 02:44:11'),(160,16,'Jewelry',1,'2025-07-31 02:44:11','2025-07-31 02:44:11'),(161,17,'Pet Supplies',1,'2025-07-31 02:44:11','2025-07-31 02:44:11'),(162,17,'Tablets',1,'2025-07-31 02:44:11','2025-07-31 02:44:11'),(163,17,'Electronics',1,'2025-07-31 02:44:11','2025-07-31 02:44:11'),(164,17,'Books',1,'2025-07-31 02:44:11','2025-07-31 02:44:11'),(165,17,'Skincare',1,'2025-07-31 02:44:11','2025-07-31 02:44:11'),(166,17,'Furniture',1,'2025-07-31 02:44:11','2025-07-31 02:44:11'),(167,17,'Gift Items',1,'2025-07-31 02:44:11','2025-07-31 02:44:11'),(168,17,'Clothing - Women',1,'2025-07-31 02:44:11','2025-07-31 02:44:11'),(169,17,'Tools & Hardware',1,'2025-07-31 02:44:11','2025-07-31 02:44:11'),(170,17,'Beauty Products',1,'2025-07-31 02:44:11','2025-07-31 02:44:11'),(171,18,'Kitchen Appliances',1,'2025-07-31 02:44:11','2025-07-31 02:44:11'),(172,18,'Electronics',1,'2025-07-31 02:44:11','2025-07-31 02:44:11'),(173,18,'Cookware',1,'2025-07-31 02:44:11','2025-07-31 02:44:11'),(174,18,'Home Decor',1,'2025-07-31 02:44:11','2025-07-31 02:44:11'),(175,18,'Camping & Hiking',1,'2025-07-31 02:44:11','2025-07-31 02:44:11'),(176,18,'Art & Craft Supplies',1,'2025-07-31 02:44:11','2025-07-31 02:44:11'),(177,18,'Groceries',1,'2025-07-31 02:44:11','2025-07-31 02:44:11'),(178,18,'Smartphones',1,'2025-07-31 02:44:11','2025-07-31 02:44:11'),(179,18,'Cycling',1,'2025-07-31 02:44:11','2025-07-31 02:44:11'),(180,18,'Gym & Fitness',1,'2025-07-31 02:44:11','2025-07-31 02:44:11'),(181,19,'Personal Care',1,'2025-07-31 02:44:11','2025-07-31 02:44:11'),(182,19,'Kitchen Appliances',1,'2025-07-31 02:44:11','2025-07-31 02:44:11'),(183,19,'Cookware',1,'2025-07-31 02:44:11','2025-07-31 02:44:11'),(184,19,'Bedding & Bath',1,'2025-07-31 02:44:11','2025-07-31 02:44:11'),(185,19,'Collectibles',1,'2025-07-31 02:44:11','2025-07-31 02:44:11'),(186,19,'Furniture',1,'2025-07-31 02:44:11','2025-07-31 02:44:11'),(187,19,'Hair Care',1,'2025-07-31 02:44:11','2025-07-31 02:44:11'),(188,19,'Camping & Hiking',1,'2025-07-31 02:44:11','2025-07-31 02:44:11'),(189,19,'Beauty Products',1,'2025-07-31 02:44:11','2025-07-31 02:44:11'),(190,19,'Gift Items',1,'2025-07-31 02:44:11','2025-07-31 02:44:11'),(191,20,'Art & Craft Supplies',1,'2025-07-31 02:44:11','2025-07-31 02:44:11'),(192,20,'Wearable Tech',1,'2025-07-31 02:44:11','2025-07-31 02:44:11'),(193,20,'Electronics',1,'2025-07-31 02:44:11','2025-07-31 02:44:11'),(194,20,'Tools & Hardware',1,'2025-07-31 02:44:11','2025-07-31 02:44:11'),(195,20,'Gaming Consoles',1,'2025-07-31 02:44:11','2025-07-31 02:44:11'),(196,20,'Automotive Parts',1,'2025-07-31 02:44:11','2025-07-31 02:44:11'),(197,20,'Televisions',1,'2025-07-31 02:44:11','2025-07-31 02:44:11'),(198,20,'Laptops',1,'2025-07-31 02:44:11','2025-07-31 02:44:11'),(199,20,'Groceries',1,'2025-07-31 02:44:11','2025-07-31 02:44:11'),(200,20,'School Supplies',1,'2025-07-31 02:44:11','2025-07-31 02:44:11'),(201,21,'Smartphones',1,'2025-07-31 02:44:11','2025-07-31 02:44:11'),(202,21,'Cycling',1,'2025-07-31 02:44:11','2025-07-31 02:44:11'),(203,21,'Office Equipment',1,'2025-07-31 02:44:11','2025-07-31 02:44:11'),(204,21,'Electronics',1,'2025-07-31 02:44:11','2025-07-31 02:44:11'),(205,21,'Beauty Products',1,'2025-07-31 02:44:11','2025-07-31 02:44:11'),(206,21,'Clothing - Kids',1,'2025-07-31 02:44:11','2025-07-31 02:44:11'),(207,21,'Clothing - Men',1,'2025-07-31 02:44:11','2025-07-31 02:44:11'),(208,21,'Sports Equipment',1,'2025-07-31 02:44:11','2025-07-31 02:44:11'),(209,21,'Toys & Games',1,'2025-07-31 02:44:11','2025-07-31 02:44:11'),(210,21,'Wearable Tech',1,'2025-07-31 02:44:11','2025-07-31 02:44:11'),(211,22,'Jewelry',1,'2025-07-31 02:44:11','2025-07-31 02:44:11'),(212,22,'Laptops',1,'2025-07-31 02:44:11','2025-07-31 02:44:11'),(213,22,'Stationery',1,'2025-07-31 02:44:11','2025-07-31 02:44:11'),(214,22,'Gym & Fitness',1,'2025-07-31 02:44:11','2025-07-31 02:44:11'),(215,22,'Skincare',1,'2025-07-31 02:44:11','2025-07-31 02:44:11'),(216,22,'Clothing - Kids',1,'2025-07-31 02:44:11','2025-07-31 02:44:11'),(217,22,'Lighting',1,'2025-07-31 02:44:11','2025-07-31 02:44:11'),(218,22,'Tablets',1,'2025-07-31 02:44:11','2025-07-31 02:44:11'),(219,22,'Gaming Consoles',1,'2025-07-31 02:44:11','2025-07-31 02:44:11'),(220,22,'Snacks & Beverages',1,'2025-07-31 02:44:11','2025-07-31 02:44:11'),(221,23,'Baby Products',1,'2025-07-31 02:44:11','2025-07-31 02:44:11'),(222,23,'Jewelry',1,'2025-07-31 02:44:11','2025-07-31 02:44:11'),(223,23,'Watches',1,'2025-07-31 02:44:11','2025-07-31 02:44:11'),(224,23,'Car Accessories',1,'2025-07-31 02:44:12','2025-07-31 02:44:12'),(225,23,'Furniture',1,'2025-07-31 02:44:12','2025-07-31 02:44:12'),(226,23,'Automotive Parts',1,'2025-07-31 02:44:12','2025-07-31 02:44:12'),(227,23,'Organic Foods',1,'2025-07-31 02:44:12','2025-07-31 02:44:12'),(228,23,'Electronics',1,'2025-07-31 02:44:12','2025-07-31 02:44:12'),(229,23,'Garden & Outdoor',1,'2025-07-31 02:44:12','2025-07-31 02:44:12'),(230,23,'School Supplies',1,'2025-07-31 02:44:12','2025-07-31 02:44:12'),(231,24,'Video Games',1,'2025-07-31 02:44:12','2025-07-31 02:44:12'),(232,24,'Personal Care',1,'2025-07-31 02:44:12','2025-07-31 02:44:12'),(233,24,'Smartphones',1,'2025-07-31 02:44:12','2025-07-31 02:44:12'),(234,24,'Cookware',1,'2025-07-31 02:44:12','2025-07-31 02:44:12'),(235,24,'Gaming Consoles',1,'2025-07-31 02:44:12','2025-07-31 02:44:12'),(236,24,'Toys & Games',1,'2025-07-31 02:44:12','2025-07-31 02:44:12'),(237,24,'Sports Equipment',1,'2025-07-31 02:44:12','2025-07-31 02:44:12'),(238,24,'Laptops',1,'2025-07-31 02:44:12','2025-07-31 02:44:12'),(239,24,'Automotive Parts',1,'2025-07-31 02:44:12','2025-07-31 02:44:12'),(240,24,'Tools & Hardware',1,'2025-07-31 02:44:12','2025-07-31 02:44:12'),(241,25,'Watches',1,'2025-07-31 02:44:12','2025-07-31 02:44:12'),(242,25,'Cycling',1,'2025-07-31 02:44:12','2025-07-31 02:44:12'),(243,25,'Gym & Fitness',1,'2025-07-31 02:44:12','2025-07-31 02:44:12'),(244,25,'Automotive Parts',1,'2025-07-31 02:44:12','2025-07-31 02:44:12'),(245,25,'Tablets',1,'2025-07-31 02:44:12','2025-07-31 02:44:12'),(246,25,'Sports Equipment',1,'2025-07-31 02:44:12','2025-07-31 02:44:12'),(247,25,'Laptops',1,'2025-07-31 02:44:12','2025-07-31 02:44:12'),(248,25,'Clothing - Women',1,'2025-07-31 02:44:12','2025-07-31 02:44:12'),(249,25,'Groceries',1,'2025-07-31 02:44:12','2025-07-31 02:44:12'),(250,25,'Musical Instruments',1,'2025-07-31 02:44:12','2025-07-31 02:44:12'),(251,26,'Kitchen Appliances',1,'2025-07-31 02:44:12','2025-07-31 02:44:12'),(252,26,'Laptops',1,'2025-07-31 02:44:12','2025-07-31 02:44:12'),(253,26,'Smartphones',1,'2025-07-31 02:44:12','2025-07-31 02:44:12'),(254,26,'Cleaning Supplies',1,'2025-07-31 02:44:12','2025-07-31 02:44:12'),(255,26,'Baby Products',1,'2025-07-31 02:44:12','2025-07-31 02:44:12'),(256,26,'Musical Instruments',1,'2025-07-31 02:44:12','2025-07-31 02:44:12'),(257,26,'Watches',1,'2025-07-31 02:44:12','2025-07-31 02:44:12'),(258,26,'Headphones',1,'2025-07-31 02:44:12','2025-07-31 02:44:12'),(259,26,'Garden & Outdoor',1,'2025-07-31 02:44:12','2025-07-31 02:44:12'),(260,26,'Video Games',1,'2025-07-31 02:44:12','2025-07-31 02:44:12'),(261,27,'Tablets',1,'2025-07-31 02:44:12','2025-07-31 02:44:12'),(262,27,'Skincare',1,'2025-07-31 02:44:12','2025-07-31 02:44:12'),(263,27,'Cookware',1,'2025-07-31 02:44:12','2025-07-31 02:44:12'),(264,27,'Organic Foods',1,'2025-07-31 02:44:12','2025-07-31 02:44:12'),(265,27,'Clothing - Kids',1,'2025-07-31 02:44:12','2025-07-31 02:44:12'),(266,27,'Musical Instruments',1,'2025-07-31 02:44:12','2025-07-31 02:44:12'),(267,27,'Groceries',1,'2025-07-31 02:44:12','2025-07-31 02:44:12'),(268,27,'Camping & Hiking',1,'2025-07-31 02:44:12','2025-07-31 02:44:12'),(269,27,'Collectibles',1,'2025-07-31 02:44:12','2025-07-31 02:44:12'),(270,27,'Car Accessories',1,'2025-07-31 02:44:12','2025-07-31 02:44:12'),(271,28,'Tools & Hardware',1,'2025-07-31 02:44:12','2025-07-31 02:44:12'),(272,28,'Televisions',1,'2025-07-31 02:44:12','2025-07-31 02:44:12'),(273,28,'Clothing - Kids',1,'2025-07-31 02:44:12','2025-07-31 02:44:12'),(274,28,'Electronics',1,'2025-07-31 02:44:12','2025-07-31 02:44:12'),(275,28,'Books',1,'2025-07-31 02:44:12','2025-07-31 02:44:12'),(276,28,'Gift Items',1,'2025-07-31 02:44:12','2025-07-31 02:44:12'),(277,28,'Automotive Parts',1,'2025-07-31 02:44:12','2025-07-31 02:44:12'),(278,28,'Health & Wellness',1,'2025-07-31 02:44:12','2025-07-31 02:44:12'),(279,28,'Sports Equipment',1,'2025-07-31 02:44:12','2025-07-31 02:44:12'),(280,28,'Clothing - Women',1,'2025-07-31 02:44:12','2025-07-31 02:44:12'),(281,29,'Skincare',1,'2025-07-31 02:44:12','2025-07-31 02:44:12'),(282,29,'Cameras',1,'2025-07-31 02:44:12','2025-07-31 02:44:12'),(283,29,'Automotive Parts',1,'2025-07-31 02:44:12','2025-07-31 02:44:12'),(284,29,'Health & Wellness',1,'2025-07-31 02:44:12','2025-07-31 02:44:12'),(285,29,'Books',1,'2025-07-31 02:44:12','2025-07-31 02:44:12'),(286,29,'Hair Care',1,'2025-07-31 02:44:12','2025-07-31 02:44:12'),(287,29,'Kitchen Appliances',1,'2025-07-31 02:44:12','2025-07-31 02:44:12'),(288,29,'Baby Products',1,'2025-07-31 02:44:12','2025-07-31 02:44:12'),(289,29,'Stationery',1,'2025-07-31 02:44:12','2025-07-31 02:44:12'),(290,29,'Car Accessories',1,'2025-07-31 02:44:12','2025-07-31 02:44:12'),(291,30,'Garden & Outdoor',1,'2025-07-31 02:44:12','2025-07-31 02:44:12'),(292,30,'Groceries',1,'2025-07-31 02:44:12','2025-07-31 02:44:12'),(293,30,'Electronics',1,'2025-07-31 02:44:12','2025-07-31 02:44:12'),(294,30,'Cycling',1,'2025-07-31 02:44:12','2025-07-31 02:44:12'),(295,30,'Furniture',1,'2025-07-31 02:44:12','2025-07-31 02:44:12'),(296,30,'Office Equipment',1,'2025-07-31 02:44:12','2025-07-31 02:44:12'),(297,30,'Car Accessories',1,'2025-07-31 02:44:12','2025-07-31 02:44:12'),(298,30,'Organic Foods',1,'2025-07-31 02:44:12','2025-07-31 02:44:12'),(299,30,'Personal Care',1,'2025-07-31 02:44:12','2025-07-31 02:44:12'),(300,30,'Bedding & Bath',1,'2025-07-31 02:44:12','2025-07-31 02:44:12'),(301,31,'Skincare',1,'2025-07-31 02:44:12','2025-07-31 02:44:12'),(302,31,'Gift Items',1,'2025-07-31 02:44:12','2025-07-31 02:44:12'),(303,31,'Watches',1,'2025-07-31 02:44:12','2025-07-31 02:44:12'),(304,31,'Video Games',1,'2025-07-31 02:44:12','2025-07-31 02:44:12'),(305,31,'Gaming Consoles',1,'2025-07-31 02:44:12','2025-07-31 02:44:12'),(306,31,'Garden & Outdoor',1,'2025-07-31 02:44:12','2025-07-31 02:44:12'),(307,31,'Musical Instruments',1,'2025-07-31 02:44:12','2025-07-31 02:44:12'),(308,31,'Wearable Tech',1,'2025-07-31 02:44:12','2025-07-31 02:44:12'),(309,31,'Clothing - Kids',1,'2025-07-31 02:44:12','2025-07-31 02:44:12'),(310,31,'Beauty Products',1,'2025-07-31 02:44:12','2025-07-31 02:44:12'),(311,32,'Jewelry',1,'2025-07-31 02:44:12','2025-07-31 02:44:12'),(312,32,'Skincare',1,'2025-07-31 02:44:12','2025-07-31 02:44:12'),(313,32,'Electronics',1,'2025-07-31 02:44:12','2025-07-31 02:44:12'),(314,32,'Musical Instruments',1,'2025-07-31 02:44:12','2025-07-31 02:44:12'),(315,32,'Sports Equipment',1,'2025-07-31 02:44:12','2025-07-31 02:44:12'),(316,32,'Clothing - Women',1,'2025-07-31 02:44:12','2025-07-31 02:44:12'),(317,32,'Organic Foods',1,'2025-07-31 02:44:12','2025-07-31 02:44:12'),(318,32,'Toys & Games',1,'2025-07-31 02:44:12','2025-07-31 02:44:12'),(319,32,'Watches',1,'2025-07-31 02:44:12','2025-07-31 02:44:12'),(320,32,'Cookware',1,'2025-07-31 02:44:12','2025-07-31 02:44:12'),(321,33,'Beauty Products',1,'2025-07-31 02:44:12','2025-07-31 02:44:12'),(322,33,'Personal Care',1,'2025-07-31 02:44:12','2025-07-31 02:44:12'),(323,33,'Gift Items',1,'2025-07-31 02:44:12','2025-07-31 02:44:12'),(324,33,'Smartphones',1,'2025-07-31 02:44:12','2025-07-31 02:44:12'),(325,33,'Art & Craft Supplies',1,'2025-07-31 02:44:12','2025-07-31 02:44:12'),(326,33,'Cameras',1,'2025-07-31 02:44:12','2025-07-31 02:44:12'),(327,33,'School Supplies',1,'2025-07-31 02:44:12','2025-07-31 02:44:12'),(328,33,'Groceries',1,'2025-07-31 02:44:12','2025-07-31 02:44:12'),(329,33,'Clothing - Women',1,'2025-07-31 02:44:12','2025-07-31 02:44:12'),(330,33,'Pet Supplies',1,'2025-07-31 02:44:12','2025-07-31 02:44:12'),(331,34,'Electronics',1,'2025-07-31 02:44:12','2025-07-31 02:44:12'),(332,34,'Lighting',1,'2025-07-31 02:44:12','2025-07-31 02:44:12'),(333,34,'Clothing - Women',1,'2025-07-31 02:44:12','2025-07-31 02:44:12'),(334,34,'Kitchen Appliances',1,'2025-07-31 02:44:12','2025-07-31 02:44:12'),(335,34,'Hair Care',1,'2025-07-31 02:44:12','2025-07-31 02:44:12'),(336,34,'Smartphones',1,'2025-07-31 02:44:12','2025-07-31 02:44:12'),(337,34,'Clothing - Kids',1,'2025-07-31 02:44:12','2025-07-31 02:44:12'),(338,34,'Health & Wellness',1,'2025-07-31 02:44:12','2025-07-31 02:44:12'),(339,34,'Toys & Games',1,'2025-07-31 02:44:12','2025-07-31 02:44:12'),(340,34,'Tools & Hardware',1,'2025-07-31 02:44:12','2025-07-31 02:44:12'),(341,35,'Health & Wellness',1,'2025-07-31 02:44:12','2025-07-31 02:44:12'),(342,35,'Cleaning Supplies',1,'2025-07-31 02:44:12','2025-07-31 02:44:12'),(343,35,'Kitchen Appliances',1,'2025-07-31 02:44:12','2025-07-31 02:44:12'),(344,35,'Cameras',1,'2025-07-31 02:44:12','2025-07-31 02:44:12'),(345,35,'Sports Equipment',1,'2025-07-31 02:44:12','2025-07-31 02:44:12'),(346,35,'Electronics',1,'2025-07-31 02:44:12','2025-07-31 02:44:12'),(347,35,'Garden & Outdoor',1,'2025-07-31 02:44:12','2025-07-31 02:44:12'),(348,35,'Wearable Tech',1,'2025-07-31 02:44:12','2025-07-31 02:44:12'),(349,35,'Tools & Hardware',1,'2025-07-31 02:44:12','2025-07-31 02:44:12'),(350,35,'Camping & Hiking',1,'2025-07-31 02:44:12','2025-07-31 02:44:12'),(351,36,'Garden & Outdoor',1,'2025-07-31 02:44:12','2025-07-31 02:44:12'),(352,36,'Furniture',1,'2025-07-31 02:44:12','2025-07-31 02:44:12'),(353,36,'Jewelry',1,'2025-07-31 02:44:12','2025-07-31 02:44:12'),(354,36,'Tablets',1,'2025-07-31 02:44:12','2025-07-31 02:44:12'),(355,36,'Pet Supplies',1,'2025-07-31 02:44:12','2025-07-31 02:44:12'),(356,36,'Clothing - Men',1,'2025-07-31 02:44:12','2025-07-31 02:44:12'),(357,36,'Books',1,'2025-07-31 02:44:12','2025-07-31 02:44:12'),(358,36,'Stationery',1,'2025-07-31 02:44:12','2025-07-31 02:44:12'),(359,36,'Art & Craft Supplies',1,'2025-07-31 02:44:12','2025-07-31 02:44:12'),(360,36,'Collectibles',1,'2025-07-31 02:44:12','2025-07-31 02:44:12'),(361,37,'Laptops',1,'2025-07-31 02:44:12','2025-07-31 02:44:12'),(362,37,'Lighting',1,'2025-07-31 02:44:12','2025-07-31 02:44:12'),(363,37,'Smartphones',1,'2025-07-31 02:44:12','2025-07-31 02:44:12'),(364,37,'Collectibles',1,'2025-07-31 02:44:12','2025-07-31 02:44:12'),(365,37,'Camping & Hiking',1,'2025-07-31 02:44:12','2025-07-31 02:44:12'),(366,37,'Gaming Consoles',1,'2025-07-31 02:44:12','2025-07-31 02:44:12'),(367,37,'Clothing - Women',1,'2025-07-31 02:44:12','2025-07-31 02:44:12'),(368,37,'Clothing - Kids',1,'2025-07-31 02:44:12','2025-07-31 02:44:12'),(369,37,'Footwear',1,'2025-07-31 02:44:12','2025-07-31 02:44:12'),(370,37,'Health & Wellness',1,'2025-07-31 02:44:12','2025-07-31 02:44:12'),(371,38,'Skincare',1,'2025-07-31 02:44:12','2025-07-31 02:44:12'),(372,38,'Clothing - Women',1,'2025-07-31 02:44:12','2025-07-31 02:44:12'),(373,38,'Garden & Outdoor',1,'2025-07-31 02:44:12','2025-07-31 02:44:12'),(374,38,'Hair Care',1,'2025-07-31 02:44:12','2025-07-31 02:44:12'),(375,38,'Tablets',1,'2025-07-31 02:44:12','2025-07-31 02:44:12'),(376,38,'Tools & Hardware',1,'2025-07-31 02:44:12','2025-07-31 02:44:12'),(377,38,'Toys & Games',1,'2025-07-31 02:44:12','2025-07-31 02:44:12'),(378,38,'Furniture',1,'2025-07-31 02:44:12','2025-07-31 02:44:12'),(379,38,'Video Games',1,'2025-07-31 02:44:12','2025-07-31 02:44:12'),(380,38,'Gift Items',1,'2025-07-31 02:44:12','2025-07-31 02:44:12'),(381,39,'Home Decor',1,'2025-07-31 02:44:12','2025-07-31 02:44:12'),(382,39,'Jewelry',1,'2025-07-31 02:44:12','2025-07-31 02:44:12'),(383,39,'Electronics',1,'2025-07-31 02:44:12','2025-07-31 02:44:12'),(384,39,'Cookware',1,'2025-07-31 02:44:12','2025-07-31 02:44:12'),(385,39,'Cycling',1,'2025-07-31 02:44:12','2025-07-31 02:44:12'),(386,39,'Smartphones',1,'2025-07-31 02:44:12','2025-07-31 02:44:12'),(387,39,'Gaming Consoles',1,'2025-07-31 02:44:12','2025-07-31 02:44:12'),(388,39,'Footwear',1,'2025-07-31 02:44:12','2025-07-31 02:44:12'),(389,39,'Organic Foods',1,'2025-07-31 02:44:12','2025-07-31 02:44:12'),(390,39,'Video Games',1,'2025-07-31 02:44:12','2025-07-31 02:44:12'),(391,40,'Lighting',1,'2025-07-31 02:44:12','2025-07-31 02:44:12'),(392,40,'Smartphones',1,'2025-07-31 02:44:12','2025-07-31 02:44:12'),(393,40,'Toys & Games',1,'2025-07-31 02:44:12','2025-07-31 02:44:12'),(394,40,'Gift Items',1,'2025-07-31 02:44:12','2025-07-31 02:44:12'),(395,40,'Video Games',1,'2025-07-31 02:44:12','2025-07-31 02:44:12'),(396,40,'Tools & Hardware',1,'2025-07-31 02:44:12','2025-07-31 02:44:12'),(397,40,'Gym & Fitness',1,'2025-07-31 02:44:12','2025-07-31 02:44:12'),(398,40,'Electronics',1,'2025-07-31 02:44:12','2025-07-31 02:44:12'),(399,40,'Car Accessories',1,'2025-07-31 02:44:12','2025-07-31 02:44:12'),(400,40,'Televisions',1,'2025-07-31 02:44:12','2025-07-31 02:44:12'),(401,41,'Tablets',1,'2025-07-31 02:44:12','2025-07-31 02:44:12'),(402,41,'Televisions',1,'2025-07-31 02:44:12','2025-07-31 02:44:12'),(403,41,'Hair Care',1,'2025-07-31 02:44:12','2025-07-31 02:44:12'),(404,41,'Home Decor',1,'2025-07-31 02:44:12','2025-07-31 02:44:12'),(405,41,'Stationery',1,'2025-07-31 02:44:12','2025-07-31 02:44:12'),(406,41,'Clothing - Men',1,'2025-07-31 02:44:12','2025-07-31 02:44:12'),(407,41,'Headphones',1,'2025-07-31 02:44:12','2025-07-31 02:44:12'),(408,41,'Wearable Tech',1,'2025-07-31 02:44:12','2025-07-31 02:44:12'),(409,41,'Furniture',1,'2025-07-31 02:44:12','2025-07-31 02:44:12'),(410,41,'Video Games',1,'2025-07-31 02:44:12','2025-07-31 02:44:12'),(411,42,'Headphones',1,'2025-07-31 02:44:12','2025-07-31 02:44:12'),(412,42,'Garden & Outdoor',1,'2025-07-31 02:44:12','2025-07-31 02:44:12'),(413,42,'Kitchen Appliances',1,'2025-07-31 02:44:12','2025-07-31 02:44:12'),(414,42,'Laptops',1,'2025-07-31 02:44:12','2025-07-31 02:44:12'),(415,42,'Cycling',1,'2025-07-31 02:44:12','2025-07-31 02:44:12'),(416,42,'Home Decor',1,'2025-07-31 02:44:12','2025-07-31 02:44:12'),(417,42,'Gym & Fitness',1,'2025-07-31 02:44:12','2025-07-31 02:44:12'),(418,42,'Gift Items',1,'2025-07-31 02:44:12','2025-07-31 02:44:12'),(419,42,'Bedding & Bath',1,'2025-07-31 02:44:12','2025-07-31 02:44:12'),(420,42,'Toys & Games',1,'2025-07-31 02:44:12','2025-07-31 02:44:12'),(421,43,'Tablets',1,'2025-07-31 02:44:12','2025-07-31 02:44:12'),(422,43,'Clothing - Men',1,'2025-07-31 02:44:12','2025-07-31 02:44:12'),(423,43,'Clothing - Kids',1,'2025-07-31 02:44:12','2025-07-31 02:44:12'),(424,43,'Televisions',1,'2025-07-31 02:44:12','2025-07-31 02:44:12'),(425,43,'Snacks & Beverages',1,'2025-07-31 02:44:12','2025-07-31 02:44:12'),(426,43,'Video Games',1,'2025-07-31 02:44:12','2025-07-31 02:44:12'),(427,43,'Laptops',1,'2025-07-31 02:44:12','2025-07-31 02:44:12'),(428,43,'Stationery',1,'2025-07-31 02:44:12','2025-07-31 02:44:12'),(429,43,'Musical Instruments',1,'2025-07-31 02:44:12','2025-07-31 02:44:12'),(430,43,'Hair Care',1,'2025-07-31 02:44:12','2025-07-31 02:44:12'),(431,44,'Televisions',1,'2025-07-31 02:44:12','2025-07-31 02:44:12'),(432,44,'Clothing - Kids',1,'2025-07-31 02:44:12','2025-07-31 02:44:12'),(433,44,'Snacks & Beverages',1,'2025-07-31 02:44:12','2025-07-31 02:44:12'),(434,44,'Electronics',1,'2025-07-31 02:44:12','2025-07-31 02:44:12'),(435,44,'Sports Equipment',1,'2025-07-31 02:44:12','2025-07-31 02:44:12'),(436,44,'Video Games',1,'2025-07-31 02:44:12','2025-07-31 02:44:12'),(437,44,'Smartphones',1,'2025-07-31 02:44:12','2025-07-31 02:44:12'),(438,44,'Organic Foods',1,'2025-07-31 02:44:12','2025-07-31 02:44:12'),(439,44,'Cycling',1,'2025-07-31 02:44:12','2025-07-31 02:44:12'),(440,44,'Laptops',1,'2025-07-31 02:44:12','2025-07-31 02:44:12'),(441,45,'Tools & Hardware',1,'2025-07-31 02:44:12','2025-07-31 02:44:12'),(442,45,'School Supplies',1,'2025-07-31 02:44:12','2025-07-31 02:44:12'),(443,45,'Tablets',1,'2025-07-31 02:44:12','2025-07-31 02:44:12'),(444,45,'Electronics',1,'2025-07-31 02:44:12','2025-07-31 02:44:12'),(445,45,'Clothing - Women',1,'2025-07-31 02:44:12','2025-07-31 02:44:12'),(446,45,'Car Accessories',1,'2025-07-31 02:44:12','2025-07-31 02:44:12'),(447,45,'Beauty Products',1,'2025-07-31 02:44:12','2025-07-31 02:44:12'),(448,45,'Furniture',1,'2025-07-31 02:44:12','2025-07-31 02:44:12'),(449,45,'Headphones',1,'2025-07-31 02:44:12','2025-07-31 02:44:12'),(450,45,'Cookware',1,'2025-07-31 02:44:12','2025-07-31 02:44:12'),(451,46,'Organic Foods',1,'2025-07-31 02:44:12','2025-07-31 02:44:12'),(452,46,'Video Games',1,'2025-07-31 02:44:12','2025-07-31 02:44:12'),(453,46,'Sports Equipment',1,'2025-07-31 02:44:12','2025-07-31 02:44:12'),(454,46,'Baby Products',1,'2025-07-31 02:44:12','2025-07-31 02:44:12'),(455,46,'Collectibles',1,'2025-07-31 02:44:12','2025-07-31 02:44:12'),(456,46,'Smartphones',1,'2025-07-31 02:44:12','2025-07-31 02:44:12'),(457,46,'Kitchen Appliances',1,'2025-07-31 02:44:12','2025-07-31 02:44:12'),(458,46,'Personal Care',1,'2025-07-31 02:44:12','2025-07-31 02:44:12'),(459,46,'Beauty Products',1,'2025-07-31 02:44:12','2025-07-31 02:44:12'),(460,46,'Musical Instruments',1,'2025-07-31 02:44:12','2025-07-31 02:44:12'),(461,47,'Wearable Tech',1,'2025-07-31 02:44:12','2025-07-31 02:44:12'),(462,47,'Camping & Hiking',1,'2025-07-31 02:44:12','2025-07-31 02:44:12'),(463,47,'Televisions',1,'2025-07-31 02:44:12','2025-07-31 02:44:12'),(464,47,'Tools & Hardware',1,'2025-07-31 02:44:12','2025-07-31 02:44:12'),(465,47,'Skincare',1,'2025-07-31 02:44:12','2025-07-31 02:44:12'),(466,47,'Gaming Consoles',1,'2025-07-31 02:44:12','2025-07-31 02:44:12'),(467,47,'Clothing - Kids',1,'2025-07-31 02:44:12','2025-07-31 02:44:12'),(468,47,'Video Games',1,'2025-07-31 02:44:12','2025-07-31 02:44:12'),(469,47,'Art & Craft Supplies',1,'2025-07-31 02:44:12','2025-07-31 02:44:12'),(470,47,'Organic Foods',1,'2025-07-31 02:44:12','2025-07-31 02:44:12'),(471,48,'Musical Instruments',1,'2025-07-31 02:44:12','2025-07-31 02:44:12'),(472,48,'School Supplies',1,'2025-07-31 02:44:12','2025-07-31 02:44:12'),(473,48,'Toys & Games',1,'2025-07-31 02:44:12','2025-07-31 02:44:12'),(474,48,'Automotive Parts',1,'2025-07-31 02:44:12','2025-07-31 02:44:12'),(475,48,'Lighting',1,'2025-07-31 02:44:12','2025-07-31 02:44:12'),(476,48,'Health & Wellness',1,'2025-07-31 02:44:12','2025-07-31 02:44:12'),(477,48,'Clothing - Men',1,'2025-07-31 02:44:12','2025-07-31 02:44:12'),(478,48,'Televisions',1,'2025-07-31 02:44:12','2025-07-31 02:44:12'),(479,48,'Home Decor',1,'2025-07-31 02:44:12','2025-07-31 02:44:12'),(480,48,'Hair Care',1,'2025-07-31 02:44:12','2025-07-31 02:44:12'),(481,49,'Laptops',1,'2025-07-31 02:44:12','2025-07-31 02:44:12'),(482,49,'Snacks & Beverages',1,'2025-07-31 02:44:12','2025-07-31 02:44:12'),(483,49,'Books',1,'2025-07-31 02:44:12','2025-07-31 02:44:12'),(484,49,'Bedding & Bath',1,'2025-07-31 02:44:12','2025-07-31 02:44:12'),(485,49,'Musical Instruments',1,'2025-07-31 02:44:12','2025-07-31 02:44:12'),(486,49,'Lighting',1,'2025-07-31 02:44:12','2025-07-31 02:44:12'),(487,49,'Jewelry',1,'2025-07-31 02:44:12','2025-07-31 02:44:12'),(488,49,'Garden & Outdoor',1,'2025-07-31 02:44:12','2025-07-31 02:44:12'),(489,49,'Tablets',1,'2025-07-31 02:44:12','2025-07-31 02:44:12'),(490,49,'Gift Items',1,'2025-07-31 02:44:12','2025-07-31 02:44:12'),(491,50,'Tablets',1,'2025-07-31 02:44:12','2025-07-31 02:44:12'),(492,50,'Art & Craft Supplies',1,'2025-07-31 02:44:12','2025-07-31 02:44:12'),(493,50,'Jewelry',1,'2025-07-31 02:44:12','2025-07-31 02:44:12'),(494,50,'Wearable Tech',1,'2025-07-31 02:44:12','2025-07-31 02:44:12'),(495,50,'Cookware',1,'2025-07-31 02:44:12','2025-07-31 02:44:12'),(496,50,'Lighting',1,'2025-07-31 02:44:12','2025-07-31 02:44:12'),(497,50,'Groceries',1,'2025-07-31 02:44:12','2025-07-31 02:44:12'),(498,50,'Hair Care',1,'2025-07-31 02:44:12','2025-07-31 02:44:12'),(499,50,'Laptops',1,'2025-07-31 02:44:12','2025-07-31 02:44:12'),(500,50,'Skincare',1,'2025-07-31 02:44:12','2025-07-31 02:44:12'),(503,1,'Shoes',1,'2025-08-04 06:37:52','2025-08-04 06:37:52');
/*!40000 ALTER TABLE `categories` ENABLE KEYS */;
UNLOCK TABLES;

--
-- Table structure for table `order_details`
--

DROP TABLE IF EXISTS `order_details`;
/*!40101 SET @saved_cs_client     = @@character_set_client */;
/*!50503 SET character_set_client = utf8mb4 */;
CREATE TABLE `order_details` (
  `id` int NOT NULL AUTO_INCREMENT,
  `orderId` int NOT NULL,
  `productId` int NOT NULL,
  `quantity` int NOT NULL,
  `price` float NOT NULL,
  `createdAt` datetime NOT NULL,
  `updatedAt` datetime NOT NULL,
  PRIMARY KEY (`id`),
  KEY `orderId` (`orderId`),
  KEY `productId` (`productId`),
  CONSTRAINT `order_details_ibfk_1` FOREIGN KEY (`orderId`) REFERENCES `orders` (`id`) ON DELETE CASCADE ON UPDATE CASCADE,
  CONSTRAINT `order_details_ibfk_2` FOREIGN KEY (`productId`) REFERENCES `products` (`id`) ON DELETE CASCADE ON UPDATE CASCADE
) ENGINE=InnoDB AUTO_INCREMENT=49 DEFAULT CHARSET=utf8mb4 COLLATE=utf8mb4_0900_ai_ci;
/*!40101 SET character_set_client = @saved_cs_client */;

--
-- Dumping data for table `order_details`
--

LOCK TABLES `order_details` WRITE;
/*!40000 ALTER TABLE `order_details` DISABLE KEYS */;
INSERT INTO `order_details` VALUES (43,45,4,60,449.4,'2025-08-04 05:56:45','2025-08-04 05:56:45'),(44,45,163,2,6.98,'2025-08-04 05:56:45','2025-08-04 05:56:45'),(45,46,186,3,7.47,'2025-08-04 05:56:55','2025-08-04 05:56:55'),(46,47,357,4,900,'2025-08-04 06:00:57','2025-08-04 06:00:57'),(47,48,311,1,18,'2025-08-04 06:35:00','2025-08-04 06:35:00'),(48,49,659,1,86,'2025-08-04 06:35:24','2025-08-04 06:35:24');
/*!40000 ALTER TABLE `order_details` ENABLE KEYS */;
UNLOCK TABLES;

--
-- Table structure for table `orders`
--

DROP TABLE IF EXISTS `orders`;
/*!40101 SET @saved_cs_client     = @@character_set_client */;
/*!50503 SET character_set_client = utf8mb4 */;
CREATE TABLE `orders` (
  `id` int NOT NULL AUTO_INCREMENT,
  `buyerId` int NOT NULL,
  `totalPrice` float NOT NULL,
  `paymentMethod` varchar(255) NOT NULL,
  `status` varchar(255) NOT NULL DEFAULT 'pending',
  `createdAt` datetime NOT NULL,
  `updatedAt` datetime NOT NULL,
  PRIMARY KEY (`id`),
  UNIQUE KEY `id` (`id`),
  KEY `buyerId` (`buyerId`),
  CONSTRAINT `orders_ibfk_1` FOREIGN KEY (`buyerId`) REFERENCES `buyers` (`id`) ON DELETE CASCADE ON UPDATE CASCADE
) ENGINE=InnoDB AUTO_INCREMENT=50 DEFAULT CHARSET=utf8mb4 COLLATE=utf8mb4_0900_ai_ci;
/*!40101 SET character_set_client = @saved_cs_client */;

--
-- Dumping data for table `orders`
--

LOCK TABLES `orders` WRITE;
/*!40000 ALTER TABLE `orders` DISABLE KEYS */;
INSERT INTO `orders` VALUES (45,1,456.38,'cash','shipped','2025-08-04 05:56:45','2025-08-04 06:37:26'),(46,1,7.47,'card','canceled','2025-08-04 05:56:55','2025-08-04 06:37:30'),(47,1,900,'card','unpaid','2025-08-04 06:00:57','2025-08-04 06:00:57'),(48,1,18,'cash','pending','2025-08-04 06:35:00','2025-08-04 06:35:00'),(49,1,86,'card','pending','2025-08-04 06:35:24','2025-08-04 06:35:50');
/*!40000 ALTER TABLE `orders` ENABLE KEYS */;
UNLOCK TABLES;

--
-- Table structure for table `payment_methods`
--

DROP TABLE IF EXISTS `payment_methods`;
/*!40101 SET @saved_cs_client     = @@character_set_client */;
/*!50503 SET character_set_client = utf8mb4 */;
CREATE TABLE `payment_methods` (
  `id` int NOT NULL AUTO_INCREMENT,
  `user_id` int NOT NULL,
  `method_name` varchar(255) NOT NULL,
  `bank_name` varchar(255) NOT NULL,
  `banhk_user_name` varchar(255) NOT NULL,
  `bank_account_number` varchar(255) NOT NULL,
  `date_expiration` datetime DEFAULT NULL,
  `status` enum('inUsed','notUsed','inactive') NOT NULL DEFAULT 'notUsed',
  `created_at` datetime NOT NULL,
  `updated_at` datetime NOT NULL,
  PRIMARY KEY (`id`),
  UNIQUE KEY `id` (`id`),
  KEY `user_id` (`user_id`),
  CONSTRAINT `payment_methods_ibfk_1` FOREIGN KEY (`user_id`) REFERENCES `accounts` (`id`) ON DELETE CASCADE ON UPDATE CASCADE
) ENGINE=InnoDB DEFAULT CHARSET=utf8mb4 COLLATE=utf8mb4_0900_ai_ci;
/*!40101 SET character_set_client = @saved_cs_client */;

--
-- Dumping data for table `payment_methods`
--

LOCK TABLES `payment_methods` WRITE;
/*!40000 ALTER TABLE `payment_methods` DISABLE KEYS */;
/*!40000 ALTER TABLE `payment_methods` ENABLE KEYS */;
UNLOCK TABLES;

--
-- Table structure for table `product_categories`
--

DROP TABLE IF EXISTS `product_categories`;
/*!40101 SET @saved_cs_client     = @@character_set_client */;
/*!50503 SET character_set_client = utf8mb4 */;
CREATE TABLE `product_categories` (
  `productId` int NOT NULL,
  `categoryId` int NOT NULL,
  `createdAt` datetime NOT NULL,
  `updatedAt` datetime NOT NULL,
  PRIMARY KEY (`productId`,`categoryId`),
  UNIQUE KEY `product_categories_categoryId_productId_unique` (`productId`,`categoryId`),
  KEY `categoryId` (`categoryId`),
  CONSTRAINT `product_categories_ibfk_1` FOREIGN KEY (`productId`) REFERENCES `products` (`id`) ON DELETE CASCADE ON UPDATE CASCADE,
  CONSTRAINT `product_categories_ibfk_2` FOREIGN KEY (`categoryId`) REFERENCES `categories` (`id`) ON DELETE CASCADE ON UPDATE CASCADE
) ENGINE=InnoDB DEFAULT CHARSET=utf8mb4 COLLATE=utf8mb4_0900_ai_ci;
/*!40101 SET character_set_client = @saved_cs_client */;

--
-- Dumping data for table `product_categories`
--

LOCK TABLES `product_categories` WRITE;
/*!40000 ALTER TABLE `product_categories` DISABLE KEYS */;
INSERT INTO `product_categories` VALUES (1,11,'2025-07-31 02:44:28','2025-07-31 02:44:28'),(2,11,'2025-07-31 02:44:28','2025-07-31 02:44:28'),(3,39,'2025-07-31 02:44:28','2025-07-31 02:44:28'),(4,39,'2025-07-31 02:44:28','2025-07-31 02:44:28'),(5,40,'2025-07-31 02:44:28','2025-07-31 02:44:28'),(6,40,'2025-07-31 02:44:28','2025-07-31 02:44:28'),(7,42,'2025-07-31 02:44:28','2025-07-31 02:44:28'),(8,42,'2025-07-31 02:44:28','2025-07-31 02:44:28'),(9,44,'2025-07-31 02:44:28','2025-07-31 02:44:28'),(10,44,'2025-07-31 02:44:28','2025-07-31 02:44:28'),(11,46,'2025-07-31 02:44:28','2025-07-31 02:44:28'),(12,46,'2025-07-31 02:44:28','2025-07-31 02:44:28'),(13,48,'2025-07-31 02:44:28','2025-07-31 02:44:28'),(14,48,'2025-07-31 02:44:28','2025-07-31 02:44:28'),(15,50,'2025-07-31 02:44:28','2025-07-31 02:44:28'),(16,50,'2025-07-31 02:44:28','2025-07-31 02:44:28'),(17,53,'2025-07-31 02:44:28','2025-07-31 02:44:28'),(18,53,'2025-07-31 02:44:28','2025-07-31 02:44:28'),(19,55,'2025-07-31 02:44:28','2025-07-31 02:44:28'),(20,55,'2025-07-31 02:44:28','2025-07-31 02:44:28'),(21,57,'2025-07-31 02:44:28','2025-07-31 02:44:28'),(22,57,'2025-07-31 02:44:28','2025-07-31 02:44:28'),(23,58,'2025-07-31 02:44:28','2025-07-31 02:44:28'),(24,58,'2025-07-31 02:44:28','2025-07-31 02:44:28'),(25,64,'2025-07-31 02:44:28','2025-07-31 02:44:28'),(26,64,'2025-07-31 02:44:28','2025-07-31 02:44:28'),(27,74,'2025-07-31 02:44:28','2025-07-31 02:44:28'),(28,74,'2025-07-31 02:44:28','2025-07-31 02:44:28'),(29,78,'2025-07-31 02:44:28','2025-07-31 02:44:28'),(30,78,'2025-07-31 02:44:28','2025-07-31 02:44:28'),(31,80,'2025-07-31 02:44:28','2025-07-31 02:44:28'),(32,80,'2025-07-31 02:44:28','2025-07-31 02:44:28'),(33,90,'2025-07-31 02:44:28','2025-07-31 02:44:28'),(34,90,'2025-07-31 02:44:28','2025-07-31 02:44:28'),(35,92,'2025-07-31 02:44:28','2025-07-31 02:44:28'),(36,92,'2025-07-31 02:44:28','2025-07-31 02:44:28'),(37,93,'2025-07-31 02:44:28','2025-07-31 02:44:28'),(38,93,'2025-07-31 02:44:28','2025-07-31 02:44:28'),(39,101,'2025-07-31 02:44:28','2025-07-31 02:44:28'),(40,101,'2025-07-31 02:44:28','2025-07-31 02:44:28'),(41,102,'2025-07-31 02:44:28','2025-07-31 02:44:28'),(42,102,'2025-07-31 02:44:28','2025-07-31 02:44:28'),(43,105,'2025-07-31 02:44:28','2025-07-31 02:44:28'),(44,105,'2025-07-31 02:44:28','2025-07-31 02:44:28'),(45,120,'2025-07-31 02:44:28','2025-07-31 02:44:28'),(46,120,'2025-07-31 02:44:28','2025-07-31 02:44:28'),(47,124,'2025-07-31 02:44:28','2025-07-31 02:44:28'),(48,124,'2025-07-31 02:44:28','2025-07-31 02:44:28'),(49,126,'2025-07-31 02:44:28','2025-07-31 02:44:28'),(50,126,'2025-07-31 02:44:28','2025-07-31 02:44:28'),(51,128,'2025-07-31 02:44:28','2025-07-31 02:44:28'),(52,128,'2025-07-31 02:44:28','2025-07-31 02:44:28'),(53,129,'2025-07-31 02:44:28','2025-07-31 02:44:28'),(54,129,'2025-07-31 02:44:28','2025-07-31 02:44:28'),(55,134,'2025-07-31 02:44:28','2025-07-31 02:44:28'),(56,134,'2025-07-31 02:44:28','2025-07-31 02:44:28'),(57,139,'2025-07-31 02:44:28','2025-07-31 02:44:28'),(58,139,'2025-07-31 02:44:28','2025-07-31 02:44:28'),(59,140,'2025-07-31 02:44:28','2025-07-31 02:44:28'),(60,140,'2025-07-31 02:44:28','2025-07-31 02:44:28'),(61,145,'2025-07-31 02:44:28','2025-07-31 02:44:28'),(62,145,'2025-07-31 02:44:28','2025-07-31 02:44:28'),(63,146,'2025-07-31 02:44:28','2025-07-31 02:44:28'),(64,146,'2025-07-31 02:44:28','2025-07-31 02:44:28'),(65,147,'2025-07-31 02:44:28','2025-07-31 02:44:28'),(66,147,'2025-07-31 02:44:28','2025-07-31 02:44:28'),(67,156,'2025-07-31 02:44:28','2025-07-31 02:44:28'),(68,156,'2025-07-31 02:44:28','2025-07-31 02:44:28'),(69,157,'2025-07-31 02:44:28','2025-07-31 02:44:28'),(70,157,'2025-07-31 02:44:28','2025-07-31 02:44:28'),(71,167,'2025-07-31 02:44:28','2025-07-31 02:44:28'),(72,167,'2025-07-31 02:44:28','2025-07-31 02:44:28'),(73,176,'2025-07-31 02:44:28','2025-07-31 02:44:28'),(74,176,'2025-07-31 02:44:28','2025-07-31 02:44:28'),(75,177,'2025-07-31 02:44:28','2025-07-31 02:44:28'),(76,177,'2025-07-31 02:44:28','2025-07-31 02:44:28'),(77,181,'2025-07-31 02:44:28','2025-07-31 02:44:28'),(78,181,'2025-07-31 02:44:28','2025-07-31 02:44:28'),(79,185,'2025-07-31 02:44:28','2025-07-31 02:44:28'),(80,185,'2025-07-31 02:44:28','2025-07-31 02:44:28'),(81,190,'2025-07-31 02:44:28','2025-07-31 02:44:28'),(82,190,'2025-07-31 02:44:28','2025-07-31 02:44:28'),(83,191,'2025-07-31 02:44:28','2025-07-31 02:44:28'),(84,191,'2025-07-31 02:44:28','2025-07-31 02:44:28'),(85,199,'2025-07-31 02:44:28','2025-07-31 02:44:28'),(86,199,'2025-07-31 02:44:28','2025-07-31 02:44:28'),(87,200,'2025-07-31 02:44:28','2025-07-31 02:44:28'),(88,200,'2025-07-31 02:44:28','2025-07-31 02:44:28'),(89,203,'2025-07-31 02:44:28','2025-07-31 02:44:28'),(90,203,'2025-07-31 02:44:28','2025-07-31 02:44:28'),(91,220,'2025-07-31 02:44:28','2025-07-31 02:44:28'),(92,220,'2025-07-31 02:44:28','2025-07-31 02:44:28'),(93,227,'2025-07-31 02:44:28','2025-07-31 02:44:28'),(94,227,'2025-07-31 02:44:28','2025-07-31 02:44:28'),(95,230,'2025-07-31 02:44:28','2025-07-31 02:44:28'),(96,230,'2025-07-31 02:44:28','2025-07-31 02:44:28'),(97,232,'2025-07-31 02:44:28','2025-07-31 02:44:28'),(98,232,'2025-07-31 02:44:28','2025-07-31 02:44:28'),(99,249,'2025-07-31 02:44:28','2025-07-31 02:44:28'),(100,249,'2025-07-31 02:44:28','2025-07-31 02:44:28'),(101,250,'2025-07-31 02:44:28','2025-07-31 02:44:28'),(102,250,'2025-07-31 02:44:28','2025-07-31 02:44:28'),(103,254,'2025-07-31 02:44:28','2025-07-31 02:44:28'),(104,254,'2025-07-31 02:44:28','2025-07-31 02:44:28'),(105,256,'2025-07-31 02:44:28','2025-07-31 02:44:28'),(106,256,'2025-07-31 02:44:28','2025-07-31 02:44:28'),(107,264,'2025-07-31 02:44:28','2025-07-31 02:44:28'),(108,264,'2025-07-31 02:44:28','2025-07-31 02:44:28'),(109,266,'2025-07-31 02:44:28','2025-07-31 02:44:28'),(110,266,'2025-07-31 02:44:28','2025-07-31 02:44:28'),(111,267,'2025-07-31 02:44:28','2025-07-31 02:44:28'),(112,267,'2025-07-31 02:44:28','2025-07-31 02:44:28'),(113,269,'2025-07-31 02:44:28','2025-07-31 02:44:28'),(114,269,'2025-07-31 02:44:28','2025-07-31 02:44:28'),(115,276,'2025-07-31 02:44:28','2025-07-31 02:44:28'),(116,276,'2025-07-31 02:44:28','2025-07-31 02:44:28'),(117,292,'2025-07-31 02:44:28','2025-07-31 02:44:28'),(118,292,'2025-07-31 02:44:28','2025-07-31 02:44:28'),(119,296,'2025-07-31 02:44:28','2025-07-31 02:44:28'),(120,296,'2025-07-31 02:44:28','2025-07-31 02:44:28'),(121,298,'2025-07-31 02:44:28','2025-07-31 02:44:28'),(122,298,'2025-07-31 02:44:28','2025-07-31 02:44:28'),(123,299,'2025-07-31 02:44:28','2025-07-31 02:44:28'),(124,299,'2025-07-31 02:44:29','2025-07-31 02:44:29'),(125,302,'2025-07-31 02:44:29','2025-07-31 02:44:29'),(126,302,'2025-07-31 02:44:29','2025-07-31 02:44:29'),(127,307,'2025-07-31 02:44:29','2025-07-31 02:44:29'),(128,307,'2025-07-31 02:44:29','2025-07-31 02:44:29'),(129,314,'2025-07-31 02:44:29','2025-07-31 02:44:29'),(130,314,'2025-07-31 02:44:29','2025-07-31 02:44:29'),(131,317,'2025-07-31 02:44:29','2025-07-31 02:44:29'),(132,317,'2025-07-31 02:44:29','2025-07-31 02:44:29'),(133,322,'2025-07-31 02:44:29','2025-07-31 02:44:29'),(134,322,'2025-07-31 02:44:29','2025-07-31 02:44:29'),(135,323,'2025-07-31 02:44:29','2025-07-31 02:44:29'),(136,323,'2025-07-31 02:44:29','2025-07-31 02:44:29'),(137,325,'2025-07-31 02:44:29','2025-07-31 02:44:29'),(138,325,'2025-07-31 02:44:29','2025-07-31 02:44:29'),(139,327,'2025-07-31 02:44:29','2025-07-31 02:44:29'),(140,327,'2025-07-31 02:44:29','2025-07-31 02:44:29'),(141,328,'2025-07-31 02:44:29','2025-07-31 02:44:29'),(142,328,'2025-07-31 02:44:29','2025-07-31 02:44:29'),(143,342,'2025-07-31 02:44:29','2025-07-31 02:44:29'),(144,342,'2025-07-31 02:44:29','2025-07-31 02:44:29'),(145,359,'2025-07-31 02:44:29','2025-07-31 02:44:29'),(146,359,'2025-07-31 02:44:29','2025-07-31 02:44:29'),(147,360,'2025-07-31 02:44:29','2025-07-31 02:44:29'),(148,360,'2025-07-31 02:44:29','2025-07-31 02:44:29'),(149,364,'2025-07-31 02:44:29','2025-07-31 02:44:29'),(150,364,'2025-07-31 02:44:29','2025-07-31 02:44:29'),(151,380,'2025-07-31 02:44:29','2025-07-31 02:44:29'),(152,380,'2025-07-31 02:44:29','2025-07-31 02:44:29'),(153,389,'2025-07-31 02:44:29','2025-07-31 02:44:29'),(154,389,'2025-07-31 02:44:29','2025-07-31 02:44:29'),(155,394,'2025-07-31 02:44:29','2025-07-31 02:44:29'),(156,394,'2025-07-31 02:44:29','2025-07-31 02:44:29'),(157,418,'2025-07-31 02:44:29','2025-07-31 02:44:29'),(158,418,'2025-07-31 02:44:29','2025-07-31 02:44:29'),(159,425,'2025-07-31 02:44:29','2025-07-31 02:44:29'),(160,425,'2025-07-31 02:44:29','2025-07-31 02:44:29'),(161,429,'2025-07-31 02:44:29','2025-07-31 02:44:29'),(162,429,'2025-07-31 02:44:29','2025-07-31 02:44:29'),(163,433,'2025-07-31 02:44:29','2025-07-31 02:44:29'),(164,433,'2025-07-31 02:44:29','2025-07-31 02:44:29'),(165,438,'2025-07-31 02:44:29','2025-07-31 02:44:29'),(166,438,'2025-07-31 02:44:29','2025-07-31 02:44:29'),(167,442,'2025-07-31 02:44:29','2025-07-31 02:44:29'),(168,442,'2025-07-31 02:44:29','2025-07-31 02:44:29'),(169,451,'2025-07-31 02:44:29','2025-07-31 02:44:29'),(170,451,'2025-07-31 02:44:29','2025-07-31 02:44:29'),(171,455,'2025-07-31 02:44:29','2025-07-31 02:44:29'),(172,455,'2025-07-31 02:44:29','2025-07-31 02:44:29'),(173,458,'2025-07-31 02:44:29','2025-07-31 02:44:29'),(174,458,'2025-07-31 02:44:29','2025-07-31 02:44:29'),(175,460,'2025-07-31 02:44:29','2025-07-31 02:44:29'),(176,460,'2025-07-31 02:44:29','2025-07-31 02:44:29'),(177,469,'2025-07-31 02:44:29','2025-07-31 02:44:29'),(178,469,'2025-07-31 02:44:29','2025-07-31 02:44:29'),(179,470,'2025-07-31 02:44:29','2025-07-31 02:44:29'),(180,470,'2025-07-31 02:44:29','2025-07-31 02:44:29'),(181,471,'2025-07-31 02:44:29','2025-07-31 02:44:29'),(182,471,'2025-07-31 02:44:29','2025-07-31 02:44:29'),(183,472,'2025-07-31 02:44:29','2025-07-31 02:44:29'),(184,472,'2025-07-31 02:44:29','2025-07-31 02:44:29'),(185,482,'2025-07-31 02:44:29','2025-07-31 02:44:29'),(186,482,'2025-07-31 02:44:29','2025-07-31 02:44:29'),(187,485,'2025-07-31 02:44:29','2025-07-31 02:44:29'),(188,485,'2025-07-31 02:44:29','2025-07-31 02:44:29'),(189,490,'2025-07-31 02:44:29','2025-07-31 02:44:29'),(190,490,'2025-07-31 02:44:29','2025-07-31 02:44:29'),(191,492,'2025-07-31 02:44:29','2025-07-31 02:44:29'),(192,492,'2025-07-31 02:44:29','2025-07-31 02:44:29'),(193,497,'2025-07-31 02:44:29','2025-07-31 02:44:29'),(194,497,'2025-07-31 02:44:29','2025-07-31 02:44:29'),(195,1,'2025-07-31 02:44:52','2025-07-31 02:44:52'),(196,1,'2025-07-31 02:44:52','2025-07-31 02:44:52'),(197,3,'2025-07-31 02:44:52','2025-07-31 02:44:52'),(198,3,'2025-07-31 02:44:52','2025-07-31 02:44:52'),(199,6,'2025-07-31 02:44:52','2025-07-31 02:44:52'),(200,6,'2025-07-31 02:44:52','2025-07-31 02:44:52'),(201,7,'2025-07-31 02:44:52','2025-07-31 02:44:52'),(202,7,'2025-07-31 02:44:52','2025-07-31 02:44:52'),(203,8,'2025-07-31 02:44:52','2025-07-31 02:44:52'),(204,8,'2025-07-31 02:44:52','2025-07-31 02:44:52'),(205,9,'2025-07-31 02:44:52','2025-07-31 02:44:52'),(206,9,'2025-07-31 02:44:52','2025-07-31 02:44:52'),(207,12,'2025-07-31 02:44:52','2025-07-31 02:44:52'),(208,12,'2025-07-31 02:44:52','2025-07-31 02:44:52'),(209,13,'2025-07-31 02:44:52','2025-07-31 02:44:52'),(210,13,'2025-07-31 02:44:52','2025-07-31 02:44:52'),(211,15,'2025-07-31 02:44:52','2025-07-31 02:44:52'),(212,15,'2025-07-31 02:44:52','2025-07-31 02:44:52'),(213,16,'2025-07-31 02:44:52','2025-07-31 02:44:52'),(214,16,'2025-07-31 02:44:52','2025-07-31 02:44:52'),(215,17,'2025-07-31 02:44:52','2025-07-31 02:44:52'),(216,17,'2025-07-31 02:44:52','2025-07-31 02:44:52'),(217,18,'2025-07-31 02:44:52','2025-07-31 02:44:52'),(218,18,'2025-07-31 02:44:52','2025-07-31 02:44:52'),(219,19,'2025-07-31 02:44:52','2025-07-31 02:44:52'),(220,19,'2025-07-31 02:44:52','2025-07-31 02:44:52'),(221,20,'2025-07-31 02:44:52','2025-07-31 02:44:52'),(222,20,'2025-07-31 02:44:52','2025-07-31 02:44:52'),(223,21,'2025-07-31 02:44:52','2025-07-31 02:44:52'),(224,21,'2025-07-31 02:44:52','2025-07-31 02:44:52'),(225,22,'2025-07-31 02:44:52','2025-07-31 02:44:52'),(226,22,'2025-07-31 02:44:52','2025-07-31 02:44:52'),(227,23,'2025-07-31 02:44:52','2025-07-31 02:44:52'),(228,23,'2025-07-31 02:44:52','2025-07-31 02:44:52'),(229,24,'2025-07-31 02:44:52','2025-07-31 02:44:52'),(230,24,'2025-07-31 02:44:52','2025-07-31 02:44:52'),(231,25,'2025-07-31 02:44:52','2025-07-31 02:44:52'),(232,25,'2025-07-31 02:44:52','2025-07-31 02:44:52'),(233,26,'2025-07-31 02:44:52','2025-07-31 02:44:52'),(234,26,'2025-07-31 02:44:52','2025-07-31 02:44:52'),(235,29,'2025-07-31 02:44:52','2025-07-31 02:44:52'),(236,29,'2025-07-31 02:44:52','2025-07-31 02:44:52'),(237,31,'2025-07-31 02:44:52','2025-07-31 02:44:52'),(238,31,'2025-07-31 02:44:52','2025-07-31 02:44:52'),(239,35,'2025-07-31 02:44:52','2025-07-31 02:44:52'),(240,35,'2025-07-31 02:44:52','2025-07-31 02:44:52'),(241,37,'2025-07-31 02:44:52','2025-07-31 02:44:52'),(242,37,'2025-07-31 02:44:52','2025-07-31 02:44:52'),(243,38,'2025-07-31 02:44:52','2025-07-31 02:44:52'),(244,38,'2025-07-31 02:44:52','2025-07-31 02:44:52'),(245,43,'2025-07-31 02:44:52','2025-07-31 02:44:52'),(246,43,'2025-07-31 02:44:52','2025-07-31 02:44:52'),(247,47,'2025-07-31 02:44:52','2025-07-31 02:44:52'),(248,47,'2025-07-31 02:44:52','2025-07-31 02:44:52'),(249,49,'2025-07-31 02:44:52','2025-07-31 02:44:52'),(250,49,'2025-07-31 02:44:52','2025-07-31 02:44:52'),(251,54,'2025-07-31 02:44:52','2025-07-31 02:44:52'),(252,54,'2025-07-31 02:44:52','2025-07-31 02:44:52'),(253,59,'2025-07-31 02:44:52','2025-07-31 02:44:52'),(254,59,'2025-07-31 02:44:52','2025-07-31 02:44:52'),(255,62,'2025-07-31 02:44:52','2025-07-31 02:44:52'),(256,62,'2025-07-31 02:44:52','2025-07-31 02:44:52'),(257,63,'2025-07-31 02:44:52','2025-07-31 02:44:52'),(258,63,'2025-07-31 02:44:52','2025-07-31 02:44:52'),(259,69,'2025-07-31 02:44:52','2025-07-31 02:44:52'),(260,69,'2025-07-31 02:44:52','2025-07-31 02:44:52'),(261,72,'2025-07-31 02:44:52','2025-07-31 02:44:52'),(262,72,'2025-07-31 02:44:52','2025-07-31 02:44:52'),(263,75,'2025-07-31 02:44:52','2025-07-31 02:44:52'),(264,75,'2025-07-31 02:44:52','2025-07-31 02:44:52'),(265,76,'2025-07-31 02:44:52','2025-07-31 02:44:52'),(266,76,'2025-07-31 02:44:52','2025-07-31 02:44:52'),(267,79,'2025-07-31 02:44:52','2025-07-31 02:44:52'),(268,79,'2025-07-31 02:44:52','2025-07-31 02:44:52'),(269,81,'2025-07-31 02:44:52','2025-07-31 02:44:52'),(270,81,'2025-07-31 02:44:52','2025-07-31 02:44:52'),(271,83,'2025-07-31 02:44:52','2025-07-31 02:44:52'),(272,83,'2025-07-31 02:44:52','2025-07-31 02:44:52'),(273,85,'2025-07-31 02:44:52','2025-07-31 02:44:52'),(274,85,'2025-07-31 02:44:52','2025-07-31 02:44:52'),(275,87,'2025-07-31 02:44:52','2025-07-31 02:44:52'),(276,87,'2025-07-31 02:44:52','2025-07-31 02:44:52'),(277,89,'2025-07-31 02:44:52','2025-07-31 02:44:52'),(278,89,'2025-07-31 02:44:52','2025-07-31 02:44:52'),(279,94,'2025-07-31 02:44:52','2025-07-31 02:44:52'),(280,94,'2025-07-31 02:44:52','2025-07-31 02:44:52'),(281,96,'2025-07-31 02:44:52','2025-07-31 02:44:52'),(282,96,'2025-07-31 02:44:52','2025-07-31 02:44:52'),(283,97,'2025-07-31 02:44:52','2025-07-31 02:44:52'),(284,97,'2025-07-31 02:44:52','2025-07-31 02:44:52'),(285,98,'2025-07-31 02:44:52','2025-07-31 02:44:52'),(286,98,'2025-07-31 02:44:52','2025-07-31 02:44:52'),(287,99,'2025-07-31 02:44:52','2025-07-31 02:44:52'),(288,99,'2025-07-31 02:44:52','2025-07-31 02:44:52'),(289,100,'2025-07-31 02:44:52','2025-07-31 02:44:52'),(290,100,'2025-07-31 02:44:52','2025-07-31 02:44:52'),(291,103,'2025-07-31 02:44:52','2025-07-31 02:44:52'),(292,103,'2025-07-31 02:44:52','2025-07-31 02:44:52'),(293,104,'2025-07-31 02:44:52','2025-07-31 02:44:52'),(294,104,'2025-07-31 02:44:52','2025-07-31 02:44:52'),(295,106,'2025-07-31 02:44:52','2025-07-31 02:44:52'),(296,106,'2025-07-31 02:44:52','2025-07-31 02:44:52'),(297,110,'2025-07-31 02:44:52','2025-07-31 02:44:52'),(298,110,'2025-07-31 02:44:52','2025-07-31 02:44:52'),(299,111,'2025-07-31 02:44:52','2025-07-31 02:44:52'),(300,111,'2025-07-31 02:44:52','2025-07-31 02:44:52'),(301,113,'2025-07-31 02:44:52','2025-07-31 02:44:52'),(302,113,'2025-07-31 02:44:52','2025-07-31 02:44:52'),(303,114,'2025-07-31 02:44:52','2025-07-31 02:44:52'),(304,114,'2025-07-31 02:44:52','2025-07-31 02:44:52'),(305,115,'2025-07-31 02:44:52','2025-07-31 02:44:52'),(306,115,'2025-07-31 02:44:52','2025-07-31 02:44:52'),(307,116,'2025-07-31 02:44:52','2025-07-31 02:44:52'),(308,116,'2025-07-31 02:44:52','2025-07-31 02:44:52'),(309,118,'2025-07-31 02:44:52','2025-07-31 02:44:52'),(310,118,'2025-07-31 02:44:52','2025-07-31 02:44:52'),(311,119,'2025-07-31 02:44:52','2025-07-31 02:44:52'),(312,119,'2025-07-31 02:44:52','2025-07-31 02:44:52'),(313,122,'2025-07-31 02:44:52','2025-07-31 02:44:52'),(314,122,'2025-07-31 02:44:52','2025-07-31 02:44:52'),(315,123,'2025-07-31 02:44:52','2025-07-31 02:44:52'),(316,123,'2025-07-31 02:44:52','2025-07-31 02:44:52'),(317,125,'2025-07-31 02:44:52','2025-07-31 02:44:52'),(318,125,'2025-07-31 02:44:52','2025-07-31 02:44:52'),(319,127,'2025-07-31 02:44:52','2025-07-31 02:44:52'),(320,127,'2025-07-31 02:44:52','2025-07-31 02:44:52'),(321,131,'2025-07-31 02:44:52','2025-07-31 02:44:52'),(322,131,'2025-07-31 02:44:52','2025-07-31 02:44:52'),(323,132,'2025-07-31 02:44:52','2025-07-31 02:44:52'),(324,132,'2025-07-31 02:44:52','2025-07-31 02:44:52'),(325,137,'2025-07-31 02:44:52','2025-07-31 02:44:52'),(326,137,'2025-07-31 02:44:52','2025-07-31 02:44:52'),(327,138,'2025-07-31 02:44:52','2025-07-31 02:44:52'),(328,138,'2025-07-31 02:44:52','2025-07-31 02:44:52'),(329,141,'2025-07-31 02:44:52','2025-07-31 02:44:52'),(330,141,'2025-07-31 02:44:52','2025-07-31 02:44:52'),(331,143,'2025-07-31 02:44:52','2025-07-31 02:44:52'),(332,143,'2025-07-31 02:44:52','2025-07-31 02:44:52'),(333,148,'2025-07-31 02:44:52','2025-07-31 02:44:52'),(334,148,'2025-07-31 02:44:52','2025-07-31 02:44:52'),(335,150,'2025-07-31 02:44:52','2025-07-31 02:44:52'),(336,150,'2025-07-31 02:44:52','2025-07-31 02:44:52'),(337,151,'2025-07-31 02:44:52','2025-07-31 02:44:52'),(338,151,'2025-07-31 02:44:52','2025-07-31 02:44:52'),(339,152,'2025-07-31 02:44:52','2025-07-31 02:44:52'),(340,152,'2025-07-31 02:44:52','2025-07-31 02:44:52'),(341,153,'2025-07-31 02:44:52','2025-07-31 02:44:52'),(342,153,'2025-07-31 02:44:52','2025-07-31 02:44:52'),(343,158,'2025-07-31 02:44:52','2025-07-31 02:44:52'),(344,158,'2025-07-31 02:44:52','2025-07-31 02:44:52'),(345,159,'2025-07-31 02:44:52','2025-07-31 02:44:52'),(346,159,'2025-07-31 02:44:52','2025-07-31 02:44:52'),(347,160,'2025-07-31 02:44:52','2025-07-31 02:44:52'),(348,160,'2025-07-31 02:44:52','2025-07-31 02:44:52'),(349,161,'2025-07-31 02:44:52','2025-07-31 02:44:52'),(350,161,'2025-07-31 02:44:52','2025-07-31 02:44:52'),(351,165,'2025-07-31 02:44:52','2025-07-31 02:44:52'),(352,165,'2025-07-31 02:44:52','2025-07-31 02:44:52'),(353,166,'2025-07-31 02:44:52','2025-07-31 02:44:52'),(354,166,'2025-07-31 02:44:52','2025-07-31 02:44:52'),(355,168,'2025-07-31 02:44:52','2025-07-31 02:44:52'),(356,168,'2025-07-31 02:44:52','2025-07-31 02:44:52'),(357,169,'2025-07-31 02:44:52','2025-07-31 02:44:52'),(358,169,'2025-07-31 02:44:52','2025-07-31 02:44:52'),(359,170,'2025-07-31 02:44:52','2025-07-31 02:44:52'),(360,170,'2025-07-31 02:44:52','2025-07-31 02:44:52'),(361,171,'2025-07-31 02:44:52','2025-07-31 02:44:52'),(362,171,'2025-07-31 02:44:52','2025-07-31 02:44:52'),(363,173,'2025-07-31 02:44:52','2025-07-31 02:44:52'),(364,173,'2025-07-31 02:44:52','2025-07-31 02:44:52'),(365,175,'2025-07-31 02:44:52','2025-07-31 02:44:52'),(366,175,'2025-07-31 02:44:52','2025-07-31 02:44:52'),(367,179,'2025-07-31 02:44:52','2025-07-31 02:44:52'),(368,179,'2025-07-31 02:44:52','2025-07-31 02:44:52'),(369,180,'2025-07-31 02:44:52','2025-07-31 02:44:52'),(370,180,'2025-07-31 02:44:52','2025-07-31 02:44:52'),(371,182,'2025-07-31 02:44:52','2025-07-31 02:44:52'),(372,182,'2025-07-31 02:44:52','2025-07-31 02:44:52'),(373,183,'2025-07-31 02:44:52','2025-07-31 02:44:52'),(374,183,'2025-07-31 02:44:52','2025-07-31 02:44:52'),(375,184,'2025-07-31 02:44:52','2025-07-31 02:44:52'),(376,184,'2025-07-31 02:44:52','2025-07-31 02:44:52'),(377,186,'2025-07-31 02:44:52','2025-07-31 02:44:52'),(378,186,'2025-07-31 02:44:52','2025-07-31 02:44:52'),(379,187,'2025-07-31 02:44:52','2025-07-31 02:44:52'),(380,187,'2025-07-31 02:44:52','2025-07-31 02:44:52'),(381,188,'2025-07-31 02:44:52','2025-07-31 02:44:52'),(382,188,'2025-07-31 02:44:52','2025-07-31 02:44:52'),(383,189,'2025-07-31 02:44:52','2025-07-31 02:44:52'),(384,189,'2025-07-31 02:44:52','2025-07-31 02:44:52'),(385,194,'2025-07-31 02:44:52','2025-07-31 02:44:52'),(386,194,'2025-07-31 02:44:52','2025-07-31 02:44:52'),(387,196,'2025-07-31 02:44:52','2025-07-31 02:44:52'),(388,196,'2025-07-31 02:44:52','2025-07-31 02:44:52'),(389,202,'2025-07-31 02:44:53','2025-07-31 02:44:53'),(390,202,'2025-07-31 02:44:53','2025-07-31 02:44:53'),(391,205,'2025-07-31 02:44:53','2025-07-31 02:44:53'),(392,205,'2025-07-31 02:44:53','2025-07-31 02:44:53'),(393,206,'2025-07-31 02:44:53','2025-07-31 02:44:53'),(394,206,'2025-07-31 02:44:53','2025-07-31 02:44:53'),(395,207,'2025-07-31 02:44:53','2025-07-31 02:44:53'),(396,207,'2025-07-31 02:44:53','2025-07-31 02:44:53'),(397,208,'2025-07-31 02:44:53','2025-07-31 02:44:53'),(398,208,'2025-07-31 02:44:53','2025-07-31 02:44:53'),(399,209,'2025-07-31 02:44:53','2025-07-31 02:44:53'),(400,209,'2025-07-31 02:44:53','2025-07-31 02:44:53'),(401,211,'2025-07-31 02:44:53','2025-07-31 02:44:53'),(402,211,'2025-07-31 02:44:53','2025-07-31 02:44:53'),(403,214,'2025-07-31 02:44:53','2025-07-31 02:44:53'),(404,214,'2025-07-31 02:44:53','2025-07-31 02:44:53'),(405,215,'2025-07-31 02:44:53','2025-07-31 02:44:53'),(406,215,'2025-07-31 02:44:53','2025-07-31 02:44:53'),(407,216,'2025-07-31 02:44:53','2025-07-31 02:44:53'),(408,216,'2025-07-31 02:44:53','2025-07-31 02:44:53'),(409,217,'2025-07-31 02:44:53','2025-07-31 02:44:53'),(410,217,'2025-07-31 02:44:53','2025-07-31 02:44:53'),(411,221,'2025-07-31 02:44:53','2025-07-31 02:44:53'),(412,221,'2025-07-31 02:44:53','2025-07-31 02:44:53'),(413,222,'2025-07-31 02:44:53','2025-07-31 02:44:53'),(414,222,'2025-07-31 02:44:53','2025-07-31 02:44:53'),(415,223,'2025-07-31 02:44:53','2025-07-31 02:44:53'),(416,223,'2025-07-31 02:44:53','2025-07-31 02:44:53'),(417,224,'2025-07-31 02:44:53','2025-07-31 02:44:53'),(418,224,'2025-07-31 02:44:53','2025-07-31 02:44:53'),(419,225,'2025-07-31 02:44:53','2025-07-31 02:44:53'),(420,225,'2025-07-31 02:44:53','2025-07-31 02:44:53'),(421,226,'2025-07-31 02:44:53','2025-07-31 02:44:53'),(422,226,'2025-07-31 02:44:53','2025-07-31 02:44:53'),(423,229,'2025-07-31 02:44:53','2025-07-31 02:44:53'),(424,229,'2025-07-31 02:44:53','2025-07-31 02:44:53'),(425,234,'2025-07-31 02:44:53','2025-07-31 02:44:53'),(426,234,'2025-07-31 02:44:53','2025-07-31 02:44:53'),(427,236,'2025-07-31 02:44:53','2025-07-31 02:44:53'),(428,236,'2025-07-31 02:44:53','2025-07-31 02:44:53'),(429,237,'2025-07-31 02:44:53','2025-07-31 02:44:53'),(430,237,'2025-07-31 02:44:53','2025-07-31 02:44:53'),(431,239,'2025-07-31 02:44:53','2025-07-31 02:44:53'),(432,239,'2025-07-31 02:44:53','2025-07-31 02:44:53'),(433,240,'2025-07-31 02:44:53','2025-07-31 02:44:53'),(434,240,'2025-07-31 02:44:53','2025-07-31 02:44:53'),(435,241,'2025-07-31 02:44:53','2025-07-31 02:44:53'),(436,241,'2025-07-31 02:44:53','2025-07-31 02:44:53'),(437,242,'2025-07-31 02:44:53','2025-07-31 02:44:53'),(438,242,'2025-07-31 02:44:53','2025-07-31 02:44:53'),(439,243,'2025-07-31 02:44:53','2025-07-31 02:44:53'),(440,243,'2025-07-31 02:44:53','2025-07-31 02:44:53'),(441,244,'2025-07-31 02:44:53','2025-07-31 02:44:53'),(442,244,'2025-07-31 02:44:53','2025-07-31 02:44:53'),(443,246,'2025-07-31 02:44:53','2025-07-31 02:44:53'),(444,246,'2025-07-31 02:44:53','2025-07-31 02:44:53'),(445,248,'2025-07-31 02:44:53','2025-07-31 02:44:53'),(446,248,'2025-07-31 02:44:53','2025-07-31 02:44:53'),(447,251,'2025-07-31 02:44:53','2025-07-31 02:44:53'),(448,251,'2025-07-31 02:44:53','2025-07-31 02:44:53'),(449,255,'2025-07-31 02:44:53','2025-07-31 02:44:53'),(450,255,'2025-07-31 02:44:53','2025-07-31 02:44:53'),(451,257,'2025-07-31 02:44:53','2025-07-31 02:44:53'),(452,257,'2025-07-31 02:44:53','2025-07-31 02:44:53'),(453,259,'2025-07-31 02:44:53','2025-07-31 02:44:53'),(454,259,'2025-07-31 02:44:53','2025-07-31 02:44:53'),(455,262,'2025-07-31 02:44:53','2025-07-31 02:44:53'),(456,262,'2025-07-31 02:44:53','2025-07-31 02:44:53'),(457,263,'2025-07-31 02:44:53','2025-07-31 02:44:53'),(458,263,'2025-07-31 02:44:53','2025-07-31 02:44:53'),(459,265,'2025-07-31 02:44:53','2025-07-31 02:44:53'),(460,265,'2025-07-31 02:44:53','2025-07-31 02:44:53'),(461,268,'2025-07-31 02:44:53','2025-07-31 02:44:53'),(462,268,'2025-07-31 02:44:53','2025-07-31 02:44:53'),(463,270,'2025-07-31 02:44:53','2025-07-31 02:44:53'),(464,270,'2025-07-31 02:44:53','2025-07-31 02:44:53'),(465,271,'2025-07-31 02:44:53','2025-07-31 02:44:53'),(466,271,'2025-07-31 02:44:53','2025-07-31 02:44:53'),(467,273,'2025-07-31 02:44:53','2025-07-31 02:44:53'),(468,273,'2025-07-31 02:44:53','2025-07-31 02:44:53'),(469,277,'2025-07-31 02:44:53','2025-07-31 02:44:53'),(470,277,'2025-07-31 02:44:53','2025-07-31 02:44:53'),(471,278,'2025-07-31 02:44:53','2025-07-31 02:44:53'),(472,278,'2025-07-31 02:44:53','2025-07-31 02:44:53'),(473,279,'2025-07-31 02:44:53','2025-07-31 02:44:53'),(474,279,'2025-07-31 02:44:53','2025-07-31 02:44:53'),(475,280,'2025-07-31 02:44:53','2025-07-31 02:44:53'),(476,280,'2025-07-31 02:44:53','2025-07-31 02:44:53'),(477,281,'2025-07-31 02:44:53','2025-07-31 02:44:53'),(478,281,'2025-07-31 02:44:53','2025-07-31 02:44:53'),(479,283,'2025-07-31 02:44:53','2025-07-31 02:44:53'),(480,283,'2025-07-31 02:44:53','2025-07-31 02:44:53'),(481,284,'2025-07-31 02:44:53','2025-07-31 02:44:53'),(482,284,'2025-07-31 02:44:53','2025-07-31 02:44:53'),(483,286,'2025-07-31 02:44:53','2025-07-31 02:44:53'),(484,286,'2025-07-31 02:44:53','2025-07-31 02:44:53'),(485,287,'2025-07-31 02:44:53','2025-07-31 02:44:53'),(486,287,'2025-07-31 02:44:53','2025-07-31 02:44:53'),(487,288,'2025-07-31 02:44:53','2025-07-31 02:44:53'),(488,288,'2025-07-31 02:44:53','2025-07-31 02:44:53'),(489,290,'2025-07-31 02:44:53','2025-07-31 02:44:53'),(490,290,'2025-07-31 02:44:53','2025-07-31 02:44:53'),(491,291,'2025-07-31 02:44:53','2025-07-31 02:44:53'),(492,291,'2025-07-31 02:44:53','2025-07-31 02:44:53'),(493,294,'2025-07-31 02:44:53','2025-07-31 02:44:53'),(494,294,'2025-07-31 02:44:53','2025-07-31 02:44:53'),(495,295,'2025-07-31 02:44:53','2025-07-31 02:44:53'),(496,295,'2025-07-31 02:44:53','2025-07-31 02:44:53'),(497,297,'2025-07-31 02:44:53','2025-07-31 02:44:53'),(498,297,'2025-07-31 02:44:53','2025-07-31 02:44:53'),(499,300,'2025-07-31 02:44:53','2025-07-31 02:44:53'),(500,300,'2025-07-31 02:44:53','2025-07-31 02:44:53'),(501,301,'2025-07-31 02:44:53','2025-07-31 02:44:53'),(502,301,'2025-07-31 02:44:53','2025-07-31 02:44:53'),(503,303,'2025-07-31 02:44:53','2025-07-31 02:44:53'),(504,303,'2025-07-31 02:44:53','2025-07-31 02:44:53'),(505,306,'2025-07-31 02:44:53','2025-07-31 02:44:53'),(506,306,'2025-07-31 02:44:53','2025-07-31 02:44:53'),(507,309,'2025-07-31 02:44:53','2025-07-31 02:44:53'),(508,309,'2025-07-31 02:44:53','2025-07-31 02:44:53'),(509,310,'2025-07-31 02:44:53','2025-07-31 02:44:53'),(510,310,'2025-07-31 02:44:53','2025-07-31 02:44:53'),(511,311,'2025-07-31 02:44:53','2025-07-31 02:44:53'),(512,311,'2025-07-31 02:44:53','2025-07-31 02:44:53'),(513,312,'2025-07-31 02:44:53','2025-07-31 02:44:53'),(514,312,'2025-07-31 02:44:53','2025-07-31 02:44:53'),(515,315,'2025-07-31 02:44:53','2025-07-31 02:44:53'),(516,315,'2025-07-31 02:44:53','2025-07-31 02:44:53'),(517,316,'2025-07-31 02:44:53','2025-07-31 02:44:53'),(518,316,'2025-07-31 02:44:53','2025-07-31 02:44:53'),(519,318,'2025-07-31 02:44:53','2025-07-31 02:44:53'),(520,318,'2025-07-31 02:44:53','2025-07-31 02:44:53'),(521,319,'2025-07-31 02:44:53','2025-07-31 02:44:53'),(522,319,'2025-07-31 02:44:53','2025-07-31 02:44:53'),(523,320,'2025-07-31 02:44:53','2025-07-31 02:44:53'),(524,320,'2025-07-31 02:44:53','2025-07-31 02:44:53'),(525,321,'2025-07-31 02:44:53','2025-07-31 02:44:53'),(526,321,'2025-07-31 02:44:53','2025-07-31 02:44:53'),(527,329,'2025-07-31 02:44:53','2025-07-31 02:44:53'),(528,329,'2025-07-31 02:44:53','2025-07-31 02:44:53'),(529,330,'2025-07-31 02:44:53','2025-07-31 02:44:53'),(530,330,'2025-07-31 02:44:53','2025-07-31 02:44:53'),(531,332,'2025-07-31 02:44:53','2025-07-31 02:44:53'),(532,332,'2025-07-31 02:44:53','2025-07-31 02:44:53'),(533,333,'2025-07-31 02:44:53','2025-07-31 02:44:53'),(534,333,'2025-07-31 02:44:53','2025-07-31 02:44:53'),(535,334,'2025-07-31 02:44:53','2025-07-31 02:44:53'),(536,334,'2025-07-31 02:44:53','2025-07-31 02:44:53'),(537,335,'2025-07-31 02:44:53','2025-07-31 02:44:53'),(538,335,'2025-07-31 02:44:53','2025-07-31 02:44:53'),(539,337,'2025-07-31 02:44:53','2025-07-31 02:44:53'),(540,337,'2025-07-31 02:44:53','2025-07-31 02:44:53'),(541,338,'2025-07-31 02:44:53','2025-07-31 02:44:53'),(542,338,'2025-07-31 02:44:53','2025-07-31 02:44:53'),(543,339,'2025-07-31 02:44:53','2025-07-31 02:44:53'),(544,339,'2025-07-31 02:44:53','2025-07-31 02:44:53'),(545,340,'2025-07-31 02:44:53','2025-07-31 02:44:53'),(546,340,'2025-07-31 02:44:53','2025-07-31 02:44:53'),(547,341,'2025-07-31 02:44:53','2025-07-31 02:44:53'),(548,341,'2025-07-31 02:44:53','2025-07-31 02:44:53'),(549,343,'2025-07-31 02:44:53','2025-07-31 02:44:53'),(550,343,'2025-07-31 02:44:53','2025-07-31 02:44:53'),(551,345,'2025-07-31 02:44:53','2025-07-31 02:44:53'),(552,345,'2025-07-31 02:44:53','2025-07-31 02:44:53'),(553,347,'2025-07-31 02:44:53','2025-07-31 02:44:53'),(554,347,'2025-07-31 02:44:53','2025-07-31 02:44:53'),(555,349,'2025-07-31 02:44:53','2025-07-31 02:44:53'),(556,349,'2025-07-31 02:44:53','2025-07-31 02:44:53'),(557,350,'2025-07-31 02:44:53','2025-07-31 02:44:53'),(558,350,'2025-07-31 02:44:53','2025-07-31 02:44:53'),(559,351,'2025-07-31 02:44:53','2025-07-31 02:44:53'),(560,351,'2025-07-31 02:44:53','2025-07-31 02:44:53'),(561,352,'2025-07-31 02:44:53','2025-07-31 02:44:53'),(562,352,'2025-07-31 02:44:53','2025-07-31 02:44:53'),(563,353,'2025-07-31 02:44:53','2025-07-31 02:44:53'),(564,353,'2025-07-31 02:44:53','2025-07-31 02:44:53'),(565,355,'2025-07-31 02:44:53','2025-07-31 02:44:53'),(566,355,'2025-07-31 02:44:53','2025-07-31 02:44:53'),(567,356,'2025-07-31 02:44:53','2025-07-31 02:44:53'),(568,356,'2025-07-31 02:44:53','2025-07-31 02:44:53'),(569,362,'2025-07-31 02:44:53','2025-07-31 02:44:53'),(570,362,'2025-07-31 02:44:53','2025-07-31 02:44:53'),(571,365,'2025-07-31 02:44:53','2025-07-31 02:44:53'),(572,365,'2025-07-31 02:44:53','2025-07-31 02:44:53'),(573,367,'2025-07-31 02:44:53','2025-07-31 02:44:53'),(574,367,'2025-07-31 02:44:53','2025-07-31 02:44:53'),(575,368,'2025-07-31 02:44:53','2025-07-31 02:44:53'),(576,368,'2025-07-31 02:44:53','2025-07-31 02:44:53'),(577,369,'2025-07-31 02:44:53','2025-07-31 02:44:53'),(578,369,'2025-07-31 02:44:53','2025-07-31 02:44:53'),(579,370,'2025-07-31 02:44:53','2025-07-31 02:44:53'),(580,370,'2025-07-31 02:44:53','2025-07-31 02:44:53'),(581,371,'2025-07-31 02:44:53','2025-07-31 02:44:53'),(582,371,'2025-07-31 02:44:53','2025-07-31 02:44:53'),(583,372,'2025-07-31 02:44:53','2025-07-31 02:44:53'),(584,372,'2025-07-31 02:44:53','2025-07-31 02:44:53'),(585,373,'2025-07-31 02:44:53','2025-07-31 02:44:53'),(586,373,'2025-07-31 02:44:53','2025-07-31 02:44:53'),(587,374,'2025-07-31 02:44:53','2025-07-31 02:44:53'),(588,374,'2025-07-31 02:44:53','2025-07-31 02:44:53'),(589,376,'2025-07-31 02:44:53','2025-07-31 02:44:53'),(590,376,'2025-07-31 02:44:53','2025-07-31 02:44:53'),(591,377,'2025-07-31 02:44:53','2025-07-31 02:44:53'),(592,377,'2025-07-31 02:44:53','2025-07-31 02:44:53'),(593,378,'2025-07-31 02:44:53','2025-07-31 02:44:53'),(594,378,'2025-07-31 02:44:53','2025-07-31 02:44:53'),(595,382,'2025-07-31 02:44:53','2025-07-31 02:44:53'),(596,382,'2025-07-31 02:44:53','2025-07-31 02:44:53'),(597,384,'2025-07-31 02:44:53','2025-07-31 02:44:53'),(598,384,'2025-07-31 02:44:53','2025-07-31 02:44:53'),(599,385,'2025-07-31 02:44:53','2025-07-31 02:44:53'),(600,385,'2025-07-31 02:44:53','2025-07-31 02:44:53'),(601,388,'2025-07-31 02:44:53','2025-07-31 02:44:53'),(602,388,'2025-07-31 02:44:53','2025-07-31 02:44:53'),(603,391,'2025-07-31 02:44:53','2025-07-31 02:44:53'),(604,391,'2025-07-31 02:44:53','2025-07-31 02:44:53'),(605,393,'2025-07-31 02:44:53','2025-07-31 02:44:53'),(606,393,'2025-07-31 02:44:53','2025-07-31 02:44:53'),(607,396,'2025-07-31 02:44:53','2025-07-31 02:44:53'),(608,396,'2025-07-31 02:44:53','2025-07-31 02:44:53'),(609,397,'2025-07-31 02:44:53','2025-07-31 02:44:53'),(610,397,'2025-07-31 02:44:53','2025-07-31 02:44:53'),(611,399,'2025-07-31 02:44:53','2025-07-31 02:44:53'),(612,399,'2025-07-31 02:44:53','2025-07-31 02:44:53'),(613,403,'2025-07-31 02:44:53','2025-07-31 02:44:53'),(614,403,'2025-07-31 02:44:53','2025-07-31 02:44:53'),(615,406,'2025-07-31 02:44:53','2025-07-31 02:44:53'),(616,406,'2025-07-31 02:44:53','2025-07-31 02:44:53'),(617,409,'2025-07-31 02:44:53','2025-07-31 02:44:53'),(618,409,'2025-07-31 02:44:53','2025-07-31 02:44:53'),(619,412,'2025-07-31 02:44:53','2025-07-31 02:44:53'),(620,412,'2025-07-31 02:44:53','2025-07-31 02:44:53'),(621,413,'2025-07-31 02:44:53','2025-07-31 02:44:53'),(622,413,'2025-07-31 02:44:53','2025-07-31 02:44:53'),(623,415,'2025-07-31 02:44:53','2025-07-31 02:44:53'),(624,415,'2025-07-31 02:44:53','2025-07-31 02:44:53'),(625,417,'2025-07-31 02:44:53','2025-07-31 02:44:53'),(626,417,'2025-07-31 02:44:53','2025-07-31 02:44:53'),(627,419,'2025-07-31 02:44:53','2025-07-31 02:44:53'),(628,419,'2025-07-31 02:44:53','2025-07-31 02:44:53'),(629,420,'2025-07-31 02:44:53','2025-07-31 02:44:53'),(630,420,'2025-07-31 02:44:53','2025-07-31 02:44:53'),(631,422,'2025-07-31 02:44:53','2025-07-31 02:44:53'),(632,422,'2025-07-31 02:44:53','2025-07-31 02:44:53'),(633,423,'2025-07-31 02:44:53','2025-07-31 02:44:53'),(634,423,'2025-07-31 02:44:53','2025-07-31 02:44:53'),(635,430,'2025-07-31 02:44:53','2025-07-31 02:44:53'),(636,430,'2025-07-31 02:44:53','2025-07-31 02:44:53'),(637,432,'2025-07-31 02:44:53','2025-07-31 02:44:53'),(638,432,'2025-07-31 02:44:53','2025-07-31 02:44:53'),(639,435,'2025-07-31 02:44:53','2025-07-31 02:44:53'),(640,435,'2025-07-31 02:44:53','2025-07-31 02:44:53'),(641,439,'2025-07-31 02:44:53','2025-07-31 02:44:53'),(642,439,'2025-07-31 02:44:53','2025-07-31 02:44:53'),(643,441,'2025-07-31 02:44:53','2025-07-31 02:44:53'),(644,441,'2025-07-31 02:44:53','2025-07-31 02:44:53'),(645,445,'2025-07-31 02:44:53','2025-07-31 02:44:53'),(646,445,'2025-07-31 02:44:53','2025-07-31 02:44:53'),(647,446,'2025-07-31 02:44:53','2025-07-31 02:44:53'),(648,446,'2025-07-31 02:44:53','2025-07-31 02:44:53'),(649,447,'2025-07-31 02:44:53','2025-07-31 02:44:53'),(650,447,'2025-07-31 02:44:53','2025-07-31 02:44:53'),(651,448,'2025-07-31 02:44:53','2025-07-31 02:44:53'),(652,448,'2025-07-31 02:44:53','2025-07-31 02:44:53'),(653,450,'2025-07-31 02:44:53','2025-07-31 02:44:53'),(654,450,'2025-07-31 02:44:53','2025-07-31 02:44:53'),(655,453,'2025-07-31 02:44:53','2025-07-31 02:44:53'),(656,453,'2025-07-31 02:44:53','2025-07-31 02:44:53'),(657,454,'2025-07-31 02:44:53','2025-07-31 02:44:53'),(658,454,'2025-07-31 02:44:53','2025-07-31 02:44:53'),(659,457,'2025-07-31 02:44:53','2025-07-31 02:44:53'),(660,457,'2025-07-31 02:44:53','2025-07-31 02:44:53'),(661,459,'2025-07-31 02:44:53','2025-07-31 02:44:53'),(662,459,'2025-07-31 02:44:53','2025-07-31 02:44:53'),(663,462,'2025-07-31 02:44:53','2025-07-31 02:44:53'),(664,462,'2025-07-31 02:44:53','2025-07-31 02:44:53'),(665,464,'2025-07-31 02:44:53','2025-07-31 02:44:53'),(666,464,'2025-07-31 02:44:53','2025-07-31 02:44:53'),(667,465,'2025-07-31 02:44:53','2025-07-31 02:44:53'),(668,465,'2025-07-31 02:44:53','2025-07-31 02:44:53'),(669,467,'2025-07-31 02:44:53','2025-07-31 02:44:53'),(670,467,'2025-07-31 02:44:53','2025-07-31 02:44:53'),(671,473,'2025-07-31 02:44:53','2025-07-31 02:44:53'),(672,473,'2025-07-31 02:44:53','2025-07-31 02:44:53'),(673,474,'2025-07-31 02:44:53','2025-07-31 02:44:53'),(674,474,'2025-07-31 02:44:53','2025-07-31 02:44:53'),(675,475,'2025-07-31 02:44:53','2025-07-31 02:44:53'),(676,475,'2025-07-31 02:44:53','2025-07-31 02:44:53'),(677,476,'2025-07-31 02:44:53','2025-07-31 02:44:53'),(678,476,'2025-07-31 02:44:53','2025-07-31 02:44:53'),(679,477,'2025-07-31 02:44:53','2025-07-31 02:44:53'),(680,477,'2025-07-31 02:44:53','2025-07-31 02:44:53'),(681,480,'2025-07-31 02:44:53','2025-07-31 02:44:53'),(682,480,'2025-07-31 02:44:53','2025-07-31 02:44:53'),(683,484,'2025-07-31 02:44:53','2025-07-31 02:44:53'),(684,484,'2025-07-31 02:44:53','2025-07-31 02:44:53'),(685,486,'2025-07-31 02:44:53','2025-07-31 02:44:53'),(686,486,'2025-07-31 02:44:53','2025-07-31 02:44:53'),(687,487,'2025-07-31 02:44:53','2025-07-31 02:44:53'),(688,487,'2025-07-31 02:44:53','2025-07-31 02:44:53'),(689,488,'2025-07-31 02:44:53','2025-07-31 02:44:53'),(690,488,'2025-07-31 02:44:53','2025-07-31 02:44:53'),(691,493,'2025-07-31 02:44:53','2025-07-31 02:44:53'),(692,493,'2025-07-31 02:44:53','2025-07-31 02:44:53'),(693,495,'2025-07-31 02:44:53','2025-07-31 02:44:53'),(694,495,'2025-07-31 02:44:53','2025-07-31 02:44:53'),(695,496,'2025-07-31 02:44:53','2025-07-31 02:44:53'),(696,496,'2025-07-31 02:44:53','2025-07-31 02:44:53'),(697,498,'2025-07-31 02:44:53','2025-07-31 02:44:53'),(698,498,'2025-07-31 02:44:53','2025-07-31 02:44:53'),(699,500,'2025-07-31 02:44:53','2025-07-31 02:44:53'),(700,500,'2025-07-31 02:44:53','2025-07-31 02:44:53'),(701,2,'2025-07-31 02:45:19','2025-07-31 02:45:19'),(702,2,'2025-07-31 02:45:19','2025-07-31 02:45:19'),(703,4,'2025-07-31 02:45:19','2025-07-31 02:45:19'),(704,4,'2025-07-31 02:45:19','2025-07-31 02:45:19'),(705,5,'2025-07-31 02:45:19','2025-07-31 02:45:19'),(706,5,'2025-07-31 02:45:19','2025-07-31 02:45:19'),(709,14,'2025-07-31 02:45:19','2025-07-31 02:45:19'),(710,14,'2025-07-31 02:45:19','2025-07-31 02:45:19'),(711,27,'2025-07-31 02:45:19','2025-07-31 02:45:19'),(712,27,'2025-07-31 02:45:19','2025-07-31 02:45:19'),(713,28,'2025-07-31 02:45:19','2025-07-31 02:45:19'),(714,28,'2025-07-31 02:45:19','2025-07-31 02:45:19'),(715,30,'2025-07-31 02:45:19','2025-07-31 02:45:19'),(716,30,'2025-07-31 02:45:19','2025-07-31 02:45:19'),(717,32,'2025-07-31 02:45:19','2025-07-31 02:45:19'),(718,32,'2025-07-31 02:45:19','2025-07-31 02:45:19'),(719,33,'2025-07-31 02:45:19','2025-07-31 02:45:19'),(720,33,'2025-07-31 02:45:19','2025-07-31 02:45:19'),(721,34,'2025-07-31 02:45:19','2025-07-31 02:45:19'),(722,34,'2025-07-31 02:45:19','2025-07-31 02:45:19'),(723,36,'2025-07-31 02:45:19','2025-07-31 02:45:19'),(724,36,'2025-07-31 02:45:19','2025-07-31 02:45:19'),(725,41,'2025-07-31 02:45:19','2025-07-31 02:45:19'),(726,41,'2025-07-31 02:45:19','2025-07-31 02:45:19'),(727,45,'2025-07-31 02:45:19','2025-07-31 02:45:19'),(728,45,'2025-07-31 02:45:19','2025-07-31 02:45:19'),(729,51,'2025-07-31 02:45:19','2025-07-31 02:45:19'),(730,51,'2025-07-31 02:45:19','2025-07-31 02:45:19'),(731,52,'2025-07-31 02:45:19','2025-07-31 02:45:19'),(732,52,'2025-07-31 02:45:19','2025-07-31 02:45:19'),(733,56,'2025-07-31 02:45:19','2025-07-31 02:45:19'),(734,56,'2025-07-31 02:45:19','2025-07-31 02:45:19'),(735,60,'2025-07-31 02:45:19','2025-07-31 02:45:19'),(736,60,'2025-07-31 02:45:19','2025-07-31 02:45:19'),(737,61,'2025-07-31 02:45:19','2025-07-31 02:45:19'),(738,61,'2025-07-31 02:45:19','2025-07-31 02:45:19'),(739,65,'2025-07-31 02:45:19','2025-07-31 02:45:19'),(740,65,'2025-07-31 02:45:19','2025-07-31 02:45:19'),(741,66,'2025-07-31 02:45:19','2025-07-31 02:45:19'),(742,66,'2025-07-31 02:45:19','2025-07-31 02:45:19'),(743,67,'2025-07-31 02:45:19','2025-07-31 02:45:19'),(744,67,'2025-07-31 02:45:19','2025-07-31 02:45:19'),(745,68,'2025-07-31 02:45:19','2025-07-31 02:45:19'),(746,68,'2025-07-31 02:45:19','2025-07-31 02:45:19'),(747,70,'2025-07-31 02:45:19','2025-07-31 02:45:19'),(748,70,'2025-07-31 02:45:19','2025-07-31 02:45:19'),(749,71,'2025-07-31 02:45:19','2025-07-31 02:45:19'),(750,71,'2025-07-31 02:45:19','2025-07-31 02:45:19'),(751,73,'2025-07-31 02:45:19','2025-07-31 02:45:19'),(752,73,'2025-07-31 02:45:19','2025-07-31 02:45:19'),(753,77,'2025-07-31 02:45:19','2025-07-31 02:45:19'),(754,77,'2025-07-31 02:45:19','2025-07-31 02:45:19'),(755,82,'2025-07-31 02:45:19','2025-07-31 02:45:19'),(756,82,'2025-07-31 02:45:19','2025-07-31 02:45:19'),(757,84,'2025-07-31 02:45:19','2025-07-31 02:45:19'),(758,84,'2025-07-31 02:45:19','2025-07-31 02:45:19'),(759,86,'2025-07-31 02:45:19','2025-07-31 02:45:19'),(760,86,'2025-07-31 02:45:19','2025-07-31 02:45:19'),(761,88,'2025-07-31 02:45:19','2025-07-31 02:45:19'),(762,88,'2025-07-31 02:45:19','2025-07-31 02:45:19'),(763,91,'2025-07-31 02:45:19','2025-07-31 02:45:19'),(764,91,'2025-07-31 02:45:19','2025-07-31 02:45:19'),(765,95,'2025-07-31 02:45:19','2025-07-31 02:45:19'),(766,95,'2025-07-31 02:45:19','2025-07-31 02:45:19'),(767,107,'2025-07-31 02:45:19','2025-07-31 02:45:19'),(768,107,'2025-07-31 02:45:19','2025-07-31 02:45:19'),(769,108,'2025-07-31 02:45:19','2025-07-31 02:45:19'),(770,108,'2025-07-31 02:45:19','2025-07-31 02:45:19'),(771,109,'2025-07-31 02:45:19','2025-07-31 02:45:19'),(772,109,'2025-07-31 02:45:19','2025-07-31 02:45:19'),(773,112,'2025-07-31 02:45:19','2025-07-31 02:45:19'),(774,112,'2025-07-31 02:45:19','2025-07-31 02:45:19'),(775,117,'2025-07-31 02:45:19','2025-07-31 02:45:19'),(776,117,'2025-07-31 02:45:19','2025-07-31 02:45:19'),(777,121,'2025-07-31 02:45:19','2025-07-31 02:45:19'),(778,121,'2025-07-31 02:45:19','2025-07-31 02:45:19'),(779,130,'2025-07-31 02:45:19','2025-07-31 02:45:19'),(780,130,'2025-07-31 02:45:19','2025-07-31 02:45:19'),(781,133,'2025-07-31 02:45:19','2025-07-31 02:45:19'),(782,133,'2025-07-31 02:45:19','2025-07-31 02:45:19'),(783,135,'2025-07-31 02:45:19','2025-07-31 02:45:19'),(784,135,'2025-07-31 02:45:19','2025-07-31 02:45:19'),(785,136,'2025-07-31 02:45:19','2025-07-31 02:45:19'),(786,136,'2025-07-31 02:45:19','2025-07-31 02:45:19'),(787,142,'2025-07-31 02:45:19','2025-07-31 02:45:19'),(788,142,'2025-07-31 02:45:19','2025-07-31 02:45:19'),(789,144,'2025-07-31 02:45:19','2025-07-31 02:45:19'),(790,144,'2025-07-31 02:45:19','2025-07-31 02:45:19'),(791,149,'2025-07-31 02:45:19','2025-07-31 02:45:19'),(792,149,'2025-07-31 02:45:19','2025-07-31 02:45:19'),(793,154,'2025-07-31 02:45:19','2025-07-31 02:45:19'),(794,154,'2025-07-31 02:45:19','2025-07-31 02:45:19'),(795,155,'2025-07-31 02:45:19','2025-07-31 02:45:19'),(796,155,'2025-07-31 02:45:19','2025-07-31 02:45:19'),(797,162,'2025-07-31 02:45:19','2025-07-31 02:45:19'),(798,162,'2025-07-31 02:45:19','2025-07-31 02:45:19'),(799,163,'2025-07-31 02:45:19','2025-07-31 02:45:19'),(800,163,'2025-07-31 02:45:19','2025-07-31 02:45:19'),(801,164,'2025-07-31 02:45:19','2025-07-31 02:45:19'),(802,164,'2025-07-31 02:45:19','2025-07-31 02:45:19'),(803,172,'2025-07-31 02:45:19','2025-07-31 02:45:19'),(804,172,'2025-07-31 02:45:19','2025-07-31 02:45:19'),(805,174,'2025-07-31 02:45:19','2025-07-31 02:45:19'),(806,174,'2025-07-31 02:45:19','2025-07-31 02:45:19'),(807,178,'2025-07-31 02:45:19','2025-07-31 02:45:19'),(808,178,'2025-07-31 02:45:19','2025-07-31 02:45:19'),(809,192,'2025-07-31 02:45:19','2025-07-31 02:45:19'),(810,192,'2025-07-31 02:45:19','2025-07-31 02:45:19'),(811,193,'2025-07-31 02:45:19','2025-07-31 02:45:19'),(812,193,'2025-07-31 02:45:19','2025-07-31 02:45:19'),(813,195,'2025-07-31 02:45:19','2025-07-31 02:45:19'),(814,195,'2025-07-31 02:45:19','2025-07-31 02:45:19'),(815,197,'2025-07-31 02:45:19','2025-07-31 02:45:19'),(816,197,'2025-07-31 02:45:19','2025-07-31 02:45:19'),(817,198,'2025-07-31 02:45:19','2025-07-31 02:45:19'),(818,198,'2025-07-31 02:45:19','2025-07-31 02:45:19'),(819,201,'2025-07-31 02:45:19','2025-07-31 02:45:19'),(820,201,'2025-07-31 02:45:19','2025-07-31 02:45:19'),(821,204,'2025-07-31 02:45:19','2025-07-31 02:45:19'),(822,204,'2025-07-31 02:45:19','2025-07-31 02:45:19'),(823,210,'2025-07-31 02:45:19','2025-07-31 02:45:19'),(824,210,'2025-07-31 02:45:19','2025-07-31 02:45:19'),(825,212,'2025-07-31 02:45:19','2025-07-31 02:45:19'),(826,212,'2025-07-31 02:45:19','2025-07-31 02:45:19'),(827,213,'2025-07-31 02:45:19','2025-07-31 02:45:19'),(828,213,'2025-07-31 02:45:19','2025-07-31 02:45:19'),(829,218,'2025-07-31 02:45:19','2025-07-31 02:45:19'),(830,218,'2025-07-31 02:45:19','2025-07-31 02:45:19'),(831,219,'2025-07-31 02:45:19','2025-07-31 02:45:19'),(832,219,'2025-07-31 02:45:19','2025-07-31 02:45:19'),(833,228,'2025-07-31 02:45:19','2025-07-31 02:45:19'),(834,228,'2025-07-31 02:45:19','2025-07-31 02:45:19'),(835,231,'2025-07-31 02:45:19','2025-07-31 02:45:19'),(836,231,'2025-07-31 02:45:19','2025-07-31 02:45:19'),(837,233,'2025-07-31 02:45:19','2025-07-31 02:45:19'),(838,233,'2025-07-31 02:45:19','2025-07-31 02:45:19'),(839,235,'2025-07-31 02:45:19','2025-07-31 02:45:19'),(840,235,'2025-07-31 02:45:19','2025-07-31 02:45:19'),(841,238,'2025-07-31 02:45:19','2025-07-31 02:45:19'),(842,238,'2025-07-31 02:45:19','2025-07-31 02:45:19'),(843,245,'2025-07-31 02:45:19','2025-07-31 02:45:19'),(844,245,'2025-07-31 02:45:19','2025-07-31 02:45:19'),(845,247,'2025-07-31 02:45:19','2025-07-31 02:45:19'),(846,247,'2025-07-31 02:45:19','2025-07-31 02:45:19'),(847,252,'2025-07-31 02:45:19','2025-07-31 02:45:19'),(848,252,'2025-07-31 02:45:19','2025-07-31 02:45:19'),(849,253,'2025-07-31 02:45:19','2025-07-31 02:45:19'),(850,253,'2025-07-31 02:45:19','2025-07-31 02:45:19'),(851,258,'2025-07-31 02:45:19','2025-07-31 02:45:19'),(852,258,'2025-07-31 02:45:19','2025-07-31 02:45:19'),(853,260,'2025-07-31 02:45:19','2025-07-31 02:45:19'),(854,260,'2025-07-31 02:45:19','2025-07-31 02:45:19'),(855,261,'2025-07-31 02:45:19','2025-07-31 02:45:19'),(856,261,'2025-07-31 02:45:19','2025-07-31 02:45:19'),(857,272,'2025-07-31 02:45:19','2025-07-31 02:45:19'),(858,272,'2025-07-31 02:45:19','2025-07-31 02:45:19'),(859,274,'2025-07-31 02:45:19','2025-07-31 02:45:19'),(860,274,'2025-07-31 02:45:19','2025-07-31 02:45:19'),(861,275,'2025-07-31 02:45:19','2025-07-31 02:45:19'),(862,275,'2025-07-31 02:45:19','2025-07-31 02:45:19'),(863,282,'2025-07-31 02:45:19','2025-07-31 02:45:19'),(864,282,'2025-07-31 02:45:19','2025-07-31 02:45:19'),(865,285,'2025-07-31 02:45:19','2025-07-31 02:45:19'),(866,285,'2025-07-31 02:45:19','2025-07-31 02:45:19'),(867,289,'2025-07-31 02:45:19','2025-07-31 02:45:19'),(868,289,'2025-07-31 02:45:19','2025-07-31 02:45:19'),(869,293,'2025-07-31 02:45:19','2025-07-31 02:45:19'),(870,293,'2025-07-31 02:45:19','2025-07-31 02:45:19'),(871,304,'2025-07-31 02:45:19','2025-07-31 02:45:19'),(872,304,'2025-07-31 02:45:19','2025-07-31 02:45:19'),(873,305,'2025-07-31 02:45:19','2025-07-31 02:45:19'),(874,305,'2025-07-31 02:45:19','2025-07-31 02:45:19'),(875,308,'2025-07-31 02:45:19','2025-07-31 02:45:19'),(876,308,'2025-07-31 02:45:19','2025-07-31 02:45:19'),(877,313,'2025-07-31 02:45:19','2025-07-31 02:45:19'),(878,313,'2025-07-31 02:45:19','2025-07-31 02:45:19'),(879,324,'2025-07-31 02:45:19','2025-07-31 02:45:19'),(880,324,'2025-07-31 02:45:19','2025-07-31 02:45:19'),(881,326,'2025-07-31 02:45:19','2025-07-31 02:45:19'),(882,326,'2025-07-31 02:45:19','2025-07-31 02:45:19'),(883,331,'2025-07-31 02:45:19','2025-07-31 02:45:19'),(884,331,'2025-07-31 02:45:19','2025-07-31 02:45:19'),(885,336,'2025-07-31 02:45:19','2025-07-31 02:45:19'),(886,336,'2025-07-31 02:45:19','2025-07-31 02:45:19'),(887,344,'2025-07-31 02:45:19','2025-07-31 02:45:19'),(888,344,'2025-07-31 02:45:19','2025-07-31 02:45:19'),(889,346,'2025-07-31 02:45:19','2025-07-31 02:45:19'),(890,346,'2025-07-31 02:45:19','2025-07-31 02:45:19'),(891,348,'2025-07-31 02:45:19','2025-07-31 02:45:19'),(892,348,'2025-07-31 02:45:19','2025-07-31 02:45:19'),(893,354,'2025-07-31 02:45:19','2025-07-31 02:45:19'),(894,354,'2025-07-31 02:45:19','2025-07-31 02:45:19'),(895,357,'2025-07-31 02:45:19','2025-07-31 02:45:19'),(896,357,'2025-07-31 02:45:19','2025-07-31 02:45:19'),(897,358,'2025-07-31 02:45:19','2025-07-31 02:45:19'),(898,358,'2025-07-31 02:45:19','2025-07-31 02:45:19'),(899,361,'2025-07-31 02:45:19','2025-07-31 02:45:19'),(900,361,'2025-07-31 02:45:19','2025-07-31 02:45:19'),(901,363,'2025-07-31 02:45:19','2025-07-31 02:45:19'),(902,363,'2025-07-31 02:45:19','2025-07-31 02:45:19'),(903,366,'2025-07-31 02:45:19','2025-07-31 02:45:19'),(904,366,'2025-07-31 02:45:19','2025-07-31 02:45:19'),(905,375,'2025-07-31 02:45:19','2025-07-31 02:45:19'),(906,375,'2025-07-31 02:45:19','2025-07-31 02:45:19'),(907,379,'2025-07-31 02:45:19','2025-07-31 02:45:19'),(908,379,'2025-07-31 02:45:19','2025-07-31 02:45:19'),(909,381,'2025-07-31 02:45:19','2025-07-31 02:45:19'),(910,381,'2025-07-31 02:45:19','2025-07-31 02:45:19'),(911,383,'2025-07-31 02:45:19','2025-07-31 02:45:19'),(912,383,'2025-07-31 02:45:19','2025-07-31 02:45:19'),(913,386,'2025-07-31 02:45:19','2025-07-31 02:45:19'),(914,386,'2025-07-31 02:45:19','2025-07-31 02:45:19'),(915,387,'2025-07-31 02:45:19','2025-07-31 02:45:19'),(916,387,'2025-07-31 02:45:19','2025-07-31 02:45:19'),(917,390,'2025-07-31 02:45:19','2025-07-31 02:45:19'),(918,390,'2025-07-31 02:45:19','2025-07-31 02:45:19'),(919,392,'2025-07-31 02:45:19','2025-07-31 02:45:19'),(920,392,'2025-07-31 02:45:19','2025-07-31 02:45:19'),(921,395,'2025-07-31 02:45:19','2025-07-31 02:45:19'),(922,395,'2025-07-31 02:45:19','2025-07-31 02:45:19'),(923,398,'2025-07-31 02:45:19','2025-07-31 02:45:19'),(924,398,'2025-07-31 02:45:19','2025-07-31 02:45:19'),(925,400,'2025-07-31 02:45:19','2025-07-31 02:45:19'),(926,400,'2025-07-31 02:45:19','2025-07-31 02:45:19'),(927,401,'2025-07-31 02:45:19','2025-07-31 02:45:19'),(928,401,'2025-07-31 02:45:19','2025-07-31 02:45:19'),(929,402,'2025-07-31 02:45:19','2025-07-31 02:45:19'),(930,402,'2025-07-31 02:45:19','2025-07-31 02:45:19'),(931,404,'2025-07-31 02:45:19','2025-07-31 02:45:19'),(932,404,'2025-07-31 02:45:19','2025-07-31 02:45:19'),(933,405,'2025-07-31 02:45:19','2025-07-31 02:45:19'),(934,405,'2025-07-31 02:45:19','2025-07-31 02:45:19'),(935,407,'2025-07-31 02:45:19','2025-07-31 02:45:19'),(936,407,'2025-07-31 02:45:19','2025-07-31 02:45:19'),(937,408,'2025-07-31 02:45:19','2025-07-31 02:45:19'),(938,408,'2025-07-31 02:45:19','2025-07-31 02:45:19'),(939,410,'2025-07-31 02:45:19','2025-07-31 02:45:19'),(940,410,'2025-07-31 02:45:19','2025-07-31 02:45:19'),(941,411,'2025-07-31 02:45:19','2025-07-31 02:45:19'),(942,411,'2025-07-31 02:45:19','2025-07-31 02:45:19'),(943,414,'2025-07-31 02:45:19','2025-07-31 02:45:19'),(944,414,'2025-07-31 02:45:19','2025-07-31 02:45:19'),(945,416,'2025-07-31 02:45:19','2025-07-31 02:45:19'),(946,416,'2025-07-31 02:45:19','2025-07-31 02:45:19'),(947,421,'2025-07-31 02:45:19','2025-07-31 02:45:19'),(948,421,'2025-07-31 02:45:19','2025-07-31 02:45:19'),(949,424,'2025-07-31 02:45:19','2025-07-31 02:45:19'),(950,424,'2025-07-31 02:45:19','2025-07-31 02:45:19'),(951,426,'2025-07-31 02:45:19','2025-07-31 02:45:19'),(952,426,'2025-07-31 02:45:19','2025-07-31 02:45:19'),(953,427,'2025-07-31 02:45:19','2025-07-31 02:45:19'),(954,427,'2025-07-31 02:45:19','2025-07-31 02:45:19'),(955,428,'2025-07-31 02:45:19','2025-07-31 02:45:19'),(956,428,'2025-07-31 02:45:19','2025-07-31 02:45:19'),(957,431,'2025-07-31 02:45:19','2025-07-31 02:45:19'),(958,431,'2025-07-31 02:45:19','2025-07-31 02:45:19'),(959,434,'2025-07-31 02:45:19','2025-07-31 02:45:19'),(960,434,'2025-07-31 02:45:19','2025-07-31 02:45:19'),(961,436,'2025-07-31 02:45:19','2025-07-31 02:45:19'),(962,436,'2025-07-31 02:45:19','2025-07-31 02:45:19'),(963,437,'2025-07-31 02:45:19','2025-07-31 02:45:19'),(964,437,'2025-07-31 02:45:19','2025-07-31 02:45:19'),(965,440,'2025-07-31 02:45:19','2025-07-31 02:45:19'),(966,440,'2025-07-31 02:45:19','2025-07-31 02:45:19'),(967,443,'2025-07-31 02:45:20','2025-07-31 02:45:20'),(968,443,'2025-07-31 02:45:20','2025-07-31 02:45:20'),(969,444,'2025-07-31 02:45:20','2025-07-31 02:45:20'),(970,444,'2025-07-31 02:45:20','2025-07-31 02:45:20'),(971,449,'2025-07-31 02:45:20','2025-07-31 02:45:20'),(972,449,'2025-07-31 02:45:20','2025-07-31 02:45:20'),(973,452,'2025-07-31 02:45:20','2025-07-31 02:45:20'),(974,452,'2025-07-31 02:45:20','2025-07-31 02:45:20'),(975,456,'2025-07-31 02:45:20','2025-07-31 02:45:20'),(976,456,'2025-07-31 02:45:20','2025-07-31 02:45:20'),(977,461,'2025-07-31 02:45:20','2025-07-31 02:45:20'),(978,461,'2025-07-31 02:45:20','2025-07-31 02:45:20'),(979,463,'2025-07-31 02:45:20','2025-07-31 02:45:20'),(980,463,'2025-07-31 02:45:20','2025-07-31 02:45:20'),(981,466,'2025-07-31 02:45:20','2025-07-31 02:45:20'),(982,466,'2025-07-31 02:45:20','2025-07-31 02:45:20'),(983,468,'2025-07-31 02:45:20','2025-07-31 02:45:20'),(984,468,'2025-07-31 02:45:20','2025-07-31 02:45:20'),(985,478,'2025-07-31 02:45:20','2025-07-31 02:45:20'),(986,478,'2025-07-31 02:45:20','2025-07-31 02:45:20'),(987,479,'2025-07-31 02:45:20','2025-07-31 02:45:20'),(988,479,'2025-07-31 02:45:20','2025-07-31 02:45:20'),(989,481,'2025-07-31 02:45:20','2025-07-31 02:45:20'),(990,481,'2025-07-31 02:45:20','2025-07-31 02:45:20'),(991,483,'2025-07-31 02:45:20','2025-07-31 02:45:20'),(992,483,'2025-07-31 02:45:20','2025-07-31 02:45:20'),(993,489,'2025-07-31 02:45:20','2025-07-31 02:45:20'),(994,489,'2025-07-31 02:45:20','2025-07-31 02:45:20'),(995,491,'2025-07-31 02:45:20','2025-07-31 02:45:20'),(996,491,'2025-07-31 02:45:20','2025-07-31 02:45:20'),(997,494,'2025-07-31 02:45:20','2025-07-31 02:45:20'),(998,494,'2025-07-31 02:45:20','2025-07-31 02:45:20'),(999,499,'2025-07-31 02:45:20','2025-07-31 02:45:20'),(1000,499,'2025-07-31 02:45:20','2025-07-31 02:45:20'),(1023,9,'2025-08-04 06:38:15','2025-08-04 06:38:15'),(1023,503,'2025-08-04 06:38:15','2025-08-04 06:38:15');
/*!40000 ALTER TABLE `product_categories` ENABLE KEYS */;
UNLOCK TABLES;

--
-- Table structure for table `products`
--

DROP TABLE IF EXISTS `products`;
/*!40101 SET @saved_cs_client     = @@character_set_client */;
/*!50503 SET character_set_client = utf8mb4 */;
CREATE TABLE `products` (
  `id` int NOT NULL AUTO_INCREMENT,
  `shopId` int NOT NULL,
  `name` varchar(255) NOT NULL,
  `price` float NOT NULL,
  `salePrice` float DEFAULT NULL,
  `description` text,
  `stock` int NOT NULL DEFAULT '0',
  `imageUrl` varchar(255) DEFAULT NULL,
  `isActive` tinyint(1) DEFAULT '1',
  `createdAt` datetime NOT NULL,
  `updatedAt` datetime NOT NULL,
  PRIMARY KEY (`id`),
  UNIQUE KEY `id` (`id`),
  KEY `shopId` (`shopId`),
  CONSTRAINT `products_ibfk_1` FOREIGN KEY (`shopId`) REFERENCES `shops` (`id`) ON DELETE CASCADE ON UPDATE CASCADE
) ENGINE=InnoDB AUTO_INCREMENT=1024 DEFAULT CHARSET=utf8mb4 COLLATE=utf8mb4_0900_ai_ci;
/*!40101 SET character_set_client = @saved_cs_client */;

--
-- Dumping data for table `products`
--

LOCK TABLES `products` WRITE;
/*!40000 ALTER TABLE `products` DISABLE KEYS */;
INSERT INTO `products` VALUES (1,2,'Office Chair',41.99,37,'Ergonomically designed chair for all-day comfort',100,'https://i.pinimg.com/736x/77/49/6f/77496f48d71ec1f0ded95cb35b7db519.jpg',1,'2025-07-31 02:44:28','2025-07-31 02:44:28'),(2,2,'Desk Organizer',39.99,35,'Keep your desk neat with this space-saving organizer',100,'https://i.pinimg.com/736x/cc/15/b1/cc15b1fe261128827fda20766bb3847d.jpg',1,'2025-07-31 02:44:28','2025-07-31 02:44:28'),(3,4,'Shampoo (500ml)',3.49,3,'Nourishing shampoo for healthy hair',100,'https://i.pinimg.com/736x/56/cc/99/56cc997f67c0abae927c75f7ef60b868.jpg',1,'2025-07-31 02:44:28','2025-07-31 02:44:28'),(4,4,'Toothpaste (100g)',7.49,6,'Refreshing toothpaste for a clean mouth',100,'https://i.pinimg.com/736x/13/87/f5/1387f53c19d26ca580c266e616d2938c.jpg',1,'2025-07-31 02:44:28','2025-07-31 02:44:28'),(5,4,'Multi-surface Cleaner',2.99,2,'All-purpose cleaner for various surfaces',100,'https://i.pinimg.com/736x/8b/f1/3f/8bf13f39aa8e2e072143870eaf2541ee.jpg',1,'2025-07-31 02:44:28','2025-07-31 02:44:28'),(6,4,'Microfiber Cleaning Cloth',1.99,1,'Soft microfiber cloth for effective cleaning',100,'https://i.pinimg.com/736x/2f/64/c6/2f64c660eef47f998355897967a8055d.jpg',1,'2025-07-31 02:44:28','2025-07-31 02:44:28'),(7,5,'Gift Box Set',25.99,23,'Beautifully packaged gift box with assorted items',100,'https://i.pinimg.com/736x/2a/6e/c5/2a6ec51230500cd5193005c26dc0cba1.jpg',1,'2025-07-31 02:44:28','2025-07-31 02:44:28'),(8,5,'Personalized Mug',14.99,13,'Customizable mug for special occasions',100,'https://i.pinimg.com/736x/2d/45/9b/2d459b434badc6eb2d559f7c31e3d53c.jpg',1,'2025-07-31 02:44:28','2025-07-31 02:44:28'),(9,5,'Vintage Comic Book',24,21,'Rare vintage comic book for collectors',100,'https://i.pinimg.com/736x/4a/83/06/4a8306f43ac20e91d16eafcaf4910667.jpg',1,'2025-07-31 02:44:28','2025-07-31 02:44:28'),(10,5,'Limited Edition Action Figure',50,45,'Limited edition action figure from a popular series',100,'https://i.pinimg.com/736x/bc/68/93/bc6893bc51b9ce3b1a4953a37cef5898.jpg',1,'2025-07-31 02:44:28','2025-07-31 02:44:28'),(11,5,'Organic Apples (1kg)',2.49,2,'Fresh, organic apples for a healthy snack',100,'https://i.pinimg.com/736x/00/ca/b0/00cab08fb5d8d94ecd47d38f6f94c0c9.jpg',1,'2025-07-31 02:44:28','2025-07-31 02:44:28'),(12,5,'Whole Wheat Bread',5.49,4,'Freshly baked whole wheat bread',100,'https://i.pinimg.com/736x/19/45/8e/19458eea783b42508ba7e6b1ad8a7bc9.jpg',1,'2025-07-31 02:44:28','2025-07-31 02:44:28'),(13,5,'Multi-surface Cleaner',3.99,3,'All-purpose cleaner for various surfaces',100,'https://i.pinimg.com/736x/8b/f1/3f/8bf13f39aa8e2e072143870eaf2541ee.jpg',1,'2025-07-31 02:44:28','2025-07-31 02:44:28'),(14,5,'Microfiber Cleaning Cloth',4.99,4,'Soft microfiber cloth for effective cleaning',100,'https://i.pinimg.com/736x/2f/64/c6/2f64c660eef47f998355897967a8055d.jpg',1,'2025-07-31 02:44:28','2025-07-31 02:44:28'),(15,5,'Office Chair',32.99,29,'Ergonomically designed chair for all-day comfort',100,'https://i.pinimg.com/736x/77/49/6f/77496f48d71ec1f0ded95cb35b7db519.jpg',1,'2025-07-31 02:44:28','2025-07-31 02:44:28'),(16,5,'Desk Organizer',107.99,97,'Keep your desk neat with this space-saving organizer',100,'https://i.pinimg.com/736x/cc/15/b1/cc15b1fe261128827fda20766bb3847d.jpg',1,'2025-07-31 02:44:28','2025-07-31 02:44:28'),(17,6,'Shampoo (500ml)',3.49,3,'Nourishing shampoo for healthy hair',100,'https://i.pinimg.com/736x/56/cc/99/56cc997f67c0abae927c75f7ef60b868.jpg',1,'2025-07-31 02:44:28','2025-07-31 02:44:28'),(18,6,'Toothpaste (100g)',2.49,2,'Refreshing toothpaste for a clean mouth',100,'https://i.pinimg.com/736x/13/87/f5/1387f53c19d26ca580c266e616d2938c.jpg',1,'2025-07-31 02:44:28','2025-07-31 02:44:28'),(19,6,'Multi-surface Cleaner',2.99,2,'All-purpose cleaner for various surfaces',100,'https://i.pinimg.com/736x/8b/f1/3f/8bf13f39aa8e2e072143870eaf2541ee.jpg',1,'2025-07-31 02:44:28','2025-07-31 02:44:28'),(20,6,'Microfiber Cleaning Cloth',1.99,1,'Soft microfiber cloth for effective cleaning',100,'https://i.pinimg.com/736x/2f/64/c6/2f64c660eef47f998355897967a8055d.jpg',1,'2025-07-31 02:44:28','2025-07-31 02:44:28'),(21,6,'Granola Bars',2.49,2,'Healthy granola bars for an energy boost',100,'https://i.pinimg.com/736x/70/f6/76/70f676d98d256beb05a49770ee3f6a2b.jpg',1,'2025-07-31 02:44:28','2025-07-31 02:44:28'),(22,6,'Fruit Juice (500ml)',4.49,4,'Freshly squeezed fruit juice with no added sugar',100,'https://i.pinimg.com/736x/54/b1/9f/54b19f6e9ce882441a3c1c5f81ca2b8b.jpg',1,'2025-07-31 02:44:28','2025-07-31 02:44:28'),(23,6,'Acrylic Paint Set',16.99,15,'Set of vibrant acrylic paints for artists',100,'https://i.pinimg.com/736x/31/4e/56/314e561ee8ea955bd306266a6af5e0e2.jpg',1,'2025-07-31 02:44:28','2025-07-31 02:44:28'),(24,6,'Canvas Pads (10 sheets)',19.99,17,'Canvas pads for painting and drawing',100,'https://i.pinimg.com/736x/19/71/51/1971518a8387f2d7eff79f26d75961f1.jpg',1,'2025-07-31 02:44:28','2025-07-31 02:44:28'),(25,7,'Office Chair',122.99,110,'Ergonomically designed chair for all-day comfort',100,'https://i.pinimg.com/736x/77/49/6f/77496f48d71ec1f0ded95cb35b7db519.jpg',1,'2025-07-31 02:44:28','2025-07-31 02:44:28'),(26,7,'Desk Organizer',69.99,62,'Keep your desk neat with this space-saving organizer',100,'https://i.pinimg.com/736x/cc/15/b1/cc15b1fe261128827fda20766bb3847d.jpg',1,'2025-07-31 02:44:28','2025-07-31 02:44:28'),(27,8,'Office Chair',102.99,92,'Ergonomically designed chair for all-day comfort',100,'https://i.pinimg.com/736x/77/49/6f/77496f48d71ec1f0ded95cb35b7db519.jpg',1,'2025-07-31 02:44:28','2025-07-31 02:44:28'),(28,8,'Desk Organizer',96.99,87,'Keep your desk neat with this space-saving organizer',100,'https://i.pinimg.com/736x/cc/15/b1/cc15b1fe261128827fda20766bb3847d.jpg',1,'2025-07-31 02:44:28','2025-07-31 02:44:28'),(29,8,'Gift Box Set',27.99,25,'Beautifully packaged gift box with assorted items',100,'https://i.pinimg.com/736x/2a/6e/c5/2a6ec51230500cd5193005c26dc0cba1.jpg',1,'2025-07-31 02:44:28','2025-07-31 02:44:28'),(30,8,'Personalized Mug',26.99,24,'Customizable mug for special occasions',100,'https://i.pinimg.com/736x/2d/45/9b/2d459b434badc6eb2d559f7c31e3d53c.jpg',1,'2025-07-31 02:44:28','2025-07-31 02:44:28'),(31,8,'Granola Bars',3.49,3,'Healthy granola bars for an energy boost',100,'https://i.pinimg.com/736x/70/f6/76/70f676d98d256beb05a49770ee3f6a2b.jpg',1,'2025-07-31 02:44:28','2025-07-31 02:44:28'),(32,8,'Fruit Juice (500ml)',3.49,3,'Freshly squeezed fruit juice with no added sugar',100,'https://i.pinimg.com/736x/54/b1/9f/54b19f6e9ce882441a3c1c5f81ca2b8b.jpg',1,'2025-07-31 02:44:28','2025-07-31 02:44:28'),(33,9,'Organic Apples (1kg)',3.49,3,'Fresh, organic apples for a healthy snack',100,'https://i.pinimg.com/736x/00/ca/b0/00cab08fb5d8d94ecd47d38f6f94c0c9.jpg',1,'2025-07-31 02:44:28','2025-07-31 02:44:28'),(34,9,'Whole Wheat Bread',6.49,5,'Freshly baked whole wheat bread',100,'https://i.pinimg.com/736x/19/45/8e/19458eea783b42508ba7e6b1ad8a7bc9.jpg',1,'2025-07-31 02:44:28','2025-07-31 02:44:28'),(35,10,'Office Chair',92.99,83,'Ergonomically designed chair for all-day comfort',100,'https://i.pinimg.com/736x/77/49/6f/77496f48d71ec1f0ded95cb35b7db519.jpg',1,'2025-07-31 02:44:28','2025-07-31 02:44:28'),(36,10,'Desk Organizer',45.99,41,'Keep your desk neat with this space-saving organizer',100,'https://i.pinimg.com/736x/cc/15/b1/cc15b1fe261128827fda20766bb3847d.jpg',1,'2025-07-31 02:44:28','2025-07-31 02:44:28'),(37,10,'Backpack',24.99,22,'Spacious backpack for school essentials',100,'https://i.pinimg.com/736x/61/6b/9e/616b9e032905beb9e7d889a01ee28360.jpg',1,'2025-07-31 02:44:28','2025-07-31 02:44:28'),(38,10,'Pencil Case',22.99,20,'Stylish pencil case for organizing writing tools',100,'https://i.pinimg.com/736x/00/5a/c8/005ac8020c6c68f6a46568c986c2f5fd.jpg',1,'2025-07-31 02:44:28','2025-07-31 02:44:28'),(39,11,'Vintage Comic Book',21,18,'Rare vintage comic book for collectors',100,'https://i.pinimg.com/736x/4a/83/06/4a8306f43ac20e91d16eafcaf4910667.jpg',1,'2025-07-31 02:44:28','2025-07-31 02:44:28'),(40,11,'Limited Edition Action Figure',44,39,'Limited edition action figure from a popular series',100,'https://i.pinimg.com/736x/bc/68/93/bc6893bc51b9ce3b1a4953a37cef5898.jpg',1,'2025-07-31 02:44:28','2025-07-31 02:44:28'),(41,11,'Shampoo (500ml)',5.49,4,'Nourishing shampoo for healthy hair',100,'https://i.pinimg.com/736x/56/cc/99/56cc997f67c0abae927c75f7ef60b868.jpg',1,'2025-07-31 02:44:28','2025-07-31 02:44:28'),(42,11,'Toothpaste (100g)',3.49,3,'Refreshing toothpaste for a clean mouth',100,'https://i.pinimg.com/736x/13/87/f5/1387f53c19d26ca580c266e616d2938c.jpg',1,'2025-07-31 02:44:28','2025-07-31 02:44:28'),(43,11,'Organic Apples (1kg)',3.49,3,'Fresh, organic apples for a healthy snack',100,'https://i.pinimg.com/736x/00/ca/b0/00cab08fb5d8d94ecd47d38f6f94c0c9.jpg',1,'2025-07-31 02:44:28','2025-07-31 02:44:28'),(44,11,'Whole Wheat Bread',5.49,4,'Freshly baked whole wheat bread',100,'https://i.pinimg.com/736x/19/45/8e/19458eea783b42508ba7e6b1ad8a7bc9.jpg',1,'2025-07-31 02:44:28','2025-07-31 02:44:28'),(45,12,'Office Chair',48.99,44,'Ergonomically designed chair for all-day comfort',100,'https://i.pinimg.com/736x/77/49/6f/77496f48d71ec1f0ded95cb35b7db519.jpg',1,'2025-07-31 02:44:28','2025-07-31 02:44:28'),(46,12,'Desk Organizer',45.99,41,'Keep your desk neat with this space-saving organizer',100,'https://i.pinimg.com/736x/cc/15/b1/cc15b1fe261128827fda20766bb3847d.jpg',1,'2025-07-31 02:44:28','2025-07-31 02:44:28'),(47,13,'Shampoo (500ml)',4.49,4,'Nourishing shampoo for healthy hair',100,'https://i.pinimg.com/736x/56/cc/99/56cc997f67c0abae927c75f7ef60b868.jpg',1,'2025-07-31 02:44:28','2025-07-31 02:44:28'),(48,13,'Toothpaste (100g)',3.49,3,'Refreshing toothpaste for a clean mouth',100,'https://i.pinimg.com/736x/13/87/f5/1387f53c19d26ca580c266e616d2938c.jpg',1,'2025-07-31 02:44:28','2025-07-31 02:44:28'),(49,13,'Multi-surface Cleaner',2.99,2,'All-purpose cleaner for various surfaces',100,'https://i.pinimg.com/736x/8b/f1/3f/8bf13f39aa8e2e072143870eaf2541ee.jpg',1,'2025-07-31 02:44:28','2025-07-31 02:44:28'),(50,13,'Microfiber Cleaning Cloth',1.99,1,'Soft microfiber cloth for effective cleaning',100,'https://i.pinimg.com/736x/2f/64/c6/2f64c660eef47f998355897967a8055d.jpg',1,'2025-07-31 02:44:28','2025-07-31 02:44:28'),(51,13,'Office Chair',34.99,31,'Ergonomically designed chair for all-day comfort',100,'https://i.pinimg.com/736x/77/49/6f/77496f48d71ec1f0ded95cb35b7db519.jpg',1,'2025-07-31 02:44:28','2025-07-31 02:44:28'),(52,13,'Desk Organizer',100.99,90,'Keep your desk neat with this space-saving organizer',100,'https://i.pinimg.com/736x/cc/15/b1/cc15b1fe261128827fda20766bb3847d.jpg',1,'2025-07-31 02:44:28','2025-07-31 02:44:28'),(53,13,'Acrylic Paint Set',11.99,10,'Set of vibrant acrylic paints for artists',100,'https://i.pinimg.com/736x/31/4e/56/314e561ee8ea955bd306266a6af5e0e2.jpg',1,'2025-07-31 02:44:28','2025-07-31 02:44:28'),(54,13,'Canvas Pads (10 sheets)',8.99,8,'Canvas pads for painting and drawing',100,'https://i.pinimg.com/736x/19/71/51/1971518a8387f2d7eff79f26d75961f1.jpg',1,'2025-07-31 02:44:28','2025-07-31 02:44:28'),(55,14,'Multi-surface Cleaner',3.99,3,'All-purpose cleaner for various surfaces',100,'https://i.pinimg.com/736x/8b/f1/3f/8bf13f39aa8e2e072143870eaf2541ee.jpg',1,'2025-07-31 02:44:28','2025-07-31 02:44:28'),(56,14,'Microfiber Cleaning Cloth',2.99,2,'Soft microfiber cloth for effective cleaning',100,'https://i.pinimg.com/736x/2f/64/c6/2f64c660eef47f998355897967a8055d.jpg',1,'2025-07-31 02:44:28','2025-07-31 02:44:28'),(57,14,'Organic Olive Oil (500ml)',10.99,9,'Cold-pressed organic olive oil',100,'https://i.pinimg.com/736x/28/35/15/283515e2e8d6af1bfaeb93b30102e857.jpg',1,'2025-07-31 02:44:28','2025-07-31 02:44:28'),(58,14,'Organic Avocados (4 pieces)',4.99,4,'Fresh, organic avocados',100,'https://i.pinimg.com/736x/48/4a/fc/484afcf525082e6ce591da1a8454df95.jpg',1,'2025-07-31 02:44:28','2025-07-31 02:44:28'),(59,14,'Acrylic Paint Set',10.99,9,'Set of vibrant acrylic paints for artists',100,'https://i.pinimg.com/736x/31/4e/56/314e561ee8ea955bd306266a6af5e0e2.jpg',1,'2025-07-31 02:44:28','2025-07-31 02:44:28'),(60,14,'Canvas Pads (10 sheets)',14.99,13,'Canvas pads for painting and drawing',100,'https://i.pinimg.com/736x/19/71/51/1971518a8387f2d7eff79f26d75961f1.jpg',1,'2025-07-31 02:44:28','2025-07-31 02:44:28'),(61,15,'Backpack',27.99,25,'Spacious backpack for school essentials',100,'https://i.pinimg.com/736x/61/6b/9e/616b9e032905beb9e7d889a01ee28360.jpg',1,'2025-07-31 02:44:28','2025-07-31 02:44:28'),(62,15,'Pencil Case',37.99,34,'Stylish pencil case for organizing writing tools',100,'https://i.pinimg.com/736x/00/5a/c8/005ac8020c6c68f6a46568c986c2f5fd.jpg',1,'2025-07-31 02:44:28','2025-07-31 02:44:28'),(63,15,'Acrylic Paint Set',14.99,13,'Set of vibrant acrylic paints for artists',100,'https://i.pinimg.com/736x/31/4e/56/314e561ee8ea955bd306266a6af5e0e2.jpg',1,'2025-07-31 02:44:28','2025-07-31 02:44:28'),(64,15,'Canvas Pads (10 sheets)',19.99,17,'Canvas pads for painting and drawing',100,'https://i.pinimg.com/736x/19/71/51/1971518a8387f2d7eff79f26d75961f1.jpg',1,'2025-07-31 02:44:28','2025-07-31 02:44:28'),(65,15,'Office Chair',92.99,83,'Ergonomically designed chair for all-day comfort',100,'https://i.pinimg.com/736x/77/49/6f/77496f48d71ec1f0ded95cb35b7db519.jpg',1,'2025-07-31 02:44:28','2025-07-31 02:44:28'),(66,15,'Desk Organizer',127.99,115,'Keep your desk neat with this space-saving organizer',100,'https://i.pinimg.com/736x/cc/15/b1/cc15b1fe261128827fda20766bb3847d.jpg',1,'2025-07-31 02:44:28','2025-07-31 02:44:28'),(67,16,'Acrylic Paint Set',11.99,10,'Set of vibrant acrylic paints for artists',100,'https://i.pinimg.com/736x/31/4e/56/314e561ee8ea955bd306266a6af5e0e2.jpg',1,'2025-07-31 02:44:28','2025-07-31 02:44:28'),(68,16,'Canvas Pads (10 sheets)',16.99,15,'Canvas pads for painting and drawing',100,'https://i.pinimg.com/736x/19/71/51/1971518a8387f2d7eff79f26d75961f1.jpg',1,'2025-07-31 02:44:28','2025-07-31 02:44:28'),(69,16,'Organic Apples (1kg)',5.49,4,'Fresh, organic apples for a healthy snack',100,'https://i.pinimg.com/736x/00/ca/b0/00cab08fb5d8d94ecd47d38f6f94c0c9.jpg',1,'2025-07-31 02:44:28','2025-07-31 02:44:28'),(70,16,'Whole Wheat Bread',6.49,5,'Freshly baked whole wheat bread',100,'https://i.pinimg.com/736x/19/45/8e/19458eea783b42508ba7e6b1ad8a7bc9.jpg',1,'2025-07-31 02:44:28','2025-07-31 02:44:28'),(71,17,'Gift Box Set',10.99,9,'Beautifully packaged gift box with assorted items',100,'https://i.pinimg.com/736x/2a/6e/c5/2a6ec51230500cd5193005c26dc0cba1.jpg',1,'2025-07-31 02:44:28','2025-07-31 02:44:28'),(72,17,'Personalized Mug',23.99,21,'Customizable mug for special occasions',100,'https://i.pinimg.com/736x/2d/45/9b/2d459b434badc6eb2d559f7c31e3d53c.jpg',1,'2025-07-31 02:44:28','2025-07-31 02:44:28'),(73,18,'Acrylic Paint Set',19.99,17,'Set of vibrant acrylic paints for artists',100,'https://i.pinimg.com/736x/31/4e/56/314e561ee8ea955bd306266a6af5e0e2.jpg',1,'2025-07-31 02:44:28','2025-07-31 02:44:28'),(74,18,'Canvas Pads (10 sheets)',14.99,13,'Canvas pads for painting and drawing',100,'https://i.pinimg.com/736x/19/71/51/1971518a8387f2d7eff79f26d75961f1.jpg',1,'2025-07-31 02:44:28','2025-07-31 02:44:28'),(75,18,'Organic Apples (1kg)',4.49,4,'Fresh, organic apples for a healthy snack',100,'https://i.pinimg.com/736x/00/ca/b0/00cab08fb5d8d94ecd47d38f6f94c0c9.jpg',1,'2025-07-31 02:44:28','2025-07-31 02:44:28'),(76,18,'Whole Wheat Bread',3.49,3,'Freshly baked whole wheat bread',100,'https://i.pinimg.com/736x/19/45/8e/19458eea783b42508ba7e6b1ad8a7bc9.jpg',1,'2025-07-31 02:44:28','2025-07-31 02:44:28'),(77,19,'Shampoo (500ml)',7.49,6,'Nourishing shampoo for healthy hair',100,'https://i.pinimg.com/736x/56/cc/99/56cc997f67c0abae927c75f7ef60b868.jpg',1,'2025-07-31 02:44:28','2025-07-31 02:44:28'),(78,19,'Toothpaste (100g)',4.49,4,'Refreshing toothpaste for a clean mouth',100,'https://i.pinimg.com/736x/13/87/f5/1387f53c19d26ca580c266e616d2938c.jpg',1,'2025-07-31 02:44:28','2025-07-31 02:44:28'),(79,19,'Vintage Comic Book',37,33,'Rare vintage comic book for collectors',100,'https://i.pinimg.com/736x/4a/83/06/4a8306f43ac20e91d16eafcaf4910667.jpg',1,'2025-07-31 02:44:28','2025-07-31 02:44:28'),(80,19,'Limited Edition Action Figure',44,39,'Limited edition action figure from a popular series',100,'https://i.pinimg.com/736x/bc/68/93/bc6893bc51b9ce3b1a4953a37cef5898.jpg',1,'2025-07-31 02:44:28','2025-07-31 02:44:28'),(81,19,'Gift Box Set',16.99,15,'Beautifully packaged gift box with assorted items',100,'https://i.pinimg.com/736x/2a/6e/c5/2a6ec51230500cd5193005c26dc0cba1.jpg',1,'2025-07-31 02:44:28','2025-07-31 02:44:28'),(82,19,'Personalized Mug',15.99,14,'Customizable mug for special occasions',100,'https://i.pinimg.com/736x/2d/45/9b/2d459b434badc6eb2d559f7c31e3d53c.jpg',1,'2025-07-31 02:44:28','2025-07-31 02:44:28'),(83,20,'Acrylic Paint Set',17.99,16,'Set of vibrant acrylic paints for artists',100,'https://i.pinimg.com/736x/31/4e/56/314e561ee8ea955bd306266a6af5e0e2.jpg',1,'2025-07-31 02:44:28','2025-07-31 02:44:28'),(84,20,'Canvas Pads (10 sheets)',9.99,8,'Canvas pads for painting and drawing',100,'https://i.pinimg.com/736x/19/71/51/1971518a8387f2d7eff79f26d75961f1.jpg',1,'2025-07-31 02:44:28','2025-07-31 02:44:28'),(85,20,'Organic Apples (1kg)',4.49,4,'Fresh, organic apples for a healthy snack',100,'https://i.pinimg.com/736x/00/ca/b0/00cab08fb5d8d94ecd47d38f6f94c0c9.jpg',1,'2025-07-31 02:44:28','2025-07-31 02:44:28'),(86,20,'Whole Wheat Bread',2.49,2,'Freshly baked whole wheat bread',100,'https://i.pinimg.com/736x/19/45/8e/19458eea783b42508ba7e6b1ad8a7bc9.jpg',1,'2025-07-31 02:44:28','2025-07-31 02:44:28'),(87,20,'Backpack',39.99,35,'Spacious backpack for school essentials',100,'https://i.pinimg.com/736x/61/6b/9e/616b9e032905beb9e7d889a01ee28360.jpg',1,'2025-07-31 02:44:28','2025-07-31 02:44:28'),(88,20,'Pencil Case',17.99,16,'Stylish pencil case for organizing writing tools',100,'https://i.pinimg.com/736x/00/5a/c8/005ac8020c6c68f6a46568c986c2f5fd.jpg',1,'2025-07-31 02:44:28','2025-07-31 02:44:28'),(89,21,'Office Chair',125.99,113,'Ergonomically designed chair for all-day comfort',100,'https://i.pinimg.com/736x/77/49/6f/77496f48d71ec1f0ded95cb35b7db519.jpg',1,'2025-07-31 02:44:28','2025-07-31 02:44:28'),(90,21,'Desk Organizer',40.99,36,'Keep your desk neat with this space-saving organizer',100,'https://i.pinimg.com/736x/cc/15/b1/cc15b1fe261128827fda20766bb3847d.jpg',1,'2025-07-31 02:44:28','2025-07-31 02:44:28'),(91,22,'Granola Bars',4.49,4,'Healthy granola bars for an energy boost',100,'https://i.pinimg.com/736x/70/f6/76/70f676d98d256beb05a49770ee3f6a2b.jpg',1,'2025-07-31 02:44:28','2025-07-31 02:44:28'),(92,22,'Fruit Juice (500ml)',2.49,2,'Freshly squeezed fruit juice with no added sugar',100,'https://i.pinimg.com/736x/54/b1/9f/54b19f6e9ce882441a3c1c5f81ca2b8b.jpg',1,'2025-07-31 02:44:28','2025-07-31 02:44:28'),(93,23,'Organic Olive Oil (500ml)',6.99,6,'Cold-pressed organic olive oil',100,'https://i.pinimg.com/736x/28/35/15/283515e2e8d6af1bfaeb93b30102e857.jpg',1,'2025-07-31 02:44:28','2025-07-31 02:44:28'),(94,23,'Organic Avocados (4 pieces)',9.99,8,'Fresh, organic avocados',100,'https://i.pinimg.com/736x/48/4a/fc/484afcf525082e6ce591da1a8454df95.jpg',1,'2025-07-31 02:44:28','2025-07-31 02:44:28'),(95,23,'Backpack',27.99,25,'Spacious backpack for school essentials',100,'https://i.pinimg.com/736x/61/6b/9e/616b9e032905beb9e7d889a01ee28360.jpg',1,'2025-07-31 02:44:28','2025-07-31 02:44:28'),(96,23,'Pencil Case',24.99,22,'Stylish pencil case for organizing writing tools',100,'https://i.pinimg.com/736x/00/5a/c8/005ac8020c6c68f6a46568c986c2f5fd.jpg',1,'2025-07-31 02:44:28','2025-07-31 02:44:28'),(97,24,'Shampoo (500ml)',4.49,4,'Nourishing shampoo for healthy hair',100,'https://i.pinimg.com/736x/56/cc/99/56cc997f67c0abae927c75f7ef60b868.jpg',1,'2025-07-31 02:44:28','2025-07-31 02:44:28'),(98,24,'Toothpaste (100g)',6.49,5,'Refreshing toothpaste for a clean mouth',100,'https://i.pinimg.com/736x/13/87/f5/1387f53c19d26ca580c266e616d2938c.jpg',1,'2025-07-31 02:44:28','2025-07-31 02:44:28'),(99,25,'Organic Apples (1kg)',2.49,2,'Fresh, organic apples for a healthy snack',100,'https://i.pinimg.com/736x/00/ca/b0/00cab08fb5d8d94ecd47d38f6f94c0c9.jpg',1,'2025-07-31 02:44:28','2025-07-31 02:44:28'),(100,25,'Whole Wheat Bread',4.49,4,'Freshly baked whole wheat bread',100,'https://i.pinimg.com/736x/19/45/8e/19458eea783b42508ba7e6b1ad8a7bc9.jpg',1,'2025-07-31 02:44:28','2025-07-31 02:44:28'),(101,25,'Electric Guitar',236.99,213,'High-quality electric guitar for musicians',100,'https://i.pinimg.com/736x/18/7c/35/187c35bdef3714b3b62f55d87d5f6173.jpg',1,'2025-07-31 02:44:28','2025-07-31 02:44:28'),(102,25,'Drum Kit',222.99,200,'Complete drum kit for beginners and pros',100,'https://i.pinimg.com/736x/91/2a/6d/912a6daf32f8de0b8dd9860b2966e30b.jpg',1,'2025-07-31 02:44:28','2025-07-31 02:44:28'),(103,26,'Multi-surface Cleaner',3.99,3,'All-purpose cleaner for various surfaces',100,'https://i.pinimg.com/736x/8b/f1/3f/8bf13f39aa8e2e072143870eaf2541ee.jpg',1,'2025-07-31 02:44:28','2025-07-31 02:44:28'),(104,26,'Microfiber Cleaning Cloth',4.99,4,'Soft microfiber cloth for effective cleaning',100,'https://i.pinimg.com/736x/2f/64/c6/2f64c660eef47f998355897967a8055d.jpg',1,'2025-07-31 02:44:28','2025-07-31 02:44:28'),(105,26,'Electric Guitar',203.99,183,'High-quality electric guitar for musicians',100,'https://i.pinimg.com/736x/18/7c/35/187c35bdef3714b3b62f55d87d5f6173.jpg',1,'2025-07-31 02:44:28','2025-07-31 02:44:28'),(106,26,'Drum Kit',224.99,202,'Complete drum kit for beginners and pros',100,'https://i.pinimg.com/736x/91/2a/6d/912a6daf32f8de0b8dd9860b2966e30b.jpg',1,'2025-07-31 02:44:28','2025-07-31 02:44:28'),(107,27,'Organic Olive Oil (500ml)',4.99,4,'Cold-pressed organic olive oil',100,'https://i.pinimg.com/736x/28/35/15/283515e2e8d6af1bfaeb93b30102e857.jpg',1,'2025-07-31 02:44:28','2025-07-31 02:44:28'),(108,27,'Organic Avocados (4 pieces)',8.99,8,'Fresh, organic avocados',100,'https://i.pinimg.com/736x/48/4a/fc/484afcf525082e6ce591da1a8454df95.jpg',1,'2025-07-31 02:44:28','2025-07-31 02:44:28'),(109,27,'Electric Guitar',191.99,172,'High-quality electric guitar for musicians',100,'https://i.pinimg.com/736x/18/7c/35/187c35bdef3714b3b62f55d87d5f6173.jpg',1,'2025-07-31 02:44:28','2025-07-31 02:44:28'),(110,27,'Drum Kit',189.99,170,'Complete drum kit for beginners and pros',100,'https://i.pinimg.com/736x/91/2a/6d/912a6daf32f8de0b8dd9860b2966e30b.jpg',1,'2025-07-31 02:44:28','2025-07-31 02:44:28'),(111,27,'Organic Apples (1kg)',2.49,2,'Fresh, organic apples for a healthy snack',100,'https://i.pinimg.com/736x/00/ca/b0/00cab08fb5d8d94ecd47d38f6f94c0c9.jpg',1,'2025-07-31 02:44:28','2025-07-31 02:44:28'),(112,27,'Whole Wheat Bread',6.49,5,'Freshly baked whole wheat bread',100,'https://i.pinimg.com/736x/19/45/8e/19458eea783b42508ba7e6b1ad8a7bc9.jpg',1,'2025-07-31 02:44:28','2025-07-31 02:44:28'),(113,27,'Vintage Comic Book',22,19,'Rare vintage comic book for collectors',100,'https://i.pinimg.com/736x/4a/83/06/4a8306f43ac20e91d16eafcaf4910667.jpg',1,'2025-07-31 02:44:28','2025-07-31 02:44:28'),(114,27,'Limited Edition Action Figure',49,44,'Limited edition action figure from a popular series',100,'https://i.pinimg.com/736x/bc/68/93/bc6893bc51b9ce3b1a4953a37cef5898.jpg',1,'2025-07-31 02:44:28','2025-07-31 02:44:28'),(115,28,'Gift Box Set',11.99,10,'Beautifully packaged gift box with assorted items',100,'https://i.pinimg.com/736x/2a/6e/c5/2a6ec51230500cd5193005c26dc0cba1.jpg',1,'2025-07-31 02:44:28','2025-07-31 02:44:28'),(116,28,'Personalized Mug',29.99,26,'Customizable mug for special occasions',100,'https://i.pinimg.com/736x/2d/45/9b/2d459b434badc6eb2d559f7c31e3d53c.jpg',1,'2025-07-31 02:44:28','2025-07-31 02:44:28'),(117,30,'Organic Apples (1kg)',4.49,4,'Fresh, organic apples for a healthy snack',100,'https://i.pinimg.com/736x/00/ca/b0/00cab08fb5d8d94ecd47d38f6f94c0c9.jpg',1,'2025-07-31 02:44:28','2025-07-31 02:44:28'),(118,30,'Whole Wheat Bread',5.49,4,'Freshly baked whole wheat bread',100,'https://i.pinimg.com/736x/19/45/8e/19458eea783b42508ba7e6b1ad8a7bc9.jpg',1,'2025-07-31 02:44:28','2025-07-31 02:44:28'),(119,30,'Office Chair',41.99,37,'Ergonomically designed chair for all-day comfort',100,'https://i.pinimg.com/736x/77/49/6f/77496f48d71ec1f0ded95cb35b7db519.jpg',1,'2025-07-31 02:44:28','2025-07-31 02:44:28'),(120,30,'Desk Organizer',78.99,71,'Keep your desk neat with this space-saving organizer',100,'https://i.pinimg.com/736x/cc/15/b1/cc15b1fe261128827fda20766bb3847d.jpg',1,'2025-07-31 02:44:28','2025-07-31 02:44:28'),(121,30,'Organic Olive Oil (500ml)',8.99,8,'Cold-pressed organic olive oil',100,'https://i.pinimg.com/736x/28/35/15/283515e2e8d6af1bfaeb93b30102e857.jpg',1,'2025-07-31 02:44:28','2025-07-31 02:44:28'),(122,30,'Organic Avocados (4 pieces)',6.99,6,'Fresh, organic avocados',100,'https://i.pinimg.com/736x/48/4a/fc/484afcf525082e6ce591da1a8454df95.jpg',1,'2025-07-31 02:44:28','2025-07-31 02:44:28'),(123,30,'Shampoo (500ml)',4.49,4,'Nourishing shampoo for healthy hair',100,'https://i.pinimg.com/736x/56/cc/99/56cc997f67c0abae927c75f7ef60b868.jpg',1,'2025-07-31 02:44:28','2025-07-31 02:44:28'),(124,30,'Toothpaste (100g)',3.49,3,'Refreshing toothpaste for a clean mouth',100,'https://i.pinimg.com/736x/13/87/f5/1387f53c19d26ca580c266e616d2938c.jpg',1,'2025-07-31 02:44:28','2025-07-31 02:44:28'),(125,31,'Gift Box Set',10.99,9,'Beautifully packaged gift box with assorted items',100,'https://i.pinimg.com/736x/2a/6e/c5/2a6ec51230500cd5193005c26dc0cba1.jpg',1,'2025-07-31 02:44:29','2025-07-31 02:44:29'),(126,31,'Personalized Mug',25.99,23,'Customizable mug for special occasions',100,'https://i.pinimg.com/736x/2d/45/9b/2d459b434badc6eb2d559f7c31e3d53c.jpg',1,'2025-07-31 02:44:29','2025-07-31 02:44:29'),(127,31,'Electric Guitar',286.99,258,'High-quality electric guitar for musicians',100,'https://i.pinimg.com/736x/18/7c/35/187c35bdef3714b3b62f55d87d5f6173.jpg',1,'2025-07-31 02:44:29','2025-07-31 02:44:29'),(128,31,'Drum Kit',236.99,213,'Complete drum kit for beginners and pros',100,'https://i.pinimg.com/736x/91/2a/6d/912a6daf32f8de0b8dd9860b2966e30b.jpg',1,'2025-07-31 02:44:29','2025-07-31 02:44:29'),(129,32,'Electric Guitar',169.99,152,'High-quality electric guitar for musicians',100,'https://i.pinimg.com/736x/18/7c/35/187c35bdef3714b3b62f55d87d5f6173.jpg',1,'2025-07-31 02:44:29','2025-07-31 02:44:29'),(130,32,'Drum Kit',292.99,263,'Complete drum kit for beginners and pros',100,'https://i.pinimg.com/736x/91/2a/6d/912a6daf32f8de0b8dd9860b2966e30b.jpg',1,'2025-07-31 02:44:29','2025-07-31 02:44:29'),(131,32,'Organic Olive Oil (500ml)',9.99,8,'Cold-pressed organic olive oil',100,'https://i.pinimg.com/736x/28/35/15/283515e2e8d6af1bfaeb93b30102e857.jpg',1,'2025-07-31 02:44:29','2025-07-31 02:44:29'),(132,32,'Organic Avocados (4 pieces)',9.99,8,'Fresh, organic avocados',100,'https://i.pinimg.com/736x/48/4a/fc/484afcf525082e6ce591da1a8454df95.jpg',1,'2025-07-31 02:44:29','2025-07-31 02:44:29'),(133,33,'Shampoo (500ml)',6.49,5,'Nourishing shampoo for healthy hair',100,'https://i.pinimg.com/736x/56/cc/99/56cc997f67c0abae927c75f7ef60b868.jpg',1,'2025-07-31 02:44:29','2025-07-31 02:44:29'),(134,33,'Toothpaste (100g)',6.49,5,'Refreshing toothpaste for a clean mouth',100,'https://i.pinimg.com/736x/13/87/f5/1387f53c19d26ca580c266e616d2938c.jpg',1,'2025-07-31 02:44:29','2025-07-31 02:44:29'),(135,33,'Gift Box Set',20.99,18,'Beautifully packaged gift box with assorted items',100,'https://i.pinimg.com/736x/2a/6e/c5/2a6ec51230500cd5193005c26dc0cba1.jpg',1,'2025-07-31 02:44:29','2025-07-31 02:44:29'),(136,33,'Personalized Mug',21.99,19,'Customizable mug for special occasions',100,'https://i.pinimg.com/736x/2d/45/9b/2d459b434badc6eb2d559f7c31e3d53c.jpg',1,'2025-07-31 02:44:29','2025-07-31 02:44:29'),(137,33,'Acrylic Paint Set',10.99,9,'Set of vibrant acrylic paints for artists',100,'https://i.pinimg.com/736x/31/4e/56/314e561ee8ea955bd306266a6af5e0e2.jpg',1,'2025-07-31 02:44:29','2025-07-31 02:44:29'),(138,33,'Canvas Pads (10 sheets)',11.99,10,'Canvas pads for painting and drawing',100,'https://i.pinimg.com/736x/19/71/51/1971518a8387f2d7eff79f26d75961f1.jpg',1,'2025-07-31 02:44:29','2025-07-31 02:44:29'),(139,33,'Backpack',23.99,21,'Spacious backpack for school essentials',100,'https://i.pinimg.com/736x/61/6b/9e/616b9e032905beb9e7d889a01ee28360.jpg',1,'2025-07-31 02:44:29','2025-07-31 02:44:29'),(140,33,'Pencil Case',10.99,9,'Stylish pencil case for organizing writing tools',100,'https://i.pinimg.com/736x/00/5a/c8/005ac8020c6c68f6a46568c986c2f5fd.jpg',1,'2025-07-31 02:44:29','2025-07-31 02:44:29'),(141,33,'Organic Apples (1kg)',2.49,2,'Fresh, organic apples for a healthy snack',100,'https://i.pinimg.com/736x/00/ca/b0/00cab08fb5d8d94ecd47d38f6f94c0c9.jpg',1,'2025-07-31 02:44:29','2025-07-31 02:44:29'),(142,33,'Whole Wheat Bread',5.49,4,'Freshly baked whole wheat bread',100,'https://i.pinimg.com/736x/19/45/8e/19458eea783b42508ba7e6b1ad8a7bc9.jpg',1,'2025-07-31 02:44:29','2025-07-31 02:44:29'),(143,35,'Multi-surface Cleaner',3.99,3,'All-purpose cleaner for various surfaces',100,'https://i.pinimg.com/736x/8b/f1/3f/8bf13f39aa8e2e072143870eaf2541ee.jpg',1,'2025-07-31 02:44:29','2025-07-31 02:44:29'),(144,35,'Microfiber Cleaning Cloth',1.99,1,'Soft microfiber cloth for effective cleaning',100,'https://i.pinimg.com/736x/2f/64/c6/2f64c660eef47f998355897967a8055d.jpg',1,'2025-07-31 02:44:29','2025-07-31 02:44:29'),(145,36,'Acrylic Paint Set',17.99,16,'Set of vibrant acrylic paints for artists',100,'https://i.pinimg.com/736x/31/4e/56/314e561ee8ea955bd306266a6af5e0e2.jpg',1,'2025-07-31 02:44:29','2025-07-31 02:44:29'),(146,36,'Canvas Pads (10 sheets)',14.99,13,'Canvas pads for painting and drawing',100,'https://i.pinimg.com/736x/19/71/51/1971518a8387f2d7eff79f26d75961f1.jpg',1,'2025-07-31 02:44:29','2025-07-31 02:44:29'),(147,36,'Vintage Comic Book',35,31,'Rare vintage comic book for collectors',100,'https://i.pinimg.com/736x/4a/83/06/4a8306f43ac20e91d16eafcaf4910667.jpg',1,'2025-07-31 02:44:29','2025-07-31 02:44:29'),(148,36,'Limited Edition Action Figure',50,45,'Limited edition action figure from a popular series',100,'https://i.pinimg.com/736x/bc/68/93/bc6893bc51b9ce3b1a4953a37cef5898.jpg',1,'2025-07-31 02:44:29','2025-07-31 02:44:29'),(149,37,'Vintage Comic Book',43,38,'Rare vintage comic book for collectors',100,'https://i.pinimg.com/736x/4a/83/06/4a8306f43ac20e91d16eafcaf4910667.jpg',1,'2025-07-31 02:44:29','2025-07-31 02:44:29'),(150,37,'Limited Edition Action Figure',32,28,'Limited edition action figure from a popular series',100,'https://i.pinimg.com/736x/bc/68/93/bc6893bc51b9ce3b1a4953a37cef5898.jpg',1,'2025-07-31 02:44:29','2025-07-31 02:44:29'),(151,38,'Gift Box Set',25.99,23,'Beautifully packaged gift box with assorted items',100,'https://i.pinimg.com/736x/2a/6e/c5/2a6ec51230500cd5193005c26dc0cba1.jpg',1,'2025-07-31 02:44:29','2025-07-31 02:44:29'),(152,38,'Personalized Mug',10.99,9,'Customizable mug for special occasions',100,'https://i.pinimg.com/736x/2d/45/9b/2d459b434badc6eb2d559f7c31e3d53c.jpg',1,'2025-07-31 02:44:29','2025-07-31 02:44:29'),(153,39,'Organic Olive Oil (500ml)',8.99,8,'Cold-pressed organic olive oil',100,'https://i.pinimg.com/736x/28/35/15/283515e2e8d6af1bfaeb93b30102e857.jpg',1,'2025-07-31 02:44:29','2025-07-31 02:44:29'),(154,39,'Organic Avocados (4 pieces)',8.99,8,'Fresh, organic avocados',100,'https://i.pinimg.com/736x/48/4a/fc/484afcf525082e6ce591da1a8454df95.jpg',1,'2025-07-31 02:44:29','2025-07-31 02:44:29'),(155,40,'Gift Box Set',22.99,20,'Beautifully packaged gift box with assorted items',100,'https://i.pinimg.com/736x/2a/6e/c5/2a6ec51230500cd5193005c26dc0cba1.jpg',1,'2025-07-31 02:44:29','2025-07-31 02:44:29'),(156,40,'Personalized Mug',23.99,21,'Customizable mug for special occasions',100,'https://i.pinimg.com/736x/2d/45/9b/2d459b434badc6eb2d559f7c31e3d53c.jpg',1,'2025-07-31 02:44:29','2025-07-31 02:44:29'),(157,42,'Gift Box Set',23.99,21,'Beautifully packaged gift box with assorted items',100,'https://i.pinimg.com/736x/2a/6e/c5/2a6ec51230500cd5193005c26dc0cba1.jpg',1,'2025-07-31 02:44:29','2025-07-31 02:44:29'),(158,42,'Personalized Mug',28.99,26,'Customizable mug for special occasions',100,'https://i.pinimg.com/736x/2d/45/9b/2d459b434badc6eb2d559f7c31e3d53c.jpg',1,'2025-07-31 02:44:29','2025-07-31 02:44:29'),(159,43,'Granola Bars',4.49,4,'Healthy granola bars for an energy boost',100,'https://i.pinimg.com/736x/70/f6/76/70f676d98d256beb05a49770ee3f6a2b.jpg',1,'2025-07-31 02:44:29','2025-07-31 02:44:29'),(160,43,'Fruit Juice (500ml)',2.49,2,'Freshly squeezed fruit juice with no added sugar',100,'https://i.pinimg.com/736x/54/b1/9f/54b19f6e9ce882441a3c1c5f81ca2b8b.jpg',1,'2025-07-31 02:44:29','2025-07-31 02:44:29'),(161,43,'Electric Guitar',296.99,267,'High-quality electric guitar for musicians',100,'https://i.pinimg.com/736x/18/7c/35/187c35bdef3714b3b62f55d87d5f6173.jpg',1,'2025-07-31 02:44:29','2025-07-31 02:44:29'),(162,43,'Drum Kit',166.99,150,'Complete drum kit for beginners and pros',100,'https://i.pinimg.com/736x/91/2a/6d/912a6daf32f8de0b8dd9860b2966e30b.jpg',1,'2025-07-31 02:44:29','2025-07-31 02:44:29'),(163,44,'Granola Bars',3.49,3,'Healthy granola bars for an energy boost',100,'https://i.pinimg.com/736x/70/f6/76/70f676d98d256beb05a49770ee3f6a2b.jpg',1,'2025-07-31 02:44:29','2025-07-31 02:44:29'),(164,44,'Fruit Juice (500ml)',4.49,4,'Freshly squeezed fruit juice with no added sugar',100,'https://i.pinimg.com/736x/54/b1/9f/54b19f6e9ce882441a3c1c5f81ca2b8b.jpg',1,'2025-07-31 02:44:29','2025-07-31 02:44:29'),(165,44,'Organic Olive Oil (500ml)',7.99,7,'Cold-pressed organic olive oil',100,'https://i.pinimg.com/736x/28/35/15/283515e2e8d6af1bfaeb93b30102e857.jpg',1,'2025-07-31 02:44:29','2025-07-31 02:44:29'),(166,44,'Organic Avocados (4 pieces)',4.99,4,'Fresh, organic avocados',100,'https://i.pinimg.com/736x/48/4a/fc/484afcf525082e6ce591da1a8454df95.jpg',1,'2025-07-31 02:44:29','2025-07-31 02:44:29'),(167,45,'Backpack',31.99,28,'Spacious backpack for school essentials',100,'https://i.pinimg.com/736x/61/6b/9e/616b9e032905beb9e7d889a01ee28360.jpg',1,'2025-07-31 02:44:29','2025-07-31 02:44:29'),(168,45,'Pencil Case',10.99,9,'Stylish pencil case for organizing writing tools',100,'https://i.pinimg.com/736x/00/5a/c8/005ac8020c6c68f6a46568c986c2f5fd.jpg',1,'2025-07-31 02:44:29','2025-07-31 02:44:29'),(169,46,'Organic Olive Oil (500ml)',6.99,6,'Cold-pressed organic olive oil',100,'https://i.pinimg.com/736x/28/35/15/283515e2e8d6af1bfaeb93b30102e857.jpg',1,'2025-07-31 02:44:29','2025-07-31 02:44:29'),(170,46,'Organic Avocados (4 pieces)',5.99,5,'Fresh, organic avocados',100,'https://i.pinimg.com/736x/48/4a/fc/484afcf525082e6ce591da1a8454df95.jpg',1,'2025-07-31 02:44:29','2025-07-31 02:44:29'),(171,46,'Vintage Comic Book',21,18,'Rare vintage comic book for collectors',100,'https://i.pinimg.com/736x/4a/83/06/4a8306f43ac20e91d16eafcaf4910667.jpg',1,'2025-07-31 02:44:29','2025-07-31 02:44:29'),(172,46,'Limited Edition Action Figure',46,41,'Limited edition action figure from a popular series',100,'https://i.pinimg.com/736x/bc/68/93/bc6893bc51b9ce3b1a4953a37cef5898.jpg',1,'2025-07-31 02:44:29','2025-07-31 02:44:29'),(173,46,'Shampoo (500ml)',4.49,4,'Nourishing shampoo for healthy hair',100,'https://i.pinimg.com/736x/56/cc/99/56cc997f67c0abae927c75f7ef60b868.jpg',1,'2025-07-31 02:44:29','2025-07-31 02:44:29'),(174,46,'Toothpaste (100g)',4.49,4,'Refreshing toothpaste for a clean mouth',100,'https://i.pinimg.com/736x/13/87/f5/1387f53c19d26ca580c266e616d2938c.jpg',1,'2025-07-31 02:44:29','2025-07-31 02:44:29'),(175,46,'Electric Guitar',153.99,138,'High-quality electric guitar for musicians',100,'https://i.pinimg.com/736x/18/7c/35/187c35bdef3714b3b62f55d87d5f6173.jpg',1,'2025-07-31 02:44:29','2025-07-31 02:44:29'),(176,46,'Drum Kit',188.99,170,'Complete drum kit for beginners and pros',100,'https://i.pinimg.com/736x/91/2a/6d/912a6daf32f8de0b8dd9860b2966e30b.jpg',1,'2025-07-31 02:44:29','2025-07-31 02:44:29'),(177,47,'Acrylic Paint Set',7.99,7,'Set of vibrant acrylic paints for artists',100,'https://i.pinimg.com/736x/31/4e/56/314e561ee8ea955bd306266a6af5e0e2.jpg',1,'2025-07-31 02:44:29','2025-07-31 02:44:29'),(178,47,'Canvas Pads (10 sheets)',18.99,17,'Canvas pads for painting and drawing',100,'https://i.pinimg.com/736x/19/71/51/1971518a8387f2d7eff79f26d75961f1.jpg',1,'2025-07-31 02:44:29','2025-07-31 02:44:29'),(179,47,'Organic Olive Oil (500ml)',7.99,7,'Cold-pressed organic olive oil',100,'https://i.pinimg.com/736x/28/35/15/283515e2e8d6af1bfaeb93b30102e857.jpg',1,'2025-07-31 02:44:29','2025-07-31 02:44:29'),(180,47,'Organic Avocados (4 pieces)',8.99,8,'Fresh, organic avocados',100,'https://i.pinimg.com/736x/48/4a/fc/484afcf525082e6ce591da1a8454df95.jpg',1,'2025-07-31 02:44:29','2025-07-31 02:44:29'),(181,48,'Electric Guitar',235.99,212,'High-quality electric guitar for musicians',100,'https://i.pinimg.com/736x/18/7c/35/187c35bdef3714b3b62f55d87d5f6173.jpg',1,'2025-07-31 02:44:29','2025-07-31 02:44:29'),(182,48,'Drum Kit',212.99,191,'Complete drum kit for beginners and pros',100,'https://i.pinimg.com/736x/91/2a/6d/912a6daf32f8de0b8dd9860b2966e30b.jpg',1,'2025-07-31 02:44:29','2025-07-31 02:44:29'),(183,48,'Backpack',16.99,15,'Spacious backpack for school essentials',100,'https://i.pinimg.com/736x/61/6b/9e/616b9e032905beb9e7d889a01ee28360.jpg',1,'2025-07-31 02:44:29','2025-07-31 02:44:29'),(184,48,'Pencil Case',21.99,19,'Stylish pencil case for organizing writing tools',100,'https://i.pinimg.com/736x/00/5a/c8/005ac8020c6c68f6a46568c986c2f5fd.jpg',1,'2025-07-31 02:44:29','2025-07-31 02:44:29'),(185,49,'Granola Bars',2.49,2,'Healthy granola bars for an energy boost',100,'https://i.pinimg.com/736x/70/f6/76/70f676d98d256beb05a49770ee3f6a2b.jpg',1,'2025-07-31 02:44:29','2025-07-31 02:44:29'),(186,49,'Fruit Juice (500ml)',2.49,2,'Freshly squeezed fruit juice with no added sugar',100,'https://i.pinimg.com/736x/54/b1/9f/54b19f6e9ce882441a3c1c5f81ca2b8b.jpg',1,'2025-07-31 02:44:29','2025-07-31 02:44:29'),(187,49,'Electric Guitar',201.99,181,'High-quality electric guitar for musicians',100,'https://i.pinimg.com/736x/18/7c/35/187c35bdef3714b3b62f55d87d5f6173.jpg',1,'2025-07-31 02:44:29','2025-07-31 02:44:29'),(188,49,'Drum Kit',267.99,241,'Complete drum kit for beginners and pros',100,'https://i.pinimg.com/736x/91/2a/6d/912a6daf32f8de0b8dd9860b2966e30b.jpg',1,'2025-07-31 02:44:29','2025-07-31 02:44:29'),(189,49,'Gift Box Set',21.99,19,'Beautifully packaged gift box with assorted items',100,'https://i.pinimg.com/736x/2a/6e/c5/2a6ec51230500cd5193005c26dc0cba1.jpg',1,'2025-07-31 02:44:29','2025-07-31 02:44:29'),(190,49,'Personalized Mug',23.99,21,'Customizable mug for special occasions',100,'https://i.pinimg.com/736x/2d/45/9b/2d459b434badc6eb2d559f7c31e3d53c.jpg',1,'2025-07-31 02:44:29','2025-07-31 02:44:29'),(191,50,'Acrylic Paint Set',16.99,15,'Set of vibrant acrylic paints for artists',100,'https://i.pinimg.com/736x/31/4e/56/314e561ee8ea955bd306266a6af5e0e2.jpg',1,'2025-07-31 02:44:29','2025-07-31 02:44:29'),(192,50,'Canvas Pads (10 sheets)',15.99,14,'Canvas pads for painting and drawing',100,'https://i.pinimg.com/736x/19/71/51/1971518a8387f2d7eff79f26d75961f1.jpg',1,'2025-07-31 02:44:29','2025-07-31 02:44:29'),(193,50,'Organic Apples (1kg)',3.49,3,'Fresh, organic apples for a healthy snack',100,'https://i.pinimg.com/736x/00/ca/b0/00cab08fb5d8d94ecd47d38f6f94c0c9.jpg',1,'2025-07-31 02:44:29','2025-07-31 02:44:29'),(194,50,'Whole Wheat Bread',5.49,4,'Freshly baked whole wheat bread',100,'https://i.pinimg.com/736x/19/45/8e/19458eea783b42508ba7e6b1ad8a7bc9.jpg',1,'2025-07-31 02:44:29','2025-07-31 02:44:29'),(195,1,'Building Blocks Set',26.99,24,'Colorful building blocks for creativity',100,'https://i.pinimg.com/736x/d4/f0/09/d4f009d65edb5b76049be222416e1bb8.jpg',1,'2025-07-31 02:44:52','2025-07-31 02:44:52'),(196,1,'Action Figure Set',15.99,14,'A set of action figures from your favorite series',100,'https://i.pinimg.com/736x/73/80/40/73804016329ba5896e2fd7f6958a1bf5.jpg',1,'2025-07-31 02:44:52','2025-07-31 02:44:52'),(197,1,'Pet Bed',9.99,8,'Comfortable bed for your furry friend',100,'https://i.pinimg.com/736x/0f/16/9c/0f169cf58b1fb416db46591b0d6f27e4.jpg',1,'2025-07-31 02:44:52','2025-07-31 02:44:52'),(198,1,'Interactive Pet Toy',32.99,29,'Engaging toy to keep your pet entertained for hours',100,'https://i.pinimg.com/736x/da/23/a0/da23a0916b204ac326807a453093e120.jpg',1,'2025-07-31 02:44:52','2025-07-31 02:44:52'),(199,1,'Tent',80,72,'Lightweight tent for camping and hiking trips',100,'https://i.pinimg.com/736x/f2/b1/70/f2b170fe39500e728002cd66f16a47cf.jpg',1,'2025-07-31 02:44:52','2025-07-31 02:44:52'),(200,1,'Sleeping Bag',147,132,'Cozy sleeping bag for outdoor adventures',100,'https://i.pinimg.com/736x/5a/e2/7e/5ae27e7084dea07ff8bf7b4f26894772.jpg',1,'2025-07-31 02:44:52','2025-07-31 02:44:52'),(201,1,'Cordless Drill',101,90,'Powerful cordless drill for all your DIY projects',100,'https://i.pinimg.com/736x/06/fd/cd/06fdcd19ee8e9e34bd53165a4c0e8ea2.jpg',1,'2025-07-31 02:44:52','2025-07-31 02:44:52'),(202,1,'Mechanics Tool Set',155,139,'Comprehensive mechanics tool set for any repair job',100,'https://i.pinimg.com/736x/47/9d/65/479d65fc2ebac900b57839871c4a62a6.jpg',1,'2025-07-31 02:44:52','2025-07-31 02:44:52'),(203,1,'Multivitamin Supplements',15,13,'Daily multivitamin supplements for overall health',100,'https://i.pinimg.com/736x/10/2f/4e/102f4eb7a86cda7006294d2a0287ca8d.jpg',1,'2025-07-31 02:44:52','2025-07-31 02:44:52'),(204,1,'Yoga Mat',43,38,'Comfortable yoga mat for home or studio use',100,'https://i.pinimg.com/736x/fb/a0/cd/fba0cd73a567541a2281e17331a215a2.jpg',1,'2025-07-31 02:44:52','2025-07-31 02:44:52'),(205,1,'Mens Casual T-Shirt',21,18,'Comfortable cotton T-shirt for daily wear',100,'https://i.pinimg.com/736x/b8/a1/18/b8a118bd8d380664fa3e9e80e4595181.jpg',1,'2025-07-31 02:44:52','2025-07-31 02:44:52'),(206,1,'Mens Denim Jeans',47,42,'Classic denim jeans with a modern fit',100,'https://i.pinimg.com/736x/bb/c5/91/bbc591a3ef7d4bb17570114f17a9ea18.jpg',1,'2025-07-31 02:44:52','2025-07-31 02:44:52'),(207,2,'Gold Necklace',197,177,'Elegant gold necklace for special occasions',100,'https://i.pinimg.com/736x/7c/2c/c2/7c2cc2d46f49b1b536c69b7b42c69539.jpg',1,'2025-07-31 02:44:52','2025-07-31 02:44:52'),(208,2,'Diamond Ring',430,387,'Sparkling diamond ring with a timeless design',100,'https://i.pinimg.com/736x/3a/dc/3b/3adc3bc57d71f9e8a1d53c54a0631f8b.jpg',1,'2025-07-31 02:44:52','2025-07-31 02:44:52'),(209,2,'Smart LED Desk Lamp',47,42,'Adjustable LED desk lamp with smart features',100,'https://i.pinimg.com/736x/24/55/4a/24554aafc97793d4f15264a810910ee1.jpg',1,'2025-07-31 02:44:52','2025-07-31 02:44:52'),(210,2,'Pendant Light Fixture',133,119,'Stylish pendant light fixture for your home',100,'https://i.pinimg.com/736x/f9/83/d3/f983d3ebd0f8f16c074fbf661ea752c8.jpg',1,'2025-07-31 02:44:52','2025-07-31 02:44:52'),(211,2,'Boys Hoodie',26,23,'Cozy hoodie for boys, perfect for chilly days',100,'https://i.pinimg.com/736x/11/8c/0f/118c0f2076e7bd7464feb162aad7d9a6.jpg',1,'2025-07-31 02:44:52','2025-07-31 02:44:52'),(212,2,'Girls Skirt',27,24,'Fun and comfortable skirt for girls',100,'https://i.pinimg.com/736x/62/ee/1f/62ee1f726c392c68c1b0f1146e560bf1.jpg',1,'2025-07-31 02:44:52','2025-07-31 02:44:52'),(213,2,'Womens Floral Dress',67,60,'Elegant floral dress for casual or formal occasions',100,'https://i.pinimg.com/736x/57/c0/36/57c036ec76e4e765a4b692638e2705c2.jpg',1,'2025-07-31 02:44:52','2025-07-31 02:44:52'),(214,2,'Womens Blouse',35,31,'Stylish blouse for office or outings',100,'https://i.pinimg.com/736x/b0/f8/e3/b0f8e340cc626783de3315e115b220b8.jpg',1,'2025-07-31 02:44:52','2025-07-31 02:44:52'),(215,2,'Garden Hose',178,160,'Heavy-duty garden hose for easy watering',100,'https://i.pinimg.com/736x/e5/98/55/e59855af6f601b6cece0f5ccb291d5fd.jpg',1,'2025-07-31 02:44:52','2025-07-31 02:44:52'),(216,2,'Portable BBQ Grill',105,94,'Compact portable BBQ grill for outdoor cooking',100,'https://i.pinimg.com/736x/dc/19/01/dc1901e65479caa18d74ac0b86aa5098.jpg',1,'2025-07-31 02:44:52','2025-07-31 02:44:52'),(217,2,'Moisturizing Cream',98,88,'Rich moisturizing cream for daily hydration',100,'https://i.pinimg.com/736x/2a/22/8b/2a228b3a0b8b3d8497b6154f9c26ffab.jpg',1,'2025-07-31 02:44:52','2025-07-31 02:44:52'),(218,2,'Anti-Aging Serum',36,32,'Powerful anti-aging serum for youthful skin',100,'https://i.pinimg.com/736x/53/cf/74/53cf749d9d63997819427e53ba5eaa1d.jpg',1,'2025-07-31 02:44:52','2025-07-31 02:44:52'),(219,2,'Luxury Lipstick',30,27,'High-quality lipstick in a range of colors',100,'https://i.pinimg.com/736x/0c/b6/f4/0cb6f438bb76ef755c4668b97778440b.jpg',1,'2025-07-31 02:44:52','2025-07-31 02:44:52'),(220,2,'Eyelash Serum',17,15,'Revitalizing eyelash serum for longer lashes',100,'https://i.pinimg.com/736x/20/c7/88/20c7886177d6741907819046eec61b82.jpg',1,'2025-07-31 02:44:52','2025-07-31 02:44:52'),(221,2,'Pet Bed',18.99,17,'Comfortable bed for your furry friend',100,'https://i.pinimg.com/736x/0f/16/9c/0f169cf58b1fb416db46591b0d6f27e4.jpg',1,'2025-07-31 02:44:52','2025-07-31 02:44:52'),(222,2,'Interactive Pet Toy',26.99,24,'Engaging toy to keep your pet entertained for hours',100,'https://i.pinimg.com/736x/da/23/a0/da23a0916b204ac326807a453093e120.jpg',1,'2025-07-31 02:44:52','2025-07-31 02:44:52'),(223,3,'Cast Iron Skillet',87,78,'Durable cast iron skillet for perfect searing',100,'https://i.pinimg.com/736x/df/6c/05/df6c050964e934b6e6f973265fc3d471.jpg',1,'2025-07-31 02:44:52','2025-07-31 02:44:52'),(224,3,'Stainless Steel Cookware Set',56,50,'Premium stainless steel cookware set for your kitchen',100,'https://i.pinimg.com/736x/35/d3/96/35d396fd462dcf9c9a422340a8a0fa19.jpg',1,'2025-07-31 02:44:52','2025-07-31 02:44:52'),(225,3,'Luxury Lipstick',25,22,'High-quality lipstick in a range of colors',100,'https://i.pinimg.com/736x/0c/b6/f4/0cb6f438bb76ef755c4668b97778440b.jpg',1,'2025-07-31 02:44:52','2025-07-31 02:44:52'),(226,3,'Eyelash Serum',17,15,'Revitalizing eyelash serum for longer lashes',100,'https://i.pinimg.com/736x/20/c7/88/20c7886177d6741907819046eec61b82.jpg',1,'2025-07-31 02:44:52','2025-07-31 02:44:52'),(227,3,'Pet Bed',24.99,22,'Comfortable bed for your furry friend',100,'https://i.pinimg.com/736x/0f/16/9c/0f169cf58b1fb416db46591b0d6f27e4.jpg',1,'2025-07-31 02:44:52','2025-07-31 02:44:52'),(228,3,'Interactive Pet Toy',39.99,35,'Engaging toy to keep your pet entertained for hours',100,'https://i.pinimg.com/736x/da/23/a0/da23a0916b204ac326807a453093e120.jpg',1,'2025-07-31 02:44:52','2025-07-31 02:44:52'),(229,3,'Garden Hose',71,63,'Heavy-duty garden hose for easy watering',100,'https://i.pinimg.com/736x/e5/98/55/e59855af6f601b6cece0f5ccb291d5fd.jpg',1,'2025-07-31 02:44:52','2025-07-31 02:44:52'),(230,3,'Portable BBQ Grill',21,18,'Compact portable BBQ grill for outdoor cooking',100,'https://i.pinimg.com/736x/dc/19/01/dc1901e65479caa18d74ac0b86aa5098.jpg',1,'2025-07-31 02:44:52','2025-07-31 02:44:52'),(231,3,'Basketball',58,52,'Durable basketball for indoor and outdoor play',100,'https://i.pinimg.com/736x/50/90/50/509050faf1df0dc92a11f373446fb8f0.jpg',1,'2025-07-31 02:44:52','2025-07-31 02:44:52'),(232,3,'Soccer Ball',31,27,'High-quality soccer ball for practice or matches',100,'https://i.pinimg.com/736x/a6/fd/65/a6fd6507d6d776b9adda4cc0303463a3.jpg',1,'2025-07-31 02:44:52','2025-07-31 02:44:52'),(233,3,'Shampoo & Conditioner Set',25,22,'Shampoo and conditioner set for healthy hair',100,'https://i.pinimg.com/736x/01/04/dd/0104dd626f85f260c732fc8d847bdf83.jpg',1,'2025-07-31 02:44:52','2025-07-31 02:44:52'),(234,3,'Hair Styling Gel',14,12,'Strong hold hair styling gel for all-day control',100,'https://i.pinimg.com/736x/84/ab/35/84ab35118a388b30109c9cfd2887036a.jpg',1,'2025-07-31 02:44:52','2025-07-31 02:44:52'),(235,3,'Smart LED Desk Lamp',143,128,'Adjustable LED desk lamp with smart features',100,'https://i.pinimg.com/736x/24/55/4a/24554aafc97793d4f15264a810910ee1.jpg',1,'2025-07-31 02:44:52','2025-07-31 02:44:52'),(236,3,'Pendant Light Fixture',23,20,'Stylish pendant light fixture for your home',100,'https://i.pinimg.com/736x/f9/83/d3/f983d3ebd0f8f16c074fbf661ea752c8.jpg',1,'2025-07-31 02:44:52','2025-07-31 02:44:52'),(237,4,'Luxury Lipstick',43,38,'High-quality lipstick in a range of colors',100,'https://i.pinimg.com/736x/0c/b6/f4/0cb6f438bb76ef755c4668b97778440b.jpg',1,'2025-07-31 02:44:52','2025-07-31 02:44:52'),(238,4,'Eyelash Serum',38,34,'Revitalizing eyelash serum for longer lashes',100,'https://i.pinimg.com/736x/20/c7/88/20c7886177d6741907819046eec61b82.jpg',1,'2025-07-31 02:44:52','2025-07-31 02:44:52'),(239,4,'Boys Hoodie',11,9,'Cozy hoodie for boys, perfect for chilly days',100,'https://i.pinimg.com/736x/11/8c/0f/118c0f2076e7bd7464feb162aad7d9a6.jpg',1,'2025-07-31 02:44:52','2025-07-31 02:44:52'),(240,4,'Girls Skirt',17,15,'Fun and comfortable skirt for girls',100,'https://i.pinimg.com/736x/62/ee/1f/62ee1f726c392c68c1b0f1146e560bf1.jpg',1,'2025-07-31 02:44:52','2025-07-31 02:44:52'),(241,4,'Mens Running Shoes',64,57,'Lightweight running shoes for men',100,'https://i.pinimg.com/736x/0e/f1/13/0ef113de4b877881bd328ee17f51f640.jpg',1,'2025-07-31 02:44:52','2025-07-31 02:44:52'),(242,4,'Womens Sandals',37,33,'Comfortable and stylish sandals for women',100,'https://i.pinimg.com/736x/05/12/d7/0512d76db2f548d4fe92f907e3e258b4.jpg',1,'2025-07-31 02:44:52','2025-07-31 02:44:52'),(243,4,'Cast Iron Skillet',165,148,'Durable cast iron skillet for perfect searing',100,'https://i.pinimg.com/736x/df/6c/05/df6c050964e934b6e6f973265fc3d471.jpg',1,'2025-07-31 02:44:52','2025-07-31 02:44:52'),(244,4,'Stainless Steel Cookware Set',180,162,'Premium stainless steel cookware set for your kitchen',100,'https://i.pinimg.com/736x/35/d3/96/35d396fd462dcf9c9a422340a8a0fa19.jpg',1,'2025-07-31 02:44:52','2025-07-31 02:44:52'),(245,5,'Luxury Lipstick',20,18,'High-quality lipstick in a range of colors',100,'https://i.pinimg.com/736x/0c/b6/f4/0cb6f438bb76ef755c4668b97778440b.jpg',1,'2025-07-31 02:44:52','2025-07-31 02:44:52'),(246,5,'Eyelash Serum',15,13,'Revitalizing eyelash serum for longer lashes',100,'https://i.pinimg.com/736x/20/c7/88/20c7886177d6741907819046eec61b82.jpg',1,'2025-07-31 02:44:52','2025-07-31 02:44:52'),(247,5,'Mens Running Shoes',50,45,'Lightweight running shoes for men',100,'https://i.pinimg.com/736x/0e/f1/13/0ef113de4b877881bd328ee17f51f640.jpg',1,'2025-07-31 02:44:52','2025-07-31 02:44:52'),(248,5,'Womens Sandals',70,63,'Comfortable and stylish sandals for women',100,'https://i.pinimg.com/736x/05/12/d7/0512d76db2f548d4fe92f907e3e258b4.jpg',1,'2025-07-31 02:44:52','2025-07-31 02:44:52'),(249,5,'Garden Hose',197,177,'Heavy-duty garden hose for easy watering',100,'https://i.pinimg.com/736x/e5/98/55/e59855af6f601b6cece0f5ccb291d5fd.jpg',1,'2025-07-31 02:44:52','2025-07-31 02:44:52'),(250,5,'Portable BBQ Grill',165,148,'Compact portable BBQ grill for outdoor cooking',100,'https://i.pinimg.com/736x/dc/19/01/dc1901e65479caa18d74ac0b86aa5098.jpg',1,'2025-07-31 02:44:52','2025-07-31 02:44:52'),(251,6,'Baby Stroller',138.99,125,'Durable stroller with adjustable features for comfort',100,'https://i.pinimg.com/736x/e0/b6/ae/e0b6aeffa213981b137c88864b36b931.jpg',1,'2025-07-31 02:44:52','2025-07-31 02:44:52'),(252,6,'Baby Monitor',104.99,94,'Wireless baby monitor for peace of mind',100,'https://i.pinimg.com/736x/df/8c/bc/df8cbcd24cad13c4ed4b52cbe37b0883.jpg',1,'2025-07-31 02:44:52','2025-07-31 02:44:52'),(253,6,'Shampoo & Conditioner Set',21,18,'Shampoo and conditioner set for healthy hair',100,'https://i.pinimg.com/736x/01/04/dd/0104dd626f85f260c732fc8d847bdf83.jpg',1,'2025-07-31 02:44:52','2025-07-31 02:44:52'),(254,6,'Hair Styling Gel',24,21,'Strong hold hair styling gel for all-day control',100,'https://i.pinimg.com/736x/84/ab/35/84ab35118a388b30109c9cfd2887036a.jpg',1,'2025-07-31 02:44:52','2025-07-31 02:44:52'),(255,7,'Building Blocks Set',25.99,23,'Colorful building blocks for creativity',100,'https://i.pinimg.com/736x/d4/f0/09/d4f009d65edb5b76049be222416e1bb8.jpg',1,'2025-07-31 02:44:52','2025-07-31 02:44:52'),(256,7,'Action Figure Set',15.99,14,'A set of action figures from your favorite series',100,'https://i.pinimg.com/736x/73/80/40/73804016329ba5896e2fd7f6958a1bf5.jpg',1,'2025-07-31 02:44:52','2025-07-31 02:44:52'),(257,7,'Cordless Drill',169,152,'Powerful cordless drill for all your DIY projects',100,'https://i.pinimg.com/736x/06/fd/cd/06fdcd19ee8e9e34bd53165a4c0e8ea2.jpg',1,'2025-07-31 02:44:52','2025-07-31 02:44:52'),(258,7,'Mechanics Tool Set',167,150,'Comprehensive mechanics tool set for any repair job',100,'https://i.pinimg.com/736x/47/9d/65/479d65fc2ebac900b57839871c4a62a6.jpg',1,'2025-07-31 02:44:52','2025-07-31 02:44:52'),(259,7,'Moisturizing Cream',32,28,'Rich moisturizing cream for daily hydration',100,'https://i.pinimg.com/736x/2a/22/8b/2a228b3a0b8b3d8497b6154f9c26ffab.jpg',1,'2025-07-31 02:44:52','2025-07-31 02:44:52'),(260,7,'Anti-Aging Serum',45,40,'Powerful anti-aging serum for youthful skin',100,'https://i.pinimg.com/736x/53/cf/74/53cf749d9d63997819427e53ba5eaa1d.jpg',1,'2025-07-31 02:44:52','2025-07-31 02:44:52'),(261,8,'Car Battery',55,49,'Reliable car battery for various car models',100,'https://i.pinimg.com/736x/af/f4/ad/aff4ad61e87ca8bb8119229ade599585.jpg',1,'2025-07-31 02:44:52','2025-07-31 02:44:52'),(262,8,'Brake Pads',105,94,'High-quality brake pads for optimal stopping power',100,'https://i.pinimg.com/736x/dc/c5/5d/dcc55d14bb2d3227dafe73a150b0f699.jpg',1,'2025-07-31 02:44:52','2025-07-31 02:44:52'),(263,8,'Boys Hoodie',22,19,'Cozy hoodie for boys, perfect for chilly days',100,'https://i.pinimg.com/736x/11/8c/0f/118c0f2076e7bd7464feb162aad7d9a6.jpg',1,'2025-07-31 02:44:52','2025-07-31 02:44:52'),(264,8,'Girls Skirt',14,12,'Fun and comfortable skirt for girls',100,'https://i.pinimg.com/736x/62/ee/1f/62ee1f726c392c68c1b0f1146e560bf1.jpg',1,'2025-07-31 02:44:52','2025-07-31 02:44:52'),(265,8,'Smart LED Desk Lamp',110,99,'Adjustable LED desk lamp with smart features',100,'https://i.pinimg.com/736x/24/55/4a/24554aafc97793d4f15264a810910ee1.jpg',1,'2025-07-31 02:44:52','2025-07-31 02:44:52'),(266,8,'Pendant Light Fixture',148,133,'Stylish pendant light fixture for your home',100,'https://i.pinimg.com/736x/f9/83/d3/f983d3ebd0f8f16c074fbf661ea752c8.jpg',1,'2025-07-31 02:44:52','2025-07-31 02:44:52'),(267,8,'Ninja Blender',73,65,'High-powered blender for smoothies and soups',100,'https://i.pinimg.com/736x/c7/92/6c/c7926c4bdc22ccc7b4a4f3c16f44de3f.jpg',1,'2025-07-31 02:44:52','2025-07-31 02:44:52'),(268,8,'Instant Pot',86,77,'Multi-function pressure cooker for quick meals',100,'https://i.pinimg.com/736x/12/1a/54/121a5495b298c6445168cef3377fca9f.jpg',1,'2025-07-31 02:44:52','2025-07-31 02:44:52'),(269,9,'Cast Iron Skillet',37,33,'Durable cast iron skillet for perfect searing',100,'https://i.pinimg.com/736x/df/6c/05/df6c050964e934b6e6f973265fc3d471.jpg',1,'2025-07-31 02:44:52','2025-07-31 02:44:52'),(270,9,'Stainless Steel Cookware Set',186,167,'Premium stainless steel cookware set for your kitchen',100,'https://i.pinimg.com/736x/35/d3/96/35d396fd462dcf9c9a422340a8a0fa19.jpg',1,'2025-07-31 02:44:52','2025-07-31 02:44:52'),(271,9,'Baby Stroller',131.99,118,'Durable stroller with adjustable features for comfort',100,'https://i.pinimg.com/736x/e0/b6/ae/e0b6aeffa213981b137c88864b36b931.jpg',1,'2025-07-31 02:44:52','2025-07-31 02:44:52'),(272,9,'Baby Monitor',131.99,118,'Wireless baby monitor for peace of mind',100,'https://i.pinimg.com/736x/df/8c/bc/df8cbcd24cad13c4ed4b52cbe37b0883.jpg',1,'2025-07-31 02:44:52','2025-07-31 02:44:52'),(273,9,'Garden Hose',104,93,'Heavy-duty garden hose for easy watering',100,'https://i.pinimg.com/736x/e5/98/55/e59855af6f601b6cece0f5ccb291d5fd.jpg',1,'2025-07-31 02:44:52','2025-07-31 02:44:52'),(274,9,'Portable BBQ Grill',114,102,'Compact portable BBQ grill for outdoor cooking',100,'https://i.pinimg.com/736x/dc/19/01/dc1901e65479caa18d74ac0b86aa5098.jpg',1,'2025-07-31 02:44:52','2025-07-31 02:44:52'),(275,9,'Mens Running Shoes',42,37,'Lightweight running shoes for men',100,'https://i.pinimg.com/736x/0e/f1/13/0ef113de4b877881bd328ee17f51f640.jpg',1,'2025-07-31 02:44:52','2025-07-31 02:44:52'),(276,9,'Womens Sandals',48,43,'Comfortable and stylish sandals for women',100,'https://i.pinimg.com/736x/05/12/d7/0512d76db2f548d4fe92f907e3e258b4.jpg',1,'2025-07-31 02:44:52','2025-07-31 02:44:52'),(277,9,'Wooden Dining Table',242,217,'Elegant wooden dining table for any home',100,'https://i.pinimg.com/736x/5a/47/a4/5a47a4dda6f92a18a22410018e284a3e.jpg',1,'2025-07-31 02:44:52','2025-07-31 02:44:52'),(278,9,'Leather Office Chair',691,621,'Comfortable and stylish leather office chair',100,'https://i.pinimg.com/736x/dc/8d/eb/dc8deb6add61c7623054816b06083dda.jpg',1,'2025-07-31 02:44:52','2025-07-31 02:44:52'),(279,10,'Boys Hoodie',30,27,'Cozy hoodie for boys, perfect for chilly days',100,'https://i.pinimg.com/736x/11/8c/0f/118c0f2076e7bd7464feb162aad7d9a6.jpg',1,'2025-07-31 02:44:52','2025-07-31 02:44:52'),(280,10,'Girls Skirt',29,26,'Fun and comfortable skirt for girls',100,'https://i.pinimg.com/736x/62/ee/1f/62ee1f726c392c68c1b0f1146e560bf1.jpg',1,'2025-07-31 02:44:52','2025-07-31 02:44:52'),(281,10,'Basketball',38,34,'Durable basketball for indoor and outdoor play',100,'https://i.pinimg.com/736x/50/90/50/509050faf1df0dc92a11f373446fb8f0.jpg',1,'2025-07-31 02:44:52','2025-07-31 02:44:52'),(282,10,'Soccer Ball',58,52,'High-quality soccer ball for practice or matches',100,'https://i.pinimg.com/736x/a6/fd/65/a6fd6507d6d776b9adda4cc0303463a3.jpg',1,'2025-07-31 02:44:52','2025-07-31 02:44:52'),(283,10,'Multivitamin Supplements',41,36,'Daily multivitamin supplements for overall health',100,'https://i.pinimg.com/736x/10/2f/4e/102f4eb7a86cda7006294d2a0287ca8d.jpg',1,'2025-07-31 02:44:52','2025-07-31 02:44:52'),(284,10,'Yoga Mat',44,39,'Comfortable yoga mat for home or studio use',100,'https://i.pinimg.com/736x/fb/a0/cd/fba0cd73a567541a2281e17331a215a2.jpg',1,'2025-07-31 02:44:52','2025-07-31 02:44:52'),(285,10,'Cast Iron Skillet',123,110,'Durable cast iron skillet for perfect searing',100,'https://i.pinimg.com/736x/df/6c/05/df6c050964e934b6e6f973265fc3d471.jpg',1,'2025-07-31 02:44:52','2025-07-31 02:44:52'),(286,10,'Stainless Steel Cookware Set',143,128,'Premium stainless steel cookware set for your kitchen',100,'https://i.pinimg.com/736x/35/d3/96/35d396fd462dcf9c9a422340a8a0fa19.jpg',1,'2025-07-31 02:44:52','2025-07-31 02:44:52'),(287,10,'Cordless Drill',56,50,'Powerful cordless drill for all your DIY projects',100,'https://i.pinimg.com/736x/06/fd/cd/06fdcd19ee8e9e34bd53165a4c0e8ea2.jpg',1,'2025-07-31 02:44:52','2025-07-31 02:44:52'),(288,10,'Mechanics Tool Set',189,170,'Comprehensive mechanics tool set for any repair job',100,'https://i.pinimg.com/736x/47/9d/65/479d65fc2ebac900b57839871c4a62a6.jpg',1,'2025-07-31 02:44:52','2025-07-31 02:44:52'),(289,10,'Classic Wristwatch',151,135,'Timeless wristwatch with a leather band',100,'https://i.pinimg.com/736x/6d/a1/ab/6da1ab1bf5aa357c48942a65f0876ed9.jpg',1,'2025-07-31 02:44:52','2025-07-31 02:44:52'),(290,10,'Smartwatch',247,222,'Modern smartwatch with fitness tracking features',100,'https://i.pinimg.com/736x/1b/dd/aa/1bddaa19d6a629e01505000fbf5dc5c6.jpg',1,'2025-07-31 02:44:52','2025-07-31 02:44:52'),(291,11,'Gold Necklace',316,284,'Elegant gold necklace for special occasions',100,'https://i.pinimg.com/736x/7c/2c/c2/7c2cc2d46f49b1b536c69b7b42c69539.jpg',1,'2025-07-31 02:44:52','2025-07-31 02:44:52'),(292,11,'Diamond Ring',126,113,'Sparkling diamond ring with a timeless design',100,'https://i.pinimg.com/736x/3a/dc/3b/3adc3bc57d71f9e8a1d53c54a0631f8b.jpg',1,'2025-07-31 02:44:52','2025-07-31 02:44:52'),(293,11,'Cast Iron Skillet',133,119,'Durable cast iron skillet for perfect searing',100,'https://i.pinimg.com/736x/df/6c/05/df6c050964e934b6e6f973265fc3d471.jpg',1,'2025-07-31 02:44:52','2025-07-31 02:44:52'),(294,11,'Stainless Steel Cookware Set',139,125,'Premium stainless steel cookware set for your kitchen',100,'https://i.pinimg.com/736x/35/d3/96/35d396fd462dcf9c9a422340a8a0fa19.jpg',1,'2025-07-31 02:44:52','2025-07-31 02:44:52'),(295,11,'Ninja Blender',76,68,'High-powered blender for smoothies and soups',100,'https://i.pinimg.com/736x/c7/92/6c/c7926c4bdc22ccc7b4a4f3c16f44de3f.jpg',1,'2025-07-31 02:44:52','2025-07-31 02:44:52'),(296,11,'Instant Pot',116,104,'Multi-function pressure cooker for quick meals',100,'https://i.pinimg.com/736x/12/1a/54/121a5495b298c6445168cef3377fca9f.jpg',1,'2025-07-31 02:44:52','2025-07-31 02:44:52'),(297,11,'Moisturizing Cream',86,77,'Rich moisturizing cream for daily hydration',100,'https://i.pinimg.com/736x/2a/22/8b/2a228b3a0b8b3d8497b6154f9c26ffab.jpg',1,'2025-07-31 02:44:52','2025-07-31 02:44:52'),(298,11,'Anti-Aging Serum',28,25,'Powerful anti-aging serum for youthful skin',100,'https://i.pinimg.com/736x/53/cf/74/53cf749d9d63997819427e53ba5eaa1d.jpg',1,'2025-07-31 02:44:52','2025-07-31 02:44:52'),(299,12,'Ninja Blender',90,81,'High-powered blender for smoothies and soups',100,'https://i.pinimg.com/736x/c7/92/6c/c7926c4bdc22ccc7b4a4f3c16f44de3f.jpg',1,'2025-07-31 02:44:52','2025-07-31 02:44:52'),(300,12,'Instant Pot',91,81,'Multi-function pressure cooker for quick meals',100,'https://i.pinimg.com/736x/12/1a/54/121a5495b298c6445168cef3377fca9f.jpg',1,'2025-07-31 02:44:52','2025-07-31 02:44:52'),(301,12,'Baby Stroller',143.99,129,'Durable stroller with adjustable features for comfort',100,'https://i.pinimg.com/736x/e0/b6/ae/e0b6aeffa213981b137c88864b36b931.jpg',1,'2025-07-31 02:44:52','2025-07-31 02:44:52'),(302,12,'Baby Monitor',122.99,110,'Wireless baby monitor for peace of mind',100,'https://i.pinimg.com/736x/df/8c/bc/df8cbcd24cad13c4ed4b52cbe37b0883.jpg',1,'2025-07-31 02:44:52','2025-07-31 02:44:52'),(303,12,'Wooden Dining Table',454,408,'Elegant wooden dining table for any home',100,'https://i.pinimg.com/736x/5a/47/a4/5a47a4dda6f92a18a22410018e284a3e.jpg',1,'2025-07-31 02:44:52','2025-07-31 02:44:52'),(304,12,'Leather Office Chair',506,455,'Comfortable and stylish leather office chair',100,'https://i.pinimg.com/736x/dc/8d/eb/dc8deb6add61c7623054816b06083dda.jpg',1,'2025-07-31 02:44:52','2025-07-31 02:44:52'),(305,12,'Cordless Drill',183,164,'Powerful cordless drill for all your DIY projects',100,'https://i.pinimg.com/736x/06/fd/cd/06fdcd19ee8e9e34bd53165a4c0e8ea2.jpg',1,'2025-07-31 02:44:52','2025-07-31 02:44:52'),(306,12,'Mechanics Tool Set',238,214,'Comprehensive mechanics tool set for any repair job',100,'https://i.pinimg.com/736x/47/9d/65/479d65fc2ebac900b57839871c4a62a6.jpg',1,'2025-07-31 02:44:52','2025-07-31 02:44:52'),(307,12,'Luxury Lipstick',23,20,'High-quality lipstick in a range of colors',100,'https://i.pinimg.com/736x/0c/b6/f4/0cb6f438bb76ef755c4668b97778440b.jpg',1,'2025-07-31 02:44:52','2025-07-31 02:44:52'),(308,12,'Eyelash Serum',19,17,'Revitalizing eyelash serum for longer lashes',100,'https://i.pinimg.com/736x/20/c7/88/20c7886177d6741907819046eec61b82.jpg',1,'2025-07-31 02:44:52','2025-07-31 02:44:52'),(309,12,'Tent',183,164,'Lightweight tent for camping and hiking trips',100,'https://i.pinimg.com/736x/f2/b1/70/f2b170fe39500e728002cd66f16a47cf.jpg',1,'2025-07-31 02:44:52','2025-07-31 02:44:52'),(310,12,'Sleeping Bag',79,71,'Cozy sleeping bag for outdoor adventures',100,'https://i.pinimg.com/736x/5a/e2/7e/5ae27e7084dea07ff8bf7b4f26894772.jpg',1,'2025-07-31 02:44:52','2025-07-31 02:44:52'),(311,12,'Mens Casual T-Shirt',18,16,'Comfortable cotton T-shirt for daily wear',100,'https://i.pinimg.com/736x/b8/a1/18/b8a118bd8d380664fa3e9e80e4595181.jpg',1,'2025-07-31 02:44:52','2025-07-31 02:44:52'),(312,12,'Mens Denim Jeans',42,37,'Classic denim jeans with a modern fit',100,'https://i.pinimg.com/736x/bb/c5/91/bbc591a3ef7d4bb17570114f17a9ea18.jpg',1,'2025-07-31 02:44:52','2025-07-31 02:44:52'),(313,13,'Gold Necklace',293,263,'Elegant gold necklace for special occasions',100,'https://i.pinimg.com/736x/7c/2c/c2/7c2cc2d46f49b1b536c69b7b42c69539.jpg',1,'2025-07-31 02:44:52','2025-07-31 02:44:52'),(314,13,'Diamond Ring',378,340,'Sparkling diamond ring with a timeless design',100,'https://i.pinimg.com/736x/3a/dc/3b/3adc3bc57d71f9e8a1d53c54a0631f8b.jpg',1,'2025-07-31 02:44:52','2025-07-31 02:44:52'),(315,13,'Wooden Dining Table',441,396,'Elegant wooden dining table for any home',100,'https://i.pinimg.com/736x/5a/47/a4/5a47a4dda6f92a18a22410018e284a3e.jpg',1,'2025-07-31 02:44:52','2025-07-31 02:44:52'),(316,13,'Leather Office Chair',464,417,'Comfortable and stylish leather office chair',100,'https://i.pinimg.com/736x/dc/8d/eb/dc8deb6add61c7623054816b06083dda.jpg',1,'2025-07-31 02:44:52','2025-07-31 02:44:52'),(317,13,'Car Battery',88,79,'Reliable car battery for various car models',100,'https://i.pinimg.com/736x/af/f4/ad/aff4ad61e87ca8bb8119229ade599585.jpg',1,'2025-07-31 02:44:52','2025-07-31 02:44:52'),(318,13,'Brake Pads',128,115,'High-quality brake pads for optimal stopping power',100,'https://i.pinimg.com/736x/dc/c5/5d/dcc55d14bb2d3227dafe73a150b0f699.jpg',1,'2025-07-31 02:44:52','2025-07-31 02:44:52'),(319,13,'Pet Bed',23.99,21,'Comfortable bed for your furry friend',100,'https://i.pinimg.com/736x/0f/16/9c/0f169cf58b1fb416db46591b0d6f27e4.jpg',1,'2025-07-31 02:44:52','2025-07-31 02:44:52'),(320,13,'Interactive Pet Toy',13.99,12,'Engaging toy to keep your pet entertained for hours',100,'https://i.pinimg.com/736x/da/23/a0/da23a0916b204ac326807a453093e120.jpg',1,'2025-07-31 02:44:52','2025-07-31 02:44:52'),(321,14,'Pet Bed',15.99,14,'Comfortable bed for your furry friend',100,'https://i.pinimg.com/736x/0f/16/9c/0f169cf58b1fb416db46591b0d6f27e4.jpg',1,'2025-07-31 02:44:52','2025-07-31 02:44:52'),(322,14,'Interactive Pet Toy',29.99,26,'Engaging toy to keep your pet entertained for hours',100,'https://i.pinimg.com/736x/da/23/a0/da23a0916b204ac326807a453093e120.jpg',1,'2025-07-31 02:44:52','2025-07-31 02:44:52'),(323,14,'Shampoo & Conditioner Set',10,9,'Shampoo and conditioner set for healthy hair',100,'https://i.pinimg.com/736x/01/04/dd/0104dd626f85f260c732fc8d847bdf83.jpg',1,'2025-07-31 02:44:52','2025-07-31 02:44:52'),(324,14,'Hair Styling Gel',24,21,'Strong hold hair styling gel for all-day control',100,'https://i.pinimg.com/736x/84/ab/35/84ab35118a388b30109c9cfd2887036a.jpg',1,'2025-07-31 02:44:52','2025-07-31 02:44:52'),(325,14,'Building Blocks Set',29.99,26,'Colorful building blocks for creativity',100,'https://i.pinimg.com/736x/d4/f0/09/d4f009d65edb5b76049be222416e1bb8.jpg',1,'2025-07-31 02:44:52','2025-07-31 02:44:52'),(326,14,'Action Figure Set',28.99,26,'A set of action figures from your favorite series',100,'https://i.pinimg.com/736x/73/80/40/73804016329ba5896e2fd7f6958a1bf5.jpg',1,'2025-07-31 02:44:52','2025-07-31 02:44:52'),(327,14,'Womens Floral Dress',55,49,'Elegant floral dress for casual or formal occasions',100,'https://i.pinimg.com/736x/57/c0/36/57c036ec76e4e765a4b692638e2705c2.jpg',1,'2025-07-31 02:44:52','2025-07-31 02:44:52'),(328,14,'Womens Blouse',49,44,'Stylish blouse for office or outings',100,'https://i.pinimg.com/736x/b0/f8/e3/b0f8e340cc626783de3315e115b220b8.jpg',1,'2025-07-31 02:44:52','2025-07-31 02:44:52'),(329,15,'Memory Foam Mattress',144,129,'Supportive memory foam mattress for a good nights sleep',100,'https://i.pinimg.com/736x/08/5a/5b/085a5bacc170a6087e6553d0d02ee4c0.jpg',1,'2025-07-31 02:44:52','2025-07-31 02:44:52'),(330,15,'Fluffy Bath Towels',258,232,'Soft and absorbent bath towels',100,'https://i.pinimg.com/736x/50/72/07/5072079d1218058a78372d552dbe2565.jpg',1,'2025-07-31 02:44:52','2025-07-31 02:44:52'),(331,15,'Mens Running Shoes',26,23,'Lightweight running shoes for men',100,'https://i.pinimg.com/736x/0e/f1/13/0ef113de4b877881bd328ee17f51f640.jpg',1,'2025-07-31 02:44:52','2025-07-31 02:44:52'),(332,15,'Womens Sandals',37,33,'Comfortable and stylish sandals for women',100,'https://i.pinimg.com/736x/05/12/d7/0512d76db2f548d4fe92f907e3e258b4.jpg',1,'2025-07-31 02:44:52','2025-07-31 02:44:52'),(333,15,'Ninja Blender',71,63,'High-powered blender for smoothies and soups',100,'https://i.pinimg.com/736x/c7/92/6c/c7926c4bdc22ccc7b4a4f3c16f44de3f.jpg',1,'2025-07-31 02:44:52','2025-07-31 02:44:52'),(334,15,'Instant Pot',99,89,'Multi-function pressure cooker for quick meals',100,'https://i.pinimg.com/736x/12/1a/54/121a5495b298c6445168cef3377fca9f.jpg',1,'2025-07-31 02:44:52','2025-07-31 02:44:52'),(335,15,'Luxury Lipstick',31,27,'High-quality lipstick in a range of colors',100,'https://i.pinimg.com/736x/0c/b6/f4/0cb6f438bb76ef755c4668b97778440b.jpg',1,'2025-07-31 02:44:52','2025-07-31 02:44:52'),(336,15,'Eyelash Serum',50,45,'Revitalizing eyelash serum for longer lashes',100,'https://i.pinimg.com/736x/20/c7/88/20c7886177d6741907819046eec61b82.jpg',1,'2025-07-31 02:44:52','2025-07-31 02:44:52'),(337,16,'Wooden Dining Table',363,326,'Elegant wooden dining table for any home',100,'https://i.pinimg.com/736x/5a/47/a4/5a47a4dda6f92a18a22410018e284a3e.jpg',1,'2025-07-31 02:44:52','2025-07-31 02:44:52'),(338,16,'Leather Office Chair',327,294,'Comfortable and stylish leather office chair',100,'https://i.pinimg.com/736x/dc/8d/eb/dc8deb6add61c7623054816b06083dda.jpg',1,'2025-07-31 02:44:52','2025-07-31 02:44:52'),(339,16,'Cordless Drill',84,75,'Powerful cordless drill for all your DIY projects',100,'https://i.pinimg.com/736x/06/fd/cd/06fdcd19ee8e9e34bd53165a4c0e8ea2.jpg',1,'2025-07-31 02:44:52','2025-07-31 02:44:52'),(340,16,'Mechanics Tool Set',67,60,'Comprehensive mechanics tool set for any repair job',100,'https://i.pinimg.com/736x/47/9d/65/479d65fc2ebac900b57839871c4a62a6.jpg',1,'2025-07-31 02:44:52','2025-07-31 02:44:52'),(341,16,'Luxury Lipstick',36,32,'High-quality lipstick in a range of colors',100,'https://i.pinimg.com/736x/0c/b6/f4/0cb6f438bb76ef755c4668b97778440b.jpg',1,'2025-07-31 02:44:52','2025-07-31 02:44:52'),(342,16,'Eyelash Serum',32,28,'Revitalizing eyelash serum for longer lashes',100,'https://i.pinimg.com/736x/20/c7/88/20c7886177d6741907819046eec61b82.jpg',1,'2025-07-31 02:44:52','2025-07-31 02:44:52'),(343,16,'Cast Iron Skillet',69,62,'Durable cast iron skillet for perfect searing',100,'https://i.pinimg.com/736x/df/6c/05/df6c050964e934b6e6f973265fc3d471.jpg',1,'2025-07-31 02:44:52','2025-07-31 02:44:52'),(344,16,'Stainless Steel Cookware Set',199,179,'Premium stainless steel cookware set for your kitchen',100,'https://i.pinimg.com/736x/35/d3/96/35d396fd462dcf9c9a422340a8a0fa19.jpg',1,'2025-07-31 02:44:52','2025-07-31 02:44:52'),(345,16,'Classic Wristwatch',221,198,'Timeless wristwatch with a leather band',100,'https://i.pinimg.com/736x/6d/a1/ab/6da1ab1bf5aa357c48942a65f0876ed9.jpg',1,'2025-07-31 02:44:52','2025-07-31 02:44:52'),(346,16,'Smartwatch',231,207,'Modern smartwatch with fitness tracking features',100,'https://i.pinimg.com/736x/1b/dd/aa/1bddaa19d6a629e01505000fbf5dc5c6.jpg',1,'2025-07-31 02:44:52','2025-07-31 02:44:52'),(347,16,'Gold Necklace',488,439,'Elegant gold necklace for special occasions',100,'https://i.pinimg.com/736x/7c/2c/c2/7c2cc2d46f49b1b536c69b7b42c69539.jpg',1,'2025-07-31 02:44:52','2025-07-31 02:44:52'),(348,16,'Diamond Ring',369,332,'Sparkling diamond ring with a timeless design',100,'https://i.pinimg.com/736x/3a/dc/3b/3adc3bc57d71f9e8a1d53c54a0631f8b.jpg',1,'2025-07-31 02:44:52','2025-07-31 02:44:52'),(349,17,'Pet Bed',10.99,9,'Comfortable bed for your furry friend',100,'https://i.pinimg.com/736x/0f/16/9c/0f169cf58b1fb416db46591b0d6f27e4.jpg',1,'2025-07-31 02:44:52','2025-07-31 02:44:52'),(350,17,'Interactive Pet Toy',29.99,26,'Engaging toy to keep your pet entertained for hours',100,'https://i.pinimg.com/736x/da/23/a0/da23a0916b204ac326807a453093e120.jpg',1,'2025-07-31 02:44:52','2025-07-31 02:44:52'),(351,17,'Moisturizing Cream',66,59,'Rich moisturizing cream for daily hydration',100,'https://i.pinimg.com/736x/2a/22/8b/2a228b3a0b8b3d8497b6154f9c26ffab.jpg',1,'2025-07-31 02:44:52','2025-07-31 02:44:52'),(352,17,'Anti-Aging Serum',32,28,'Powerful anti-aging serum for youthful skin',100,'https://i.pinimg.com/736x/53/cf/74/53cf749d9d63997819427e53ba5eaa1d.jpg',1,'2025-07-31 02:44:52','2025-07-31 02:44:52'),(353,17,'Wooden Dining Table',362,325,'Elegant wooden dining table for any home',100,'https://i.pinimg.com/736x/5a/47/a4/5a47a4dda6f92a18a22410018e284a3e.jpg',1,'2025-07-31 02:44:52','2025-07-31 02:44:52'),(354,17,'Leather Office Chair',264,237,'Comfortable and stylish leather office chair',100,'https://i.pinimg.com/736x/dc/8d/eb/dc8deb6add61c7623054816b06083dda.jpg',1,'2025-07-31 02:44:52','2025-07-31 02:44:52'),(355,17,'Womens Floral Dress',58,52,'Elegant floral dress for casual or formal occasions',100,'https://i.pinimg.com/736x/57/c0/36/57c036ec76e4e765a4b692638e2705c2.jpg',1,'2025-07-31 02:44:52','2025-07-31 02:44:52'),(356,17,'Womens Blouse',67,60,'Stylish blouse for office or outings',100,'https://i.pinimg.com/736x/b0/f8/e3/b0f8e340cc626783de3315e115b220b8.jpg',1,'2025-07-31 02:44:52','2025-07-31 02:44:52'),(357,17,'Cordless Drill',225,202,'Powerful cordless drill for all your DIY projects',100,'https://i.pinimg.com/736x/06/fd/cd/06fdcd19ee8e9e34bd53165a4c0e8ea2.jpg',1,'2025-07-31 02:44:52','2025-07-31 02:44:52'),(358,17,'Mechanics Tool Set',93,83,'Comprehensive mechanics tool set for any repair job',100,'https://i.pinimg.com/736x/47/9d/65/479d65fc2ebac900b57839871c4a62a6.jpg',1,'2025-07-31 02:44:52','2025-07-31 02:44:52'),(359,17,'Luxury Lipstick',23,20,'High-quality lipstick in a range of colors',100,'https://i.pinimg.com/736x/0c/b6/f4/0cb6f438bb76ef755c4668b97778440b.jpg',1,'2025-07-31 02:44:52','2025-07-31 02:44:52'),(360,17,'Eyelash Serum',28,25,'Revitalizing eyelash serum for longer lashes',100,'https://i.pinimg.com/736x/20/c7/88/20c7886177d6741907819046eec61b82.jpg',1,'2025-07-31 02:44:52','2025-07-31 02:44:52'),(361,18,'Ninja Blender',67,60,'High-powered blender for smoothies and soups',100,'https://i.pinimg.com/736x/c7/92/6c/c7926c4bdc22ccc7b4a4f3c16f44de3f.jpg',1,'2025-07-31 02:44:52','2025-07-31 02:44:52'),(362,18,'Instant Pot',111,99,'Multi-function pressure cooker for quick meals',100,'https://i.pinimg.com/736x/12/1a/54/121a5495b298c6445168cef3377fca9f.jpg',1,'2025-07-31 02:44:52','2025-07-31 02:44:52'),(363,18,'Cast Iron Skillet',193,173,'Durable cast iron skillet for perfect searing',100,'https://i.pinimg.com/736x/df/6c/05/df6c050964e934b6e6f973265fc3d471.jpg',1,'2025-07-31 02:44:52','2025-07-31 02:44:52'),(364,18,'Stainless Steel Cookware Set',133,119,'Premium stainless steel cookware set for your kitchen',100,'https://i.pinimg.com/736x/35/d3/96/35d396fd462dcf9c9a422340a8a0fa19.jpg',1,'2025-07-31 02:44:52','2025-07-31 02:44:52'),(365,18,'Tent',45,40,'Lightweight tent for camping and hiking trips',100,'https://i.pinimg.com/736x/f2/b1/70/f2b170fe39500e728002cd66f16a47cf.jpg',1,'2025-07-31 02:44:52','2025-07-31 02:44:52'),(366,18,'Sleeping Bag',85,76,'Cozy sleeping bag for outdoor adventures',100,'https://i.pinimg.com/736x/5a/e2/7e/5ae27e7084dea07ff8bf7b4f26894772.jpg',1,'2025-07-31 02:44:52','2025-07-31 02:44:52'),(367,18,'Mountain Bike',252,226,'Durable mountain bike for off-road adventures',100,'https://i.pinimg.com/736x/4f/b1/5d/4fb15d9839f8882f4ad4128e237e3819.jpg',1,'2025-07-31 02:44:52','2025-07-31 02:44:52'),(368,18,'Cycling Helmet',498,448,'Safety helmet designed for cycling',100,'https://i.pinimg.com/736x/01/d7/79/01d779948b4cb8300fe65938076f17c1.jpg',1,'2025-07-31 02:44:52','2025-07-31 02:44:52'),(369,18,'Resistance Bands',52,46,'Set of resistance bands for full-body workouts',100,'https://i.pinimg.com/736x/8c/ef/fb/8ceffbcf77128466057d9b8dc347c308.jpg',1,'2025-07-31 02:44:52','2025-07-31 02:44:52'),(370,18,'Dumbbell Set',61,54,'Adjustable dumbbell set for strength training',100,'https://i.pinimg.com/736x/4a/dd/94/4add94e4022d2fd429771d86692fb230.jpg',1,'2025-07-31 02:44:52','2025-07-31 02:44:52'),(371,19,'Ninja Blender',96,86,'High-powered blender for smoothies and soups',100,'https://i.pinimg.com/736x/c7/92/6c/c7926c4bdc22ccc7b4a4f3c16f44de3f.jpg',1,'2025-07-31 02:44:52','2025-07-31 02:44:52'),(372,19,'Instant Pot',145,130,'Multi-function pressure cooker for quick meals',100,'https://i.pinimg.com/736x/12/1a/54/121a5495b298c6445168cef3377fca9f.jpg',1,'2025-07-31 02:44:52','2025-07-31 02:44:52'),(373,19,'Cast Iron Skillet',107,96,'Durable cast iron skillet for perfect searing',100,'https://i.pinimg.com/736x/df/6c/05/df6c050964e934b6e6f973265fc3d471.jpg',1,'2025-07-31 02:44:52','2025-07-31 02:44:52'),(374,19,'Stainless Steel Cookware Set',30,27,'Premium stainless steel cookware set for your kitchen',100,'https://i.pinimg.com/736x/35/d3/96/35d396fd462dcf9c9a422340a8a0fa19.jpg',1,'2025-07-31 02:44:52','2025-07-31 02:44:52'),(375,19,'Memory Foam Mattress',423,380,'Supportive memory foam mattress for a good nights sleep',100,'https://i.pinimg.com/736x/08/5a/5b/085a5bacc170a6087e6553d0d02ee4c0.jpg',1,'2025-07-31 02:44:52','2025-07-31 02:44:52'),(376,19,'Fluffy Bath Towels',332,298,'Soft and absorbent bath towels',100,'https://i.pinimg.com/736x/50/72/07/5072079d1218058a78372d552dbe2565.jpg',1,'2025-07-31 02:44:52','2025-07-31 02:44:52'),(377,19,'Wooden Dining Table',205,184,'Elegant wooden dining table for any home',100,'https://i.pinimg.com/736x/5a/47/a4/5a47a4dda6f92a18a22410018e284a3e.jpg',1,'2025-07-31 02:44:52','2025-07-31 02:44:52'),(378,19,'Leather Office Chair',591,531,'Comfortable and stylish leather office chair',100,'https://i.pinimg.com/736x/dc/8d/eb/dc8deb6add61c7623054816b06083dda.jpg',1,'2025-07-31 02:44:52','2025-07-31 02:44:52'),(379,19,'Shampoo & Conditioner Set',25,22,'Shampoo and conditioner set for healthy hair',100,'https://i.pinimg.com/736x/01/04/dd/0104dd626f85f260c732fc8d847bdf83.jpg',1,'2025-07-31 02:44:52','2025-07-31 02:44:52'),(380,19,'Hair Styling Gel',21,18,'Strong hold hair styling gel for all-day control',100,'https://i.pinimg.com/736x/84/ab/35/84ab35118a388b30109c9cfd2887036a.jpg',1,'2025-07-31 02:44:52','2025-07-31 02:44:52'),(381,19,'Tent',71,63,'Lightweight tent for camping and hiking trips',100,'https://i.pinimg.com/736x/f2/b1/70/f2b170fe39500e728002cd66f16a47cf.jpg',1,'2025-07-31 02:44:52','2025-07-31 02:44:52'),(382,19,'Sleeping Bag',54,48,'Cozy sleeping bag for outdoor adventures',100,'https://i.pinimg.com/736x/5a/e2/7e/5ae27e7084dea07ff8bf7b4f26894772.jpg',1,'2025-07-31 02:44:52','2025-07-31 02:44:52'),(383,19,'Luxury Lipstick',23,20,'High-quality lipstick in a range of colors',100,'https://i.pinimg.com/736x/0c/b6/f4/0cb6f438bb76ef755c4668b97778440b.jpg',1,'2025-07-31 02:44:52','2025-07-31 02:44:52'),(384,19,'Eyelash Serum',26,23,'Revitalizing eyelash serum for longer lashes',100,'https://i.pinimg.com/736x/20/c7/88/20c7886177d6741907819046eec61b82.jpg',1,'2025-07-31 02:44:52','2025-07-31 02:44:52'),(385,20,'Cordless Drill',119,107,'Powerful cordless drill for all your DIY projects',100,'https://i.pinimg.com/736x/06/fd/cd/06fdcd19ee8e9e34bd53165a4c0e8ea2.jpg',1,'2025-07-31 02:44:52','2025-07-31 02:44:52'),(386,20,'Mechanics Tool Set',62,55,'Comprehensive mechanics tool set for any repair job',100,'https://i.pinimg.com/736x/47/9d/65/479d65fc2ebac900b57839871c4a62a6.jpg',1,'2025-07-31 02:44:52','2025-07-31 02:44:52'),(387,20,'Car Battery',135,121,'Reliable car battery for various car models',100,'https://i.pinimg.com/736x/af/f4/ad/aff4ad61e87ca8bb8119229ade599585.jpg',1,'2025-07-31 02:44:52','2025-07-31 02:44:52'),(388,20,'Brake Pads',56,50,'High-quality brake pads for optimal stopping power',100,'https://i.pinimg.com/736x/dc/c5/5d/dcc55d14bb2d3227dafe73a150b0f699.jpg',1,'2025-07-31 02:44:52','2025-07-31 02:44:52'),(389,21,'Mountain Bike',171,153,'Durable mountain bike for off-road adventures',100,'https://i.pinimg.com/736x/4f/b1/5d/4fb15d9839f8882f4ad4128e237e3819.jpg',1,'2025-07-31 02:44:53','2025-07-31 02:44:53'),(390,21,'Cycling Helmet',171,153,'Safety helmet designed for cycling',100,'https://i.pinimg.com/736x/01/d7/79/01d779948b4cb8300fe65938076f17c1.jpg',1,'2025-07-31 02:44:53','2025-07-31 02:44:53'),(391,21,'Luxury Lipstick',20,18,'High-quality lipstick in a range of colors',100,'https://i.pinimg.com/736x/0c/b6/f4/0cb6f438bb76ef755c4668b97778440b.jpg',1,'2025-07-31 02:44:53','2025-07-31 02:44:53'),(392,21,'Eyelash Serum',17,15,'Revitalizing eyelash serum for longer lashes',100,'https://i.pinimg.com/736x/20/c7/88/20c7886177d6741907819046eec61b82.jpg',1,'2025-07-31 02:44:53','2025-07-31 02:44:53'),(393,21,'Boys Hoodie',18,16,'Cozy hoodie for boys, perfect for chilly days',100,'https://i.pinimg.com/736x/11/8c/0f/118c0f2076e7bd7464feb162aad7d9a6.jpg',1,'2025-07-31 02:44:53','2025-07-31 02:44:53'),(394,21,'Girls Skirt',15,13,'Fun and comfortable skirt for girls',100,'https://i.pinimg.com/736x/62/ee/1f/62ee1f726c392c68c1b0f1146e560bf1.jpg',1,'2025-07-31 02:44:53','2025-07-31 02:44:53'),(395,21,'Mens Casual T-Shirt',37,33,'Comfortable cotton T-shirt for daily wear',100,'https://i.pinimg.com/736x/b8/a1/18/b8a118bd8d380664fa3e9e80e4595181.jpg',1,'2025-07-31 02:44:53','2025-07-31 02:44:53'),(396,21,'Mens Denim Jeans',43,38,'Classic denim jeans with a modern fit',100,'https://i.pinimg.com/736x/bb/c5/91/bbc591a3ef7d4bb17570114f17a9ea18.jpg',1,'2025-07-31 02:44:53','2025-07-31 02:44:53'),(397,21,'Basketball',49,44,'Durable basketball for indoor and outdoor play',100,'https://i.pinimg.com/736x/50/90/50/509050faf1df0dc92a11f373446fb8f0.jpg',1,'2025-07-31 02:44:53','2025-07-31 02:44:53'),(398,21,'Soccer Ball',48,43,'High-quality soccer ball for practice or matches',100,'https://i.pinimg.com/736x/a6/fd/65/a6fd6507d6d776b9adda4cc0303463a3.jpg',1,'2025-07-31 02:44:53','2025-07-31 02:44:53'),(399,21,'Building Blocks Set',18.99,17,'Colorful building blocks for creativity',100,'https://i.pinimg.com/736x/d4/f0/09/d4f009d65edb5b76049be222416e1bb8.jpg',1,'2025-07-31 02:44:53','2025-07-31 02:44:53'),(400,21,'Action Figure Set',18.99,17,'A set of action figures from your favorite series',100,'https://i.pinimg.com/736x/73/80/40/73804016329ba5896e2fd7f6958a1bf5.jpg',1,'2025-07-31 02:44:53','2025-07-31 02:44:53'),(401,22,'Gold Necklace',132,118,'Elegant gold necklace for special occasions',100,'https://i.pinimg.com/736x/7c/2c/c2/7c2cc2d46f49b1b536c69b7b42c69539.jpg',1,'2025-07-31 02:44:53','2025-07-31 02:44:53'),(402,22,'Diamond Ring',190,171,'Sparkling diamond ring with a timeless design',100,'https://i.pinimg.com/736x/3a/dc/3b/3adc3bc57d71f9e8a1d53c54a0631f8b.jpg',1,'2025-07-31 02:44:53','2025-07-31 02:44:53'),(403,22,'Resistance Bands',40,36,'Set of resistance bands for full-body workouts',100,'https://i.pinimg.com/736x/8c/ef/fb/8ceffbcf77128466057d9b8dc347c308.jpg',1,'2025-07-31 02:44:53','2025-07-31 02:44:53'),(404,22,'Dumbbell Set',102,91,'Adjustable dumbbell set for strength training',100,'https://i.pinimg.com/736x/4a/dd/94/4add94e4022d2fd429771d86692fb230.jpg',1,'2025-07-31 02:44:53','2025-07-31 02:44:53'),(405,22,'Moisturizing Cream',74,66,'Rich moisturizing cream for daily hydration',100,'https://i.pinimg.com/736x/2a/22/8b/2a228b3a0b8b3d8497b6154f9c26ffab.jpg',1,'2025-07-31 02:44:53','2025-07-31 02:44:53'),(406,22,'Anti-Aging Serum',49,44,'Powerful anti-aging serum for youthful skin',100,'https://i.pinimg.com/736x/53/cf/74/53cf749d9d63997819427e53ba5eaa1d.jpg',1,'2025-07-31 02:44:53','2025-07-31 02:44:53'),(407,22,'Boys Hoodie',28,25,'Cozy hoodie for boys, perfect for chilly days',100,'https://i.pinimg.com/736x/11/8c/0f/118c0f2076e7bd7464feb162aad7d9a6.jpg',1,'2025-07-31 02:44:53','2025-07-31 02:44:53'),(408,22,'Girls Skirt',11,9,'Fun and comfortable skirt for girls',100,'https://i.pinimg.com/736x/62/ee/1f/62ee1f726c392c68c1b0f1146e560bf1.jpg',1,'2025-07-31 02:44:53','2025-07-31 02:44:53'),(409,22,'Smart LED Desk Lamp',32,28,'Adjustable LED desk lamp with smart features',100,'https://i.pinimg.com/736x/24/55/4a/24554aafc97793d4f15264a810910ee1.jpg',1,'2025-07-31 02:44:53','2025-07-31 02:44:53'),(410,22,'Pendant Light Fixture',61,54,'Stylish pendant light fixture for your home',100,'https://i.pinimg.com/736x/f9/83/d3/f983d3ebd0f8f16c074fbf661ea752c8.jpg',1,'2025-07-31 02:44:53','2025-07-31 02:44:53'),(411,23,'Baby Stroller',129.99,116,'Durable stroller with adjustable features for comfort',100,'https://i.pinimg.com/736x/e0/b6/ae/e0b6aeffa213981b137c88864b36b931.jpg',1,'2025-07-31 02:44:53','2025-07-31 02:44:53'),(412,23,'Baby Monitor',140.99,126,'Wireless baby monitor for peace of mind',100,'https://i.pinimg.com/736x/df/8c/bc/df8cbcd24cad13c4ed4b52cbe37b0883.jpg',1,'2025-07-31 02:44:53','2025-07-31 02:44:53'),(413,23,'Gold Necklace',457,411,'Elegant gold necklace for special occasions',100,'https://i.pinimg.com/736x/7c/2c/c2/7c2cc2d46f49b1b536c69b7b42c69539.jpg',1,'2025-07-31 02:44:53','2025-07-31 02:44:53'),(414,23,'Diamond Ring',407,366,'Sparkling diamond ring with a timeless design',100,'https://i.pinimg.com/736x/3a/dc/3b/3adc3bc57d71f9e8a1d53c54a0631f8b.jpg',1,'2025-07-31 02:44:53','2025-07-31 02:44:53'),(415,23,'Classic Wristwatch',113,101,'Timeless wristwatch with a leather band',100,'https://i.pinimg.com/736x/6d/a1/ab/6da1ab1bf5aa357c48942a65f0876ed9.jpg',1,'2025-07-31 02:44:53','2025-07-31 02:44:53'),(416,23,'Smartwatch',57,51,'Modern smartwatch with fitness tracking features',100,'https://i.pinimg.com/736x/1b/dd/aa/1bddaa19d6a629e01505000fbf5dc5c6.jpg',1,'2025-07-31 02:44:53','2025-07-31 02:44:53'),(417,23,'Car Seat Covers',54.99,49,'High-quality seat covers to protect your car seats',100,'https://i.pinimg.com/736x/e6/bc/a8/e6bca8dc0a24ecd6423094e2c87b7426.jpg',1,'2025-07-31 02:44:53','2025-07-31 02:44:53'),(418,23,'LED Car Light Strips',54.99,49,'Colorful LED strips to decorate the interior of your car',100,'https://i.pinimg.com/736x/f4/37/83/f437836db5ac28be17ebe49aa0a04218.jpg',1,'2025-07-31 02:44:53','2025-07-31 02:44:53'),(419,23,'Wooden Dining Table',529,476,'Elegant wooden dining table for any home',100,'https://i.pinimg.com/736x/5a/47/a4/5a47a4dda6f92a18a22410018e284a3e.jpg',1,'2025-07-31 02:44:53','2025-07-31 02:44:53'),(420,23,'Leather Office Chair',195,175,'Comfortable and stylish leather office chair',100,'https://i.pinimg.com/736x/dc/8d/eb/dc8deb6add61c7623054816b06083dda.jpg',1,'2025-07-31 02:44:53','2025-07-31 02:44:53'),(421,23,'Car Battery',70,63,'Reliable car battery for various car models',100,'https://i.pinimg.com/736x/af/f4/ad/aff4ad61e87ca8bb8119229ade599585.jpg',1,'2025-07-31 02:44:53','2025-07-31 02:44:53'),(422,23,'Brake Pads',56,50,'High-quality brake pads for optimal stopping power',100,'https://i.pinimg.com/736x/dc/c5/5d/dcc55d14bb2d3227dafe73a150b0f699.jpg',1,'2025-07-31 02:44:53','2025-07-31 02:44:53'),(423,23,'Garden Hose',59,53,'Heavy-duty garden hose for easy watering',100,'https://i.pinimg.com/736x/e5/98/55/e59855af6f601b6cece0f5ccb291d5fd.jpg',1,'2025-07-31 02:44:53','2025-07-31 02:44:53'),(424,23,'Portable BBQ Grill',188,169,'Compact portable BBQ grill for outdoor cooking',100,'https://i.pinimg.com/736x/dc/19/01/dc1901e65479caa18d74ac0b86aa5098.jpg',1,'2025-07-31 02:44:53','2025-07-31 02:44:53'),(425,24,'Cast Iron Skillet',121,108,'Durable cast iron skillet for perfect searing',100,'https://i.pinimg.com/736x/df/6c/05/df6c050964e934b6e6f973265fc3d471.jpg',1,'2025-07-31 02:44:53','2025-07-31 02:44:53'),(426,24,'Stainless Steel Cookware Set',167,150,'Premium stainless steel cookware set for your kitchen',100,'https://i.pinimg.com/736x/35/d3/96/35d396fd462dcf9c9a422340a8a0fa19.jpg',1,'2025-07-31 02:44:53','2025-07-31 02:44:53'),(427,24,'Building Blocks Set',20.99,18,'Colorful building blocks for creativity',100,'https://i.pinimg.com/736x/d4/f0/09/d4f009d65edb5b76049be222416e1bb8.jpg',1,'2025-07-31 02:44:53','2025-07-31 02:44:53'),(428,24,'Action Figure Set',27.99,25,'A set of action figures from your favorite series',100,'https://i.pinimg.com/736x/73/80/40/73804016329ba5896e2fd7f6958a1bf5.jpg',1,'2025-07-31 02:44:53','2025-07-31 02:44:53'),(429,24,'Basketball',36,32,'Durable basketball for indoor and outdoor play',100,'https://i.pinimg.com/736x/50/90/50/509050faf1df0dc92a11f373446fb8f0.jpg',1,'2025-07-31 02:44:53','2025-07-31 02:44:53'),(430,24,'Soccer Ball',32,28,'High-quality soccer ball for practice or matches',100,'https://i.pinimg.com/736x/a6/fd/65/a6fd6507d6d776b9adda4cc0303463a3.jpg',1,'2025-07-31 02:44:53','2025-07-31 02:44:53'),(431,24,'Car Battery',68,61,'Reliable car battery for various car models',100,'https://i.pinimg.com/736x/af/f4/ad/aff4ad61e87ca8bb8119229ade599585.jpg',1,'2025-07-31 02:44:53','2025-07-31 02:44:53'),(432,24,'Brake Pads',146,131,'High-quality brake pads for optimal stopping power',100,'https://i.pinimg.com/736x/dc/c5/5d/dcc55d14bb2d3227dafe73a150b0f699.jpg',1,'2025-07-31 02:44:53','2025-07-31 02:44:53'),(433,24,'Cordless Drill',122,109,'Powerful cordless drill for all your DIY projects',100,'https://i.pinimg.com/736x/06/fd/cd/06fdcd19ee8e9e34bd53165a4c0e8ea2.jpg',1,'2025-07-31 02:44:53','2025-07-31 02:44:53'),(434,24,'Mechanics Tool Set',241,216,'Comprehensive mechanics tool set for any repair job',100,'https://i.pinimg.com/736x/47/9d/65/479d65fc2ebac900b57839871c4a62a6.jpg',1,'2025-07-31 02:44:53','2025-07-31 02:44:53'),(435,25,'Classic Wristwatch',121,108,'Timeless wristwatch with a leather band',100,'https://i.pinimg.com/736x/6d/a1/ab/6da1ab1bf5aa357c48942a65f0876ed9.jpg',1,'2025-07-31 02:44:53','2025-07-31 02:44:53'),(436,25,'Smartwatch',74,66,'Modern smartwatch with fitness tracking features',100,'https://i.pinimg.com/736x/1b/dd/aa/1bddaa19d6a629e01505000fbf5dc5c6.jpg',1,'2025-07-31 02:44:53','2025-07-31 02:44:53'),(437,25,'Mountain Bike',384,345,'Durable mountain bike for off-road adventures',100,'https://i.pinimg.com/736x/4f/b1/5d/4fb15d9839f8882f4ad4128e237e3819.jpg',1,'2025-07-31 02:44:53','2025-07-31 02:44:53'),(438,25,'Cycling Helmet',465,418,'Safety helmet designed for cycling',100,'https://i.pinimg.com/736x/01/d7/79/01d779948b4cb8300fe65938076f17c1.jpg',1,'2025-07-31 02:44:53','2025-07-31 02:44:53'),(439,25,'Resistance Bands',84,75,'Set of resistance bands for full-body workouts',100,'https://i.pinimg.com/736x/8c/ef/fb/8ceffbcf77128466057d9b8dc347c308.jpg',1,'2025-07-31 02:44:53','2025-07-31 02:44:53'),(440,25,'Dumbbell Set',36,32,'Adjustable dumbbell set for strength training',100,'https://i.pinimg.com/736x/4a/dd/94/4add94e4022d2fd429771d86692fb230.jpg',1,'2025-07-31 02:44:53','2025-07-31 02:44:53'),(441,25,'Car Battery',96,86,'Reliable car battery for various car models',100,'https://i.pinimg.com/736x/af/f4/ad/aff4ad61e87ca8bb8119229ade599585.jpg',1,'2025-07-31 02:44:53','2025-07-31 02:44:53'),(442,25,'Brake Pads',120,108,'High-quality brake pads for optimal stopping power',100,'https://i.pinimg.com/736x/dc/c5/5d/dcc55d14bb2d3227dafe73a150b0f699.jpg',1,'2025-07-31 02:44:53','2025-07-31 02:44:53'),(443,25,'Basketball',54,48,'Durable basketball for indoor and outdoor play',100,'https://i.pinimg.com/736x/50/90/50/509050faf1df0dc92a11f373446fb8f0.jpg',1,'2025-07-31 02:44:53','2025-07-31 02:44:53'),(444,25,'Soccer Ball',22,19,'High-quality soccer ball for practice or matches',100,'https://i.pinimg.com/736x/a6/fd/65/a6fd6507d6d776b9adda4cc0303463a3.jpg',1,'2025-07-31 02:44:53','2025-07-31 02:44:53'),(445,25,'Womens Floral Dress',72,64,'Elegant floral dress for casual or formal occasions',100,'https://i.pinimg.com/736x/57/c0/36/57c036ec76e4e765a4b692638e2705c2.jpg',1,'2025-07-31 02:44:53','2025-07-31 02:44:53'),(446,25,'Womens Blouse',54,48,'Stylish blouse for office or outings',100,'https://i.pinimg.com/736x/b0/f8/e3/b0f8e340cc626783de3315e115b220b8.jpg',1,'2025-07-31 02:44:53','2025-07-31 02:44:53'),(447,26,'Ninja Blender',78,70,'High-powered blender for smoothies and soups',100,'https://i.pinimg.com/736x/c7/92/6c/c7926c4bdc22ccc7b4a4f3c16f44de3f.jpg',1,'2025-07-31 02:44:53','2025-07-31 02:44:53'),(448,26,'Instant Pot',123,110,'Multi-function pressure cooker for quick meals',100,'https://i.pinimg.com/736x/12/1a/54/121a5495b298c6445168cef3377fca9f.jpg',1,'2025-07-31 02:44:53','2025-07-31 02:44:53'),(449,26,'Baby Stroller',146.99,132,'Durable stroller with adjustable features for comfort',100,'https://i.pinimg.com/736x/e0/b6/ae/e0b6aeffa213981b137c88864b36b931.jpg',1,'2025-07-31 02:44:53','2025-07-31 02:44:53'),(450,26,'Baby Monitor',128.99,116,'Wireless baby monitor for peace of mind',100,'https://i.pinimg.com/736x/df/8c/bc/df8cbcd24cad13c4ed4b52cbe37b0883.jpg',1,'2025-07-31 02:44:53','2025-07-31 02:44:53'),(451,26,'Classic Wristwatch',188,169,'Timeless wristwatch with a leather band',100,'https://i.pinimg.com/736x/6d/a1/ab/6da1ab1bf5aa357c48942a65f0876ed9.jpg',1,'2025-07-31 02:44:53','2025-07-31 02:44:53'),(452,26,'Smartwatch',76,68,'Modern smartwatch with fitness tracking features',100,'https://i.pinimg.com/736x/1b/dd/aa/1bddaa19d6a629e01505000fbf5dc5c6.jpg',1,'2025-07-31 02:44:53','2025-07-31 02:44:53'),(453,26,'Garden Hose',41,36,'Heavy-duty garden hose for easy watering',100,'https://i.pinimg.com/736x/e5/98/55/e59855af6f601b6cece0f5ccb291d5fd.jpg',1,'2025-07-31 02:44:53','2025-07-31 02:44:53'),(454,26,'Portable BBQ Grill',85,76,'Compact portable BBQ grill for outdoor cooking',100,'https://i.pinimg.com/736x/dc/19/01/dc1901e65479caa18d74ac0b86aa5098.jpg',1,'2025-07-31 02:44:53','2025-07-31 02:44:53'),(455,27,'Moisturizing Cream',53,47,'Rich moisturizing cream for daily hydration',100,'https://i.pinimg.com/736x/2a/22/8b/2a228b3a0b8b3d8497b6154f9c26ffab.jpg',1,'2025-07-31 02:44:53','2025-07-31 02:44:53'),(456,27,'Anti-Aging Serum',88,79,'Powerful anti-aging serum for youthful skin',100,'https://i.pinimg.com/736x/53/cf/74/53cf749d9d63997819427e53ba5eaa1d.jpg',1,'2025-07-31 02:44:53','2025-07-31 02:44:53'),(457,27,'Cast Iron Skillet',130,117,'Durable cast iron skillet for perfect searing',100,'https://i.pinimg.com/736x/df/6c/05/df6c050964e934b6e6f973265fc3d471.jpg',1,'2025-07-31 02:44:53','2025-07-31 02:44:53'),(458,27,'Stainless Steel Cookware Set',197,177,'Premium stainless steel cookware set for your kitchen',100,'https://i.pinimg.com/736x/35/d3/96/35d396fd462dcf9c9a422340a8a0fa19.jpg',1,'2025-07-31 02:44:53','2025-07-31 02:44:53'),(459,27,'Boys Hoodie',22,19,'Cozy hoodie for boys, perfect for chilly days',100,'https://i.pinimg.com/736x/11/8c/0f/118c0f2076e7bd7464feb162aad7d9a6.jpg',1,'2025-07-31 02:44:53','2025-07-31 02:44:53'),(460,27,'Girls Skirt',22,19,'Fun and comfortable skirt for girls',100,'https://i.pinimg.com/736x/62/ee/1f/62ee1f726c392c68c1b0f1146e560bf1.jpg',1,'2025-07-31 02:44:53','2025-07-31 02:44:53'),(461,27,'Tent',104,93,'Lightweight tent for camping and hiking trips',100,'https://i.pinimg.com/736x/f2/b1/70/f2b170fe39500e728002cd66f16a47cf.jpg',1,'2025-07-31 02:44:53','2025-07-31 02:44:53'),(462,27,'Sleeping Bag',112,100,'Cozy sleeping bag for outdoor adventures',100,'https://i.pinimg.com/736x/5a/e2/7e/5ae27e7084dea07ff8bf7b4f26894772.jpg',1,'2025-07-31 02:44:53','2025-07-31 02:44:53'),(463,27,'Car Seat Covers',34.99,31,'High-quality seat covers to protect your car seats',100,'https://i.pinimg.com/736x/e6/bc/a8/e6bca8dc0a24ecd6423094e2c87b7426.jpg',1,'2025-07-31 02:44:53','2025-07-31 02:44:53'),(464,27,'LED Car Light Strips',58.99,53,'Colorful LED strips to decorate the interior of your car',100,'https://i.pinimg.com/736x/f4/37/83/f437836db5ac28be17ebe49aa0a04218.jpg',1,'2025-07-31 02:44:53','2025-07-31 02:44:53'),(465,28,'Cordless Drill',178,160,'Powerful cordless drill for all your DIY projects',100,'https://i.pinimg.com/736x/06/fd/cd/06fdcd19ee8e9e34bd53165a4c0e8ea2.jpg',1,'2025-07-31 02:44:53','2025-07-31 02:44:53'),(466,28,'Mechanics Tool Set',161,144,'Comprehensive mechanics tool set for any repair job',100,'https://i.pinimg.com/736x/47/9d/65/479d65fc2ebac900b57839871c4a62a6.jpg',1,'2025-07-31 02:44:53','2025-07-31 02:44:53'),(467,28,'Boys Hoodie',21,18,'Cozy hoodie for boys, perfect for chilly days',100,'https://i.pinimg.com/736x/11/8c/0f/118c0f2076e7bd7464feb162aad7d9a6.jpg',1,'2025-07-31 02:44:53','2025-07-31 02:44:53'),(468,28,'Girls Skirt',15,13,'Fun and comfortable skirt for girls',100,'https://i.pinimg.com/736x/62/ee/1f/62ee1f726c392c68c1b0f1146e560bf1.jpg',1,'2025-07-31 02:44:53','2025-07-31 02:44:53'),(469,28,'Car Battery',75,67,'Reliable car battery for various car models',100,'https://i.pinimg.com/736x/af/f4/ad/aff4ad61e87ca8bb8119229ade599585.jpg',1,'2025-07-31 02:44:53','2025-07-31 02:44:53'),(470,28,'Brake Pads',86,77,'High-quality brake pads for optimal stopping power',100,'https://i.pinimg.com/736x/dc/c5/5d/dcc55d14bb2d3227dafe73a150b0f699.jpg',1,'2025-07-31 02:44:53','2025-07-31 02:44:53'),(471,28,'Multivitamin Supplements',50,45,'Daily multivitamin supplements for overall health',100,'https://i.pinimg.com/736x/10/2f/4e/102f4eb7a86cda7006294d2a0287ca8d.jpg',1,'2025-07-31 02:44:53','2025-07-31 02:44:53'),(472,28,'Yoga Mat',37,33,'Comfortable yoga mat for home or studio use',100,'https://i.pinimg.com/736x/fb/a0/cd/fba0cd73a567541a2281e17331a215a2.jpg',1,'2025-07-31 02:44:53','2025-07-31 02:44:53'),(473,28,'Basketball',25,22,'Durable basketball for indoor and outdoor play',100,'https://i.pinimg.com/736x/50/90/50/509050faf1df0dc92a11f373446fb8f0.jpg',1,'2025-07-31 02:44:53','2025-07-31 02:44:53'),(474,28,'Soccer Ball',55,49,'High-quality soccer ball for practice or matches',100,'https://i.pinimg.com/736x/a6/fd/65/a6fd6507d6d776b9adda4cc0303463a3.jpg',1,'2025-07-31 02:44:53','2025-07-31 02:44:53'),(475,28,'Womens Floral Dress',59,53,'Elegant floral dress for casual or formal occasions',100,'https://i.pinimg.com/736x/57/c0/36/57c036ec76e4e765a4b692638e2705c2.jpg',1,'2025-07-31 02:44:53','2025-07-31 02:44:53'),(476,28,'Womens Blouse',37,33,'Stylish blouse for office or outings',100,'https://i.pinimg.com/736x/b0/f8/e3/b0f8e340cc626783de3315e115b220b8.jpg',1,'2025-07-31 02:44:53','2025-07-31 02:44:53'),(477,29,'Moisturizing Cream',53,47,'Rich moisturizing cream for daily hydration',100,'https://i.pinimg.com/736x/2a/22/8b/2a228b3a0b8b3d8497b6154f9c26ffab.jpg',1,'2025-07-31 02:44:53','2025-07-31 02:44:53'),(478,29,'Anti-Aging Serum',100,90,'Powerful anti-aging serum for youthful skin',100,'https://i.pinimg.com/736x/53/cf/74/53cf749d9d63997819427e53ba5eaa1d.jpg',1,'2025-07-31 02:44:53','2025-07-31 02:44:53'),(479,29,'Car Battery',135,121,'Reliable car battery for various car models',100,'https://i.pinimg.com/736x/af/f4/ad/aff4ad61e87ca8bb8119229ade599585.jpg',1,'2025-07-31 02:44:53','2025-07-31 02:44:53'),(480,29,'Brake Pads',141,126,'High-quality brake pads for optimal stopping power',100,'https://i.pinimg.com/736x/dc/c5/5d/dcc55d14bb2d3227dafe73a150b0f699.jpg',1,'2025-07-31 02:44:53','2025-07-31 02:44:53'),(481,29,'Multivitamin Supplements',46,41,'Daily multivitamin supplements for overall health',100,'https://i.pinimg.com/736x/10/2f/4e/102f4eb7a86cda7006294d2a0287ca8d.jpg',1,'2025-07-31 02:44:53','2025-07-31 02:44:53'),(482,29,'Yoga Mat',17,15,'Comfortable yoga mat for home or studio use',100,'https://i.pinimg.com/736x/fb/a0/cd/fba0cd73a567541a2281e17331a215a2.jpg',1,'2025-07-31 02:44:53','2025-07-31 02:44:53'),(483,29,'Shampoo & Conditioner Set',25,22,'Shampoo and conditioner set for healthy hair',100,'https://i.pinimg.com/736x/01/04/dd/0104dd626f85f260c732fc8d847bdf83.jpg',1,'2025-07-31 02:44:53','2025-07-31 02:44:53'),(484,29,'Hair Styling Gel',25,22,'Strong hold hair styling gel for all-day control',100,'https://i.pinimg.com/736x/84/ab/35/84ab35118a388b30109c9cfd2887036a.jpg',1,'2025-07-31 02:44:53','2025-07-31 02:44:53'),(485,29,'Ninja Blender',147,132,'High-powered blender for smoothies and soups',100,'https://i.pinimg.com/736x/c7/92/6c/c7926c4bdc22ccc7b4a4f3c16f44de3f.jpg',1,'2025-07-31 02:44:53','2025-07-31 02:44:53'),(486,29,'Instant Pot',132,118,'Multi-function pressure cooker for quick meals',100,'https://i.pinimg.com/736x/12/1a/54/121a5495b298c6445168cef3377fca9f.jpg',1,'2025-07-31 02:44:53','2025-07-31 02:44:53'),(487,29,'Baby Stroller',99.99,89,'Durable stroller with adjustable features for comfort',100,'https://i.pinimg.com/736x/e0/b6/ae/e0b6aeffa213981b137c88864b36b931.jpg',1,'2025-07-31 02:44:53','2025-07-31 02:44:53'),(488,29,'Baby Monitor',124.99,112,'Wireless baby monitor for peace of mind',100,'https://i.pinimg.com/736x/df/8c/bc/df8cbcd24cad13c4ed4b52cbe37b0883.jpg',1,'2025-07-31 02:44:53','2025-07-31 02:44:53'),(489,29,'Car Seat Covers',36.99,33,'High-quality seat covers to protect your car seats',100,'https://i.pinimg.com/736x/e6/bc/a8/e6bca8dc0a24ecd6423094e2c87b7426.jpg',1,'2025-07-31 02:44:53','2025-07-31 02:44:53'),(490,29,'LED Car Light Strips',42.99,38,'Colorful LED strips to decorate the interior of your car',100,'https://i.pinimg.com/736x/f4/37/83/f437836db5ac28be17ebe49aa0a04218.jpg',1,'2025-07-31 02:44:53','2025-07-31 02:44:53'),(491,30,'Garden Hose',167,150,'Heavy-duty garden hose for easy watering',100,'https://i.pinimg.com/736x/e5/98/55/e59855af6f601b6cece0f5ccb291d5fd.jpg',1,'2025-07-31 02:44:53','2025-07-31 02:44:53'),(492,30,'Portable BBQ Grill',127,114,'Compact portable BBQ grill for outdoor cooking',100,'https://i.pinimg.com/736x/dc/19/01/dc1901e65479caa18d74ac0b86aa5098.jpg',1,'2025-07-31 02:44:53','2025-07-31 02:44:53'),(493,30,'Mountain Bike',192,172,'Durable mountain bike for off-road adventures',100,'https://i.pinimg.com/736x/4f/b1/5d/4fb15d9839f8882f4ad4128e237e3819.jpg',1,'2025-07-31 02:44:53','2025-07-31 02:44:53'),(494,30,'Cycling Helmet',490,441,'Safety helmet designed for cycling',100,'https://i.pinimg.com/736x/01/d7/79/01d779948b4cb8300fe65938076f17c1.jpg',1,'2025-07-31 02:44:53','2025-07-31 02:44:53'),(495,30,'Wooden Dining Table',661,594,'Elegant wooden dining table for any home',100,'https://i.pinimg.com/736x/5a/47/a4/5a47a4dda6f92a18a22410018e284a3e.jpg',1,'2025-07-31 02:44:53','2025-07-31 02:44:53'),(496,30,'Leather Office Chair',650,585,'Comfortable and stylish leather office chair',100,'https://i.pinimg.com/736x/dc/8d/eb/dc8deb6add61c7623054816b06083dda.jpg',1,'2025-07-31 02:44:53','2025-07-31 02:44:53'),(497,30,'Car Seat Covers',48.99,44,'High-quality seat covers to protect your car seats',100,'https://i.pinimg.com/736x/e6/bc/a8/e6bca8dc0a24ecd6423094e2c87b7426.jpg',1,'2025-07-31 02:44:53','2025-07-31 02:44:53'),(498,30,'LED Car Light Strips',53.99,48,'Colorful LED strips to decorate the interior of your car',100,'https://i.pinimg.com/736x/f4/37/83/f437836db5ac28be17ebe49aa0a04218.jpg',1,'2025-07-31 02:44:53','2025-07-31 02:44:53'),(499,30,'Memory Foam Mattress',450,405,'Supportive memory foam mattress for a good nights sleep',100,'https://i.pinimg.com/736x/08/5a/5b/085a5bacc170a6087e6553d0d02ee4c0.jpg',1,'2025-07-31 02:44:53','2025-07-31 02:44:53'),(500,30,'Fluffy Bath Towels',424,381,'Soft and absorbent bath towels',100,'https://i.pinimg.com/736x/50/72/07/5072079d1218058a78372d552dbe2565.jpg',1,'2025-07-31 02:44:53','2025-07-31 02:44:53'),(501,31,'Moisturizing Cream',98,88,'Rich moisturizing cream for daily hydration',100,'https://i.pinimg.com/736x/2a/22/8b/2a228b3a0b8b3d8497b6154f9c26ffab.jpg',1,'2025-07-31 02:44:53','2025-07-31 02:44:53'),(502,31,'Anti-Aging Serum',20,18,'Powerful anti-aging serum for youthful skin',100,'https://i.pinimg.com/736x/53/cf/74/53cf749d9d63997819427e53ba5eaa1d.jpg',1,'2025-07-31 02:44:53','2025-07-31 02:44:53'),(503,31,'Classic Wristwatch',50,45,'Timeless wristwatch with a leather band',100,'https://i.pinimg.com/736x/6d/a1/ab/6da1ab1bf5aa357c48942a65f0876ed9.jpg',1,'2025-07-31 02:44:53','2025-07-31 02:44:53'),(504,31,'Smartwatch',133,119,'Modern smartwatch with fitness tracking features',100,'https://i.pinimg.com/736x/1b/dd/aa/1bddaa19d6a629e01505000fbf5dc5c6.jpg',1,'2025-07-31 02:44:53','2025-07-31 02:44:53'),(505,31,'Garden Hose',116,104,'Heavy-duty garden hose for easy watering',100,'https://i.pinimg.com/736x/e5/98/55/e59855af6f601b6cece0f5ccb291d5fd.jpg',1,'2025-07-31 02:44:53','2025-07-31 02:44:53'),(506,31,'Portable BBQ Grill',52,46,'Compact portable BBQ grill for outdoor cooking',100,'https://i.pinimg.com/736x/dc/19/01/dc1901e65479caa18d74ac0b86aa5098.jpg',1,'2025-07-31 02:44:53','2025-07-31 02:44:53'),(507,31,'Boys Hoodie',15,13,'Cozy hoodie for boys, perfect for chilly days',100,'https://i.pinimg.com/736x/11/8c/0f/118c0f2076e7bd7464feb162aad7d9a6.jpg',1,'2025-07-31 02:44:53','2025-07-31 02:44:53'),(508,31,'Girls Skirt',16,14,'Fun and comfortable skirt for girls',100,'https://i.pinimg.com/736x/62/ee/1f/62ee1f726c392c68c1b0f1146e560bf1.jpg',1,'2025-07-31 02:44:53','2025-07-31 02:44:53'),(509,31,'Luxury Lipstick',39,35,'High-quality lipstick in a range of colors',100,'https://i.pinimg.com/736x/0c/b6/f4/0cb6f438bb76ef755c4668b97778440b.jpg',1,'2025-07-31 02:44:53','2025-07-31 02:44:53'),(510,31,'Eyelash Serum',30,27,'Revitalizing eyelash serum for longer lashes',100,'https://i.pinimg.com/736x/20/c7/88/20c7886177d6741907819046eec61b82.jpg',1,'2025-07-31 02:44:53','2025-07-31 02:44:53'),(511,32,'Gold Necklace',188,169,'Elegant gold necklace for special occasions',100,'https://i.pinimg.com/736x/7c/2c/c2/7c2cc2d46f49b1b536c69b7b42c69539.jpg',1,'2025-07-31 02:44:53','2025-07-31 02:44:53'),(512,32,'Diamond Ring',322,289,'Sparkling diamond ring with a timeless design',100,'https://i.pinimg.com/736x/3a/dc/3b/3adc3bc57d71f9e8a1d53c54a0631f8b.jpg',1,'2025-07-31 02:44:53','2025-07-31 02:44:53'),(513,32,'Moisturizing Cream',84,75,'Rich moisturizing cream for daily hydration',100,'https://i.pinimg.com/736x/2a/22/8b/2a228b3a0b8b3d8497b6154f9c26ffab.jpg',1,'2025-07-31 02:44:53','2025-07-31 02:44:53'),(514,32,'Anti-Aging Serum',95,85,'Powerful anti-aging serum for youthful skin',100,'https://i.pinimg.com/736x/53/cf/74/53cf749d9d63997819427e53ba5eaa1d.jpg',1,'2025-07-31 02:44:53','2025-07-31 02:44:53'),(515,32,'Basketball',22,19,'Durable basketball for indoor and outdoor play',100,'https://i.pinimg.com/736x/50/90/50/509050faf1df0dc92a11f373446fb8f0.jpg',1,'2025-07-31 02:44:53','2025-07-31 02:44:53'),(516,32,'Soccer Ball',20,18,'High-quality soccer ball for practice or matches',100,'https://i.pinimg.com/736x/a6/fd/65/a6fd6507d6d776b9adda4cc0303463a3.jpg',1,'2025-07-31 02:44:53','2025-07-31 02:44:53'),(517,32,'Womens Floral Dress',49,44,'Elegant floral dress for casual or formal occasions',100,'https://i.pinimg.com/736x/57/c0/36/57c036ec76e4e765a4b692638e2705c2.jpg',1,'2025-07-31 02:44:53','2025-07-31 02:44:53'),(518,32,'Womens Blouse',56,50,'Stylish blouse for office or outings',100,'https://i.pinimg.com/736x/b0/f8/e3/b0f8e340cc626783de3315e115b220b8.jpg',1,'2025-07-31 02:44:53','2025-07-31 02:44:53'),(519,32,'Building Blocks Set',17.99,16,'Colorful building blocks for creativity',100,'https://i.pinimg.com/736x/d4/f0/09/d4f009d65edb5b76049be222416e1bb8.jpg',1,'2025-07-31 02:44:53','2025-07-31 02:44:53'),(520,32,'Action Figure Set',25.99,23,'A set of action figures from your favorite series',100,'https://i.pinimg.com/736x/73/80/40/73804016329ba5896e2fd7f6958a1bf5.jpg',1,'2025-07-31 02:44:53','2025-07-31 02:44:53'),(521,32,'Classic Wristwatch',194,174,'Timeless wristwatch with a leather band',100,'https://i.pinimg.com/736x/6d/a1/ab/6da1ab1bf5aa357c48942a65f0876ed9.jpg',1,'2025-07-31 02:44:53','2025-07-31 02:44:53'),(522,32,'Smartwatch',191,171,'Modern smartwatch with fitness tracking features',100,'https://i.pinimg.com/736x/1b/dd/aa/1bddaa19d6a629e01505000fbf5dc5c6.jpg',1,'2025-07-31 02:44:53','2025-07-31 02:44:53'),(523,32,'Cast Iron Skillet',87,78,'Durable cast iron skillet for perfect searing',100,'https://i.pinimg.com/736x/df/6c/05/df6c050964e934b6e6f973265fc3d471.jpg',1,'2025-07-31 02:44:53','2025-07-31 02:44:53'),(524,32,'Stainless Steel Cookware Set',43,38,'Premium stainless steel cookware set for your kitchen',100,'https://i.pinimg.com/736x/35/d3/96/35d396fd462dcf9c9a422340a8a0fa19.jpg',1,'2025-07-31 02:44:53','2025-07-31 02:44:53'),(525,33,'Luxury Lipstick',30,27,'High-quality lipstick in a range of colors',100,'https://i.pinimg.com/736x/0c/b6/f4/0cb6f438bb76ef755c4668b97778440b.jpg',1,'2025-07-31 02:44:53','2025-07-31 02:44:53'),(526,33,'Eyelash Serum',18,16,'Revitalizing eyelash serum for longer lashes',100,'https://i.pinimg.com/736x/20/c7/88/20c7886177d6741907819046eec61b82.jpg',1,'2025-07-31 02:44:53','2025-07-31 02:44:53'),(527,33,'Womens Floral Dress',66,59,'Elegant floral dress for casual or formal occasions',100,'https://i.pinimg.com/736x/57/c0/36/57c036ec76e4e765a4b692638e2705c2.jpg',1,'2025-07-31 02:44:53','2025-07-31 02:44:53'),(528,33,'Womens Blouse',75,67,'Stylish blouse for office or outings',100,'https://i.pinimg.com/736x/b0/f8/e3/b0f8e340cc626783de3315e115b220b8.jpg',1,'2025-07-31 02:44:53','2025-07-31 02:44:53'),(529,33,'Pet Bed',26.99,24,'Comfortable bed for your furry friend',100,'https://i.pinimg.com/736x/0f/16/9c/0f169cf58b1fb416db46591b0d6f27e4.jpg',1,'2025-07-31 02:44:53','2025-07-31 02:44:53'),(530,33,'Interactive Pet Toy',34.99,31,'Engaging toy to keep your pet entertained for hours',100,'https://i.pinimg.com/736x/da/23/a0/da23a0916b204ac326807a453093e120.jpg',1,'2025-07-31 02:44:53','2025-07-31 02:44:53'),(531,34,'Smart LED Desk Lamp',90,81,'Adjustable LED desk lamp with smart features',100,'https://i.pinimg.com/736x/24/55/4a/24554aafc97793d4f15264a810910ee1.jpg',1,'2025-07-31 02:44:53','2025-07-31 02:44:53'),(532,34,'Pendant Light Fixture',34,30,'Stylish pendant light fixture for your home',100,'https://i.pinimg.com/736x/f9/83/d3/f983d3ebd0f8f16c074fbf661ea752c8.jpg',1,'2025-07-31 02:44:53','2025-07-31 02:44:53'),(533,34,'Womens Floral Dress',57,51,'Elegant floral dress for casual or formal occasions',100,'https://i.pinimg.com/736x/57/c0/36/57c036ec76e4e765a4b692638e2705c2.jpg',1,'2025-07-31 02:44:53','2025-07-31 02:44:53'),(534,34,'Womens Blouse',66,59,'Stylish blouse for office or outings',100,'https://i.pinimg.com/736x/b0/f8/e3/b0f8e340cc626783de3315e115b220b8.jpg',1,'2025-07-31 02:44:53','2025-07-31 02:44:53'),(535,34,'Ninja Blender',56,50,'High-powered blender for smoothies and soups',100,'https://i.pinimg.com/736x/c7/92/6c/c7926c4bdc22ccc7b4a4f3c16f44de3f.jpg',1,'2025-07-31 02:44:53','2025-07-31 02:44:53'),(536,34,'Instant Pot',67,60,'Multi-function pressure cooker for quick meals',100,'https://i.pinimg.com/736x/12/1a/54/121a5495b298c6445168cef3377fca9f.jpg',1,'2025-07-31 02:44:53','2025-07-31 02:44:53'),(537,34,'Shampoo & Conditioner Set',29,26,'Shampoo and conditioner set for healthy hair',100,'https://i.pinimg.com/736x/01/04/dd/0104dd626f85f260c732fc8d847bdf83.jpg',1,'2025-07-31 02:44:53','2025-07-31 02:44:53'),(538,34,'Hair Styling Gel',28,25,'Strong hold hair styling gel for all-day control',100,'https://i.pinimg.com/736x/84/ab/35/84ab35118a388b30109c9cfd2887036a.jpg',1,'2025-07-31 02:44:53','2025-07-31 02:44:53'),(539,34,'Boys Hoodie',26,23,'Cozy hoodie for boys, perfect for chilly days',100,'https://i.pinimg.com/736x/11/8c/0f/118c0f2076e7bd7464feb162aad7d9a6.jpg',1,'2025-07-31 02:44:53','2025-07-31 02:44:53'),(540,34,'Girls Skirt',16,14,'Fun and comfortable skirt for girls',100,'https://i.pinimg.com/736x/62/ee/1f/62ee1f726c392c68c1b0f1146e560bf1.jpg',1,'2025-07-31 02:44:53','2025-07-31 02:44:53'),(541,34,'Multivitamin Supplements',31,27,'Daily multivitamin supplements for overall health',100,'https://i.pinimg.com/736x/10/2f/4e/102f4eb7a86cda7006294d2a0287ca8d.jpg',1,'2025-07-31 02:44:53','2025-07-31 02:44:53'),(542,34,'Yoga Mat',38,34,'Comfortable yoga mat for home or studio use',100,'https://i.pinimg.com/736x/fb/a0/cd/fba0cd73a567541a2281e17331a215a2.jpg',1,'2025-07-31 02:44:53','2025-07-31 02:44:53'),(543,34,'Building Blocks Set',16.99,15,'Colorful building blocks for creativity',100,'https://i.pinimg.com/736x/d4/f0/09/d4f009d65edb5b76049be222416e1bb8.jpg',1,'2025-07-31 02:44:53','2025-07-31 02:44:53'),(544,34,'Action Figure Set',18.99,17,'A set of action figures from your favorite series',100,'https://i.pinimg.com/736x/73/80/40/73804016329ba5896e2fd7f6958a1bf5.jpg',1,'2025-07-31 02:44:53','2025-07-31 02:44:53'),(545,34,'Cordless Drill',205,184,'Powerful cordless drill for all your DIY projects',100,'https://i.pinimg.com/736x/06/fd/cd/06fdcd19ee8e9e34bd53165a4c0e8ea2.jpg',1,'2025-07-31 02:44:53','2025-07-31 02:44:53'),(546,34,'Mechanics Tool Set',173,155,'Comprehensive mechanics tool set for any repair job',100,'https://i.pinimg.com/736x/47/9d/65/479d65fc2ebac900b57839871c4a62a6.jpg',1,'2025-07-31 02:44:53','2025-07-31 02:44:53'),(547,35,'Multivitamin Supplements',45,40,'Daily multivitamin supplements for overall health',100,'https://i.pinimg.com/736x/10/2f/4e/102f4eb7a86cda7006294d2a0287ca8d.jpg',1,'2025-07-31 02:44:53','2025-07-31 02:44:53'),(548,35,'Yoga Mat',32,28,'Comfortable yoga mat for home or studio use',100,'https://i.pinimg.com/736x/fb/a0/cd/fba0cd73a567541a2281e17331a215a2.jpg',1,'2025-07-31 02:44:53','2025-07-31 02:44:53'),(549,35,'Ninja Blender',86,77,'High-powered blender for smoothies and soups',100,'https://i.pinimg.com/736x/c7/92/6c/c7926c4bdc22ccc7b4a4f3c16f44de3f.jpg',1,'2025-07-31 02:44:53','2025-07-31 02:44:53'),(550,35,'Instant Pot',67,60,'Multi-function pressure cooker for quick meals',100,'https://i.pinimg.com/736x/12/1a/54/121a5495b298c6445168cef3377fca9f.jpg',1,'2025-07-31 02:44:53','2025-07-31 02:44:53'),(551,35,'Basketball',56,50,'Durable basketball for indoor and outdoor play',100,'https://i.pinimg.com/736x/50/90/50/509050faf1df0dc92a11f373446fb8f0.jpg',1,'2025-07-31 02:44:53','2025-07-31 02:44:53'),(552,35,'Soccer Ball',22,19,'High-quality soccer ball for practice or matches',100,'https://i.pinimg.com/736x/a6/fd/65/a6fd6507d6d776b9adda4cc0303463a3.jpg',1,'2025-07-31 02:44:53','2025-07-31 02:44:53'),(553,35,'Garden Hose',74,66,'Heavy-duty garden hose for easy watering',100,'https://i.pinimg.com/736x/e5/98/55/e59855af6f601b6cece0f5ccb291d5fd.jpg',1,'2025-07-31 02:44:53','2025-07-31 02:44:53'),(554,35,'Portable BBQ Grill',67,60,'Compact portable BBQ grill for outdoor cooking',100,'https://i.pinimg.com/736x/dc/19/01/dc1901e65479caa18d74ac0b86aa5098.jpg',1,'2025-07-31 02:44:53','2025-07-31 02:44:53'),(555,35,'Cordless Drill',59,53,'Powerful cordless drill for all your DIY projects',100,'https://i.pinimg.com/736x/06/fd/cd/06fdcd19ee8e9e34bd53165a4c0e8ea2.jpg',1,'2025-07-31 02:44:53','2025-07-31 02:44:53'),(556,35,'Mechanics Tool Set',126,113,'Comprehensive mechanics tool set for any repair job',100,'https://i.pinimg.com/736x/47/9d/65/479d65fc2ebac900b57839871c4a62a6.jpg',1,'2025-07-31 02:44:53','2025-07-31 02:44:53'),(557,35,'Tent',120,108,'Lightweight tent for camping and hiking trips',100,'https://i.pinimg.com/736x/f2/b1/70/f2b170fe39500e728002cd66f16a47cf.jpg',1,'2025-07-31 02:44:53','2025-07-31 02:44:53'),(558,35,'Sleeping Bag',115,103,'Cozy sleeping bag for outdoor adventures',100,'https://i.pinimg.com/736x/5a/e2/7e/5ae27e7084dea07ff8bf7b4f26894772.jpg',1,'2025-07-31 02:44:53','2025-07-31 02:44:53'),(559,36,'Garden Hose',139,125,'Heavy-duty garden hose for easy watering',100,'https://i.pinimg.com/736x/e5/98/55/e59855af6f601b6cece0f5ccb291d5fd.jpg',1,'2025-07-31 02:44:53','2025-07-31 02:44:53'),(560,36,'Portable BBQ Grill',184,165,'Compact portable BBQ grill for outdoor cooking',100,'https://i.pinimg.com/736x/dc/19/01/dc1901e65479caa18d74ac0b86aa5098.jpg',1,'2025-07-31 02:44:53','2025-07-31 02:44:53'),(561,36,'Wooden Dining Table',796,716,'Elegant wooden dining table for any home',100,'https://i.pinimg.com/736x/5a/47/a4/5a47a4dda6f92a18a22410018e284a3e.jpg',1,'2025-07-31 02:44:53','2025-07-31 02:44:53'),(562,36,'Leather Office Chair',187,168,'Comfortable and stylish leather office chair',100,'https://i.pinimg.com/736x/dc/8d/eb/dc8deb6add61c7623054816b06083dda.jpg',1,'2025-07-31 02:44:53','2025-07-31 02:44:53'),(563,36,'Gold Necklace',341,306,'Elegant gold necklace for special occasions',100,'https://i.pinimg.com/736x/7c/2c/c2/7c2cc2d46f49b1b536c69b7b42c69539.jpg',1,'2025-07-31 02:44:53','2025-07-31 02:44:53'),(564,36,'Diamond Ring',455,409,'Sparkling diamond ring with a timeless design',100,'https://i.pinimg.com/736x/3a/dc/3b/3adc3bc57d71f9e8a1d53c54a0631f8b.jpg',1,'2025-07-31 02:44:53','2025-07-31 02:44:53'),(565,36,'Pet Bed',33.99,30,'Comfortable bed for your furry friend',100,'https://i.pinimg.com/736x/0f/16/9c/0f169cf58b1fb416db46591b0d6f27e4.jpg',1,'2025-07-31 02:44:53','2025-07-31 02:44:53'),(566,36,'Interactive Pet Toy',33.99,30,'Engaging toy to keep your pet entertained for hours',100,'https://i.pinimg.com/736x/da/23/a0/da23a0916b204ac326807a453093e120.jpg',1,'2025-07-31 02:44:53','2025-07-31 02:44:53'),(567,36,'Mens Casual T-Shirt',50,45,'Comfortable cotton T-shirt for daily wear',100,'https://i.pinimg.com/736x/b8/a1/18/b8a118bd8d380664fa3e9e80e4595181.jpg',1,'2025-07-31 02:44:53','2025-07-31 02:44:53'),(568,36,'Mens Denim Jeans',41,36,'Classic denim jeans with a modern fit',100,'https://i.pinimg.com/736x/bb/c5/91/bbc591a3ef7d4bb17570114f17a9ea18.jpg',1,'2025-07-31 02:44:53','2025-07-31 02:44:53'),(569,37,'Smart LED Desk Lamp',43,38,'Adjustable LED desk lamp with smart features',100,'https://i.pinimg.com/736x/24/55/4a/24554aafc97793d4f15264a810910ee1.jpg',1,'2025-07-31 02:44:53','2025-07-31 02:44:53'),(570,37,'Pendant Light Fixture',51,45,'Stylish pendant light fixture for your home',100,'https://i.pinimg.com/736x/f9/83/d3/f983d3ebd0f8f16c074fbf661ea752c8.jpg',1,'2025-07-31 02:44:53','2025-07-31 02:44:53'),(571,37,'Tent',196,176,'Lightweight tent for camping and hiking trips',100,'https://i.pinimg.com/736x/f2/b1/70/f2b170fe39500e728002cd66f16a47cf.jpg',1,'2025-07-31 02:44:53','2025-07-31 02:44:53'),(572,37,'Sleeping Bag',188,169,'Cozy sleeping bag for outdoor adventures',100,'https://i.pinimg.com/736x/5a/e2/7e/5ae27e7084dea07ff8bf7b4f26894772.jpg',1,'2025-07-31 02:44:53','2025-07-31 02:44:53'),(573,37,'Womens Floral Dress',72,64,'Elegant floral dress for casual or formal occasions',100,'https://i.pinimg.com/736x/57/c0/36/57c036ec76e4e765a4b692638e2705c2.jpg',1,'2025-07-31 02:44:53','2025-07-31 02:44:53'),(574,37,'Womens Blouse',68,61,'Stylish blouse for office or outings',100,'https://i.pinimg.com/736x/b0/f8/e3/b0f8e340cc626783de3315e115b220b8.jpg',1,'2025-07-31 02:44:53','2025-07-31 02:44:53'),(575,37,'Boys Hoodie',11,9,'Cozy hoodie for boys, perfect for chilly days',100,'https://i.pinimg.com/736x/11/8c/0f/118c0f2076e7bd7464feb162aad7d9a6.jpg',1,'2025-07-31 02:44:53','2025-07-31 02:44:53'),(576,37,'Girls Skirt',28,25,'Fun and comfortable skirt for girls',100,'https://i.pinimg.com/736x/62/ee/1f/62ee1f726c392c68c1b0f1146e560bf1.jpg',1,'2025-07-31 02:44:53','2025-07-31 02:44:53'),(577,37,'Mens Running Shoes',26,23,'Lightweight running shoes for men',100,'https://i.pinimg.com/736x/0e/f1/13/0ef113de4b877881bd328ee17f51f640.jpg',1,'2025-07-31 02:44:53','2025-07-31 02:44:53'),(578,37,'Womens Sandals',51,45,'Comfortable and stylish sandals for women',100,'https://i.pinimg.com/736x/05/12/d7/0512d76db2f548d4fe92f907e3e258b4.jpg',1,'2025-07-31 02:44:53','2025-07-31 02:44:53'),(579,37,'Multivitamin Supplements',27,24,'Daily multivitamin supplements for overall health',100,'https://i.pinimg.com/736x/10/2f/4e/102f4eb7a86cda7006294d2a0287ca8d.jpg',1,'2025-07-31 02:44:53','2025-07-31 02:44:53'),(580,37,'Yoga Mat',48,43,'Comfortable yoga mat for home or studio use',100,'https://i.pinimg.com/736x/fb/a0/cd/fba0cd73a567541a2281e17331a215a2.jpg',1,'2025-07-31 02:44:53','2025-07-31 02:44:53'),(581,38,'Moisturizing Cream',53,47,'Rich moisturizing cream for daily hydration',100,'https://i.pinimg.com/736x/2a/22/8b/2a228b3a0b8b3d8497b6154f9c26ffab.jpg',1,'2025-07-31 02:44:53','2025-07-31 02:44:53'),(582,38,'Anti-Aging Serum',32,28,'Powerful anti-aging serum for youthful skin',100,'https://i.pinimg.com/736x/53/cf/74/53cf749d9d63997819427e53ba5eaa1d.jpg',1,'2025-07-31 02:44:53','2025-07-31 02:44:53'),(583,38,'Womens Floral Dress',33,29,'Elegant floral dress for casual or formal occasions',100,'https://i.pinimg.com/736x/57/c0/36/57c036ec76e4e765a4b692638e2705c2.jpg',1,'2025-07-31 02:44:53','2025-07-31 02:44:53'),(584,38,'Womens Blouse',68,61,'Stylish blouse for office or outings',100,'https://i.pinimg.com/736x/b0/f8/e3/b0f8e340cc626783de3315e115b220b8.jpg',1,'2025-07-31 02:44:53','2025-07-31 02:44:53'),(585,38,'Garden Hose',42,37,'Heavy-duty garden hose for easy watering',100,'https://i.pinimg.com/736x/e5/98/55/e59855af6f601b6cece0f5ccb291d5fd.jpg',1,'2025-07-31 02:44:53','2025-07-31 02:44:53'),(586,38,'Portable BBQ Grill',180,162,'Compact portable BBQ grill for outdoor cooking',100,'https://i.pinimg.com/736x/dc/19/01/dc1901e65479caa18d74ac0b86aa5098.jpg',1,'2025-07-31 02:44:53','2025-07-31 02:44:53'),(587,38,'Shampoo & Conditioner Set',24,21,'Shampoo and conditioner set for healthy hair',100,'https://i.pinimg.com/736x/01/04/dd/0104dd626f85f260c732fc8d847bdf83.jpg',1,'2025-07-31 02:44:53','2025-07-31 02:44:53'),(588,38,'Hair Styling Gel',27,24,'Strong hold hair styling gel for all-day control',100,'https://i.pinimg.com/736x/84/ab/35/84ab35118a388b30109c9cfd2887036a.jpg',1,'2025-07-31 02:44:53','2025-07-31 02:44:53'),(589,38,'Cordless Drill',245,220,'Powerful cordless drill for all your DIY projects',100,'https://i.pinimg.com/736x/06/fd/cd/06fdcd19ee8e9e34bd53165a4c0e8ea2.jpg',1,'2025-07-31 02:44:53','2025-07-31 02:44:53'),(590,38,'Mechanics Tool Set',89,80,'Comprehensive mechanics tool set for any repair job',100,'https://i.pinimg.com/736x/47/9d/65/479d65fc2ebac900b57839871c4a62a6.jpg',1,'2025-07-31 02:44:53','2025-07-31 02:44:53'),(591,38,'Building Blocks Set',25.99,23,'Colorful building blocks for creativity',100,'https://i.pinimg.com/736x/d4/f0/09/d4f009d65edb5b76049be222416e1bb8.jpg',1,'2025-07-31 02:44:53','2025-07-31 02:44:53'),(592,38,'Action Figure Set',27.99,25,'A set of action figures from your favorite series',100,'https://i.pinimg.com/736x/73/80/40/73804016329ba5896e2fd7f6958a1bf5.jpg',1,'2025-07-31 02:44:53','2025-07-31 02:44:53'),(593,38,'Wooden Dining Table',288,259,'Elegant wooden dining table for any home',100,'https://i.pinimg.com/736x/5a/47/a4/5a47a4dda6f92a18a22410018e284a3e.jpg',1,'2025-07-31 02:44:53','2025-07-31 02:44:53'),(594,38,'Leather Office Chair',351,315,'Comfortable and stylish leather office chair',100,'https://i.pinimg.com/736x/dc/8d/eb/dc8deb6add61c7623054816b06083dda.jpg',1,'2025-07-31 02:44:53','2025-07-31 02:44:53'),(595,39,'Gold Necklace',298,268,'Elegant gold necklace for special occasions',100,'https://i.pinimg.com/736x/7c/2c/c2/7c2cc2d46f49b1b536c69b7b42c69539.jpg',1,'2025-07-31 02:44:53','2025-07-31 02:44:53'),(596,39,'Diamond Ring',252,226,'Sparkling diamond ring with a timeless design',100,'https://i.pinimg.com/736x/3a/dc/3b/3adc3bc57d71f9e8a1d53c54a0631f8b.jpg',1,'2025-07-31 02:44:53','2025-07-31 02:44:53'),(597,39,'Cast Iron Skillet',179,161,'Durable cast iron skillet for perfect searing',100,'https://i.pinimg.com/736x/df/6c/05/df6c050964e934b6e6f973265fc3d471.jpg',1,'2025-07-31 02:44:53','2025-07-31 02:44:53'),(598,39,'Stainless Steel Cookware Set',191,171,'Premium stainless steel cookware set for your kitchen',100,'https://i.pinimg.com/736x/35/d3/96/35d396fd462dcf9c9a422340a8a0fa19.jpg',1,'2025-07-31 02:44:53','2025-07-31 02:44:53'),(599,39,'Mountain Bike',177,159,'Durable mountain bike for off-road adventures',100,'https://i.pinimg.com/736x/4f/b1/5d/4fb15d9839f8882f4ad4128e237e3819.jpg',1,'2025-07-31 02:44:53','2025-07-31 02:44:53'),(600,39,'Cycling Helmet',290,261,'Safety helmet designed for cycling',100,'https://i.pinimg.com/736x/01/d7/79/01d779948b4cb8300fe65938076f17c1.jpg',1,'2025-07-31 02:44:53','2025-07-31 02:44:53'),(601,39,'Mens Running Shoes',37,33,'Lightweight running shoes for men',100,'https://i.pinimg.com/736x/0e/f1/13/0ef113de4b877881bd328ee17f51f640.jpg',1,'2025-07-31 02:44:53','2025-07-31 02:44:53'),(602,39,'Womens Sandals',30,27,'Comfortable and stylish sandals for women',100,'https://i.pinimg.com/736x/05/12/d7/0512d76db2f548d4fe92f907e3e258b4.jpg',1,'2025-07-31 02:44:53','2025-07-31 02:44:53'),(603,40,'Smart LED Desk Lamp',133,119,'Adjustable LED desk lamp with smart features',100,'https://i.pinimg.com/736x/24/55/4a/24554aafc97793d4f15264a810910ee1.jpg',1,'2025-07-31 02:44:53','2025-07-31 02:44:53'),(604,40,'Pendant Light Fixture',143,128,'Stylish pendant light fixture for your home',100,'https://i.pinimg.com/736x/f9/83/d3/f983d3ebd0f8f16c074fbf661ea752c8.jpg',1,'2025-07-31 02:44:53','2025-07-31 02:44:53'),(605,40,'Building Blocks Set',25.99,23,'Colorful building blocks for creativity',100,'https://i.pinimg.com/736x/d4/f0/09/d4f009d65edb5b76049be222416e1bb8.jpg',1,'2025-07-31 02:44:53','2025-07-31 02:44:53'),(606,40,'Action Figure Set',22.99,20,'A set of action figures from your favorite series',100,'https://i.pinimg.com/736x/73/80/40/73804016329ba5896e2fd7f6958a1bf5.jpg',1,'2025-07-31 02:44:53','2025-07-31 02:44:53'),(607,40,'Cordless Drill',57,51,'Powerful cordless drill for all your DIY projects',100,'https://i.pinimg.com/736x/06/fd/cd/06fdcd19ee8e9e34bd53165a4c0e8ea2.jpg',1,'2025-07-31 02:44:53','2025-07-31 02:44:53'),(608,40,'Mechanics Tool Set',141,126,'Comprehensive mechanics tool set for any repair job',100,'https://i.pinimg.com/736x/47/9d/65/479d65fc2ebac900b57839871c4a62a6.jpg',1,'2025-07-31 02:44:53','2025-07-31 02:44:53'),(609,40,'Resistance Bands',97,87,'Set of resistance bands for full-body workouts',100,'https://i.pinimg.com/736x/8c/ef/fb/8ceffbcf77128466057d9b8dc347c308.jpg',1,'2025-07-31 02:44:53','2025-07-31 02:44:53'),(610,40,'Dumbbell Set',68,61,'Adjustable dumbbell set for strength training',100,'https://i.pinimg.com/736x/4a/dd/94/4add94e4022d2fd429771d86692fb230.jpg',1,'2025-07-31 02:44:53','2025-07-31 02:44:53'),(611,40,'Car Seat Covers',46.99,42,'High-quality seat covers to protect your car seats',100,'https://i.pinimg.com/736x/e6/bc/a8/e6bca8dc0a24ecd6423094e2c87b7426.jpg',1,'2025-07-31 02:44:53','2025-07-31 02:44:53'),(612,40,'LED Car Light Strips',52.99,47,'Colorful LED strips to decorate the interior of your car',100,'https://i.pinimg.com/736x/f4/37/83/f437836db5ac28be17ebe49aa0a04218.jpg',1,'2025-07-31 02:44:53','2025-07-31 02:44:53'),(613,41,'Shampoo & Conditioner Set',25,22,'Shampoo and conditioner set for healthy hair',100,'https://i.pinimg.com/736x/01/04/dd/0104dd626f85f260c732fc8d847bdf83.jpg',1,'2025-07-31 02:44:53','2025-07-31 02:44:53'),(614,41,'Hair Styling Gel',20,18,'Strong hold hair styling gel for all-day control',100,'https://i.pinimg.com/736x/84/ab/35/84ab35118a388b30109c9cfd2887036a.jpg',1,'2025-07-31 02:44:53','2025-07-31 02:44:53'),(615,41,'Mens Casual T-Shirt',47,42,'Comfortable cotton T-shirt for daily wear',100,'https://i.pinimg.com/736x/b8/a1/18/b8a118bd8d380664fa3e9e80e4595181.jpg',1,'2025-07-31 02:44:53','2025-07-31 02:44:53'),(616,41,'Mens Denim Jeans',38,34,'Classic denim jeans with a modern fit',100,'https://i.pinimg.com/736x/bb/c5/91/bbc591a3ef7d4bb17570114f17a9ea18.jpg',1,'2025-07-31 02:44:53','2025-07-31 02:44:53'),(617,41,'Wooden Dining Table',162,145,'Elegant wooden dining table for any home',100,'https://i.pinimg.com/736x/5a/47/a4/5a47a4dda6f92a18a22410018e284a3e.jpg',1,'2025-07-31 02:44:53','2025-07-31 02:44:53'),(618,41,'Leather Office Chair',428,385,'Comfortable and stylish leather office chair',100,'https://i.pinimg.com/736x/dc/8d/eb/dc8deb6add61c7623054816b06083dda.jpg',1,'2025-07-31 02:44:53','2025-07-31 02:44:53'),(619,42,'Garden Hose',28,25,'Heavy-duty garden hose for easy watering',100,'https://i.pinimg.com/736x/e5/98/55/e59855af6f601b6cece0f5ccb291d5fd.jpg',1,'2025-07-31 02:44:53','2025-07-31 02:44:53'),(620,42,'Portable BBQ Grill',168,151,'Compact portable BBQ grill for outdoor cooking',100,'https://i.pinimg.com/736x/dc/19/01/dc1901e65479caa18d74ac0b86aa5098.jpg',1,'2025-07-31 02:44:53','2025-07-31 02:44:53'),(621,42,'Ninja Blender',84,75,'High-powered blender for smoothies and soups',100,'https://i.pinimg.com/736x/c7/92/6c/c7926c4bdc22ccc7b4a4f3c16f44de3f.jpg',1,'2025-07-31 02:44:53','2025-07-31 02:44:53'),(622,42,'Instant Pot',132,118,'Multi-function pressure cooker for quick meals',100,'https://i.pinimg.com/736x/12/1a/54/121a5495b298c6445168cef3377fca9f.jpg',1,'2025-07-31 02:44:53','2025-07-31 02:44:53'),(623,42,'Mountain Bike',217,195,'Durable mountain bike for off-road adventures',100,'https://i.pinimg.com/736x/4f/b1/5d/4fb15d9839f8882f4ad4128e237e3819.jpg',1,'2025-07-31 02:44:53','2025-07-31 02:44:53'),(624,42,'Cycling Helmet',494,444,'Safety helmet designed for cycling',100,'https://i.pinimg.com/736x/01/d7/79/01d779948b4cb8300fe65938076f17c1.jpg',1,'2025-07-31 02:44:53','2025-07-31 02:44:53'),(625,42,'Resistance Bands',31,27,'Set of resistance bands for full-body workouts',100,'https://i.pinimg.com/736x/8c/ef/fb/8ceffbcf77128466057d9b8dc347c308.jpg',1,'2025-07-31 02:44:53','2025-07-31 02:44:53'),(626,42,'Dumbbell Set',36,32,'Adjustable dumbbell set for strength training',100,'https://i.pinimg.com/736x/4a/dd/94/4add94e4022d2fd429771d86692fb230.jpg',1,'2025-07-31 02:44:53','2025-07-31 02:44:53'),(627,42,'Memory Foam Mattress',493,443,'Supportive memory foam mattress for a good nights sleep',100,'https://i.pinimg.com/736x/08/5a/5b/085a5bacc170a6087e6553d0d02ee4c0.jpg',1,'2025-07-31 02:44:53','2025-07-31 02:44:53'),(628,42,'Fluffy Bath Towels',510,459,'Soft and absorbent bath towels',100,'https://i.pinimg.com/736x/50/72/07/5072079d1218058a78372d552dbe2565.jpg',1,'2025-07-31 02:44:53','2025-07-31 02:44:53'),(629,42,'Building Blocks Set',17.99,16,'Colorful building blocks for creativity',100,'https://i.pinimg.com/736x/d4/f0/09/d4f009d65edb5b76049be222416e1bb8.jpg',1,'2025-07-31 02:44:53','2025-07-31 02:44:53'),(630,42,'Action Figure Set',18.99,17,'A set of action figures from your favorite series',100,'https://i.pinimg.com/736x/73/80/40/73804016329ba5896e2fd7f6958a1bf5.jpg',1,'2025-07-31 02:44:53','2025-07-31 02:44:53'),(631,43,'Mens Casual T-Shirt',21,18,'Comfortable cotton T-shirt for daily wear',100,'https://i.pinimg.com/736x/b8/a1/18/b8a118bd8d380664fa3e9e80e4595181.jpg',1,'2025-07-31 02:44:53','2025-07-31 02:44:53'),(632,43,'Mens Denim Jeans',45,40,'Classic denim jeans with a modern fit',100,'https://i.pinimg.com/736x/bb/c5/91/bbc591a3ef7d4bb17570114f17a9ea18.jpg',1,'2025-07-31 02:44:53','2025-07-31 02:44:53'),(633,43,'Boys Hoodie',21,18,'Cozy hoodie for boys, perfect for chilly days',100,'https://i.pinimg.com/736x/11/8c/0f/118c0f2076e7bd7464feb162aad7d9a6.jpg',1,'2025-07-31 02:44:53','2025-07-31 02:44:53'),(634,43,'Girls Skirt',20,18,'Fun and comfortable skirt for girls',100,'https://i.pinimg.com/736x/62/ee/1f/62ee1f726c392c68c1b0f1146e560bf1.jpg',1,'2025-07-31 02:44:53','2025-07-31 02:44:53'),(635,43,'Shampoo & Conditioner Set',21,18,'Shampoo and conditioner set for healthy hair',100,'https://i.pinimg.com/736x/01/04/dd/0104dd626f85f260c732fc8d847bdf83.jpg',1,'2025-07-31 02:44:53','2025-07-31 02:44:53'),(636,43,'Hair Styling Gel',14,12,'Strong hold hair styling gel for all-day control',100,'https://i.pinimg.com/736x/84/ab/35/84ab35118a388b30109c9cfd2887036a.jpg',1,'2025-07-31 02:44:53','2025-07-31 02:44:53'),(637,44,'Boys Hoodie',23,20,'Cozy hoodie for boys, perfect for chilly days',100,'https://i.pinimg.com/736x/11/8c/0f/118c0f2076e7bd7464feb162aad7d9a6.jpg',1,'2025-07-31 02:44:53','2025-07-31 02:44:53'),(638,44,'Girls Skirt',15,13,'Fun and comfortable skirt for girls',100,'https://i.pinimg.com/736x/62/ee/1f/62ee1f726c392c68c1b0f1146e560bf1.jpg',1,'2025-07-31 02:44:53','2025-07-31 02:44:53'),(639,44,'Basketball',52,46,'Durable basketball for indoor and outdoor play',100,'https://i.pinimg.com/736x/50/90/50/509050faf1df0dc92a11f373446fb8f0.jpg',1,'2025-07-31 02:44:53','2025-07-31 02:44:53'),(640,44,'Soccer Ball',48,43,'High-quality soccer ball for practice or matches',100,'https://i.pinimg.com/736x/a6/fd/65/a6fd6507d6d776b9adda4cc0303463a3.jpg',1,'2025-07-31 02:44:53','2025-07-31 02:44:53'),(641,44,'Mountain Bike',426,383,'Durable mountain bike for off-road adventures',100,'https://i.pinimg.com/736x/4f/b1/5d/4fb15d9839f8882f4ad4128e237e3819.jpg',1,'2025-07-31 02:44:53','2025-07-31 02:44:53'),(642,44,'Cycling Helmet',267,240,'Safety helmet designed for cycling',100,'https://i.pinimg.com/736x/01/d7/79/01d779948b4cb8300fe65938076f17c1.jpg',1,'2025-07-31 02:44:53','2025-07-31 02:44:53'),(643,45,'Cordless Drill',228,205,'Powerful cordless drill for all your DIY projects',100,'https://i.pinimg.com/736x/06/fd/cd/06fdcd19ee8e9e34bd53165a4c0e8ea2.jpg',1,'2025-07-31 02:44:53','2025-07-31 02:44:53'),(644,45,'Mechanics Tool Set',196,176,'Comprehensive mechanics tool set for any repair job',100,'https://i.pinimg.com/736x/47/9d/65/479d65fc2ebac900b57839871c4a62a6.jpg',1,'2025-07-31 02:44:53','2025-07-31 02:44:53'),(645,45,'Womens Floral Dress',41,36,'Elegant floral dress for casual or formal occasions',100,'https://i.pinimg.com/736x/57/c0/36/57c036ec76e4e765a4b692638e2705c2.jpg',1,'2025-07-31 02:44:53','2025-07-31 02:44:53'),(646,45,'Womens Blouse',48,43,'Stylish blouse for office or outings',100,'https://i.pinimg.com/736x/b0/f8/e3/b0f8e340cc626783de3315e115b220b8.jpg',1,'2025-07-31 02:44:53','2025-07-31 02:44:53'),(647,45,'Car Seat Covers',55.99,50,'High-quality seat covers to protect your car seats',100,'https://i.pinimg.com/736x/e6/bc/a8/e6bca8dc0a24ecd6423094e2c87b7426.jpg',1,'2025-07-31 02:44:53','2025-07-31 02:44:53'),(648,45,'LED Car Light Strips',46.99,42,'Colorful LED strips to decorate the interior of your car',100,'https://i.pinimg.com/736x/f4/37/83/f437836db5ac28be17ebe49aa0a04218.jpg',1,'2025-07-31 02:44:53','2025-07-31 02:44:53'),(649,45,'Luxury Lipstick',42,37,'High-quality lipstick in a range of colors',100,'https://i.pinimg.com/736x/0c/b6/f4/0cb6f438bb76ef755c4668b97778440b.jpg',1,'2025-07-31 02:44:53','2025-07-31 02:44:53'),(650,45,'Eyelash Serum',27,24,'Revitalizing eyelash serum for longer lashes',100,'https://i.pinimg.com/736x/20/c7/88/20c7886177d6741907819046eec61b82.jpg',1,'2025-07-31 02:44:53','2025-07-31 02:44:53'),(651,45,'Wooden Dining Table',660,594,'Elegant wooden dining table for any home',100,'https://i.pinimg.com/736x/5a/47/a4/5a47a4dda6f92a18a22410018e284a3e.jpg',1,'2025-07-31 02:44:53','2025-07-31 02:44:53'),(652,45,'Leather Office Chair',295,265,'Comfortable and stylish leather office chair',100,'https://i.pinimg.com/736x/dc/8d/eb/dc8deb6add61c7623054816b06083dda.jpg',1,'2025-07-31 02:44:53','2025-07-31 02:44:53'),(653,45,'Cast Iron Skillet',71,63,'Durable cast iron skillet for perfect searing',100,'https://i.pinimg.com/736x/df/6c/05/df6c050964e934b6e6f973265fc3d471.jpg',1,'2025-07-31 02:44:53','2025-07-31 02:44:53'),(654,45,'Stainless Steel Cookware Set',147,132,'Premium stainless steel cookware set for your kitchen',100,'https://i.pinimg.com/736x/35/d3/96/35d396fd462dcf9c9a422340a8a0fa19.jpg',1,'2025-07-31 02:44:53','2025-07-31 02:44:53'),(655,46,'Basketball',47,42,'Durable basketball for indoor and outdoor play',100,'https://i.pinimg.com/736x/50/90/50/509050faf1df0dc92a11f373446fb8f0.jpg',1,'2025-07-31 02:44:53','2025-07-31 02:44:53'),(656,46,'Soccer Ball',37,33,'High-quality soccer ball for practice or matches',100,'https://i.pinimg.com/736x/a6/fd/65/a6fd6507d6d776b9adda4cc0303463a3.jpg',1,'2025-07-31 02:44:53','2025-07-31 02:44:53'),(657,46,'Baby Stroller',96.99,87,'Durable stroller with adjustable features for comfort',100,'https://i.pinimg.com/736x/e0/b6/ae/e0b6aeffa213981b137c88864b36b931.jpg',1,'2025-07-31 02:44:53','2025-07-31 02:44:53'),(658,46,'Baby Monitor',84.99,76,'Wireless baby monitor for peace of mind',100,'https://i.pinimg.com/736x/df/8c/bc/df8cbcd24cad13c4ed4b52cbe37b0883.jpg',1,'2025-07-31 02:44:53','2025-07-31 02:44:53'),(659,46,'Ninja Blender',86,77,'High-powered blender for smoothies and soups',100,'https://i.pinimg.com/736x/c7/92/6c/c7926c4bdc22ccc7b4a4f3c16f44de3f.jpg',1,'2025-07-31 02:44:53','2025-07-31 02:44:53'),(660,46,'Instant Pot',139,125,'Multi-function pressure cooker for quick meals',100,'https://i.pinimg.com/736x/12/1a/54/121a5495b298c6445168cef3377fca9f.jpg',1,'2025-07-31 02:44:53','2025-07-31 02:44:53'),(661,46,'Luxury Lipstick',17,15,'High-quality lipstick in a range of colors',100,'https://i.pinimg.com/736x/0c/b6/f4/0cb6f438bb76ef755c4668b97778440b.jpg',1,'2025-07-31 02:44:53','2025-07-31 02:44:53'),(662,46,'Eyelash Serum',38,34,'Revitalizing eyelash serum for longer lashes',100,'https://i.pinimg.com/736x/20/c7/88/20c7886177d6741907819046eec61b82.jpg',1,'2025-07-31 02:44:53','2025-07-31 02:44:53'),(663,47,'Tent',102,91,'Lightweight tent for camping and hiking trips',100,'https://i.pinimg.com/736x/f2/b1/70/f2b170fe39500e728002cd66f16a47cf.jpg',1,'2025-07-31 02:44:53','2025-07-31 02:44:53'),(664,47,'Sleeping Bag',109,98,'Cozy sleeping bag for outdoor adventures',100,'https://i.pinimg.com/736x/5a/e2/7e/5ae27e7084dea07ff8bf7b4f26894772.jpg',1,'2025-07-31 02:44:53','2025-07-31 02:44:53'),(665,47,'Cordless Drill',136,122,'Powerful cordless drill for all your DIY projects',100,'https://i.pinimg.com/736x/06/fd/cd/06fdcd19ee8e9e34bd53165a4c0e8ea2.jpg',1,'2025-07-31 02:44:53','2025-07-31 02:44:53'),(666,47,'Mechanics Tool Set',120,108,'Comprehensive mechanics tool set for any repair job',100,'https://i.pinimg.com/736x/47/9d/65/479d65fc2ebac900b57839871c4a62a6.jpg',1,'2025-07-31 02:44:53','2025-07-31 02:44:53'),(667,47,'Moisturizing Cream',57,51,'Rich moisturizing cream for daily hydration',100,'https://i.pinimg.com/736x/2a/22/8b/2a228b3a0b8b3d8497b6154f9c26ffab.jpg',1,'2025-07-31 02:44:53','2025-07-31 02:44:53'),(668,47,'Anti-Aging Serum',24,21,'Powerful anti-aging serum for youthful skin',100,'https://i.pinimg.com/736x/53/cf/74/53cf749d9d63997819427e53ba5eaa1d.jpg',1,'2025-07-31 02:44:53','2025-07-31 02:44:53'),(669,47,'Boys Hoodie',15,13,'Cozy hoodie for boys, perfect for chilly days',100,'https://i.pinimg.com/736x/11/8c/0f/118c0f2076e7bd7464feb162aad7d9a6.jpg',1,'2025-07-31 02:44:53','2025-07-31 02:44:53'),(670,47,'Girls Skirt',30,27,'Fun and comfortable skirt for girls',100,'https://i.pinimg.com/736x/62/ee/1f/62ee1f726c392c68c1b0f1146e560bf1.jpg',1,'2025-07-31 02:44:53','2025-07-31 02:44:53'),(671,48,'Building Blocks Set',25.99,23,'Colorful building blocks for creativity',100,'https://i.pinimg.com/736x/d4/f0/09/d4f009d65edb5b76049be222416e1bb8.jpg',1,'2025-07-31 02:44:53','2025-07-31 02:44:53'),(672,48,'Action Figure Set',17.99,16,'A set of action figures from your favorite series',100,'https://i.pinimg.com/736x/73/80/40/73804016329ba5896e2fd7f6958a1bf5.jpg',1,'2025-07-31 02:44:53','2025-07-31 02:44:53'),(673,48,'Car Battery',102,91,'Reliable car battery for various car models',100,'https://i.pinimg.com/736x/af/f4/ad/aff4ad61e87ca8bb8119229ade599585.jpg',1,'2025-07-31 02:44:53','2025-07-31 02:44:53'),(674,48,'Brake Pads',130,117,'High-quality brake pads for optimal stopping power',100,'https://i.pinimg.com/736x/dc/c5/5d/dcc55d14bb2d3227dafe73a150b0f699.jpg',1,'2025-07-31 02:44:53','2025-07-31 02:44:53'),(675,48,'Smart LED Desk Lamp',126,113,'Adjustable LED desk lamp with smart features',100,'https://i.pinimg.com/736x/24/55/4a/24554aafc97793d4f15264a810910ee1.jpg',1,'2025-07-31 02:44:53','2025-07-31 02:44:53'),(676,48,'Pendant Light Fixture',130,117,'Stylish pendant light fixture for your home',100,'https://i.pinimg.com/736x/f9/83/d3/f983d3ebd0f8f16c074fbf661ea752c8.jpg',1,'2025-07-31 02:44:53','2025-07-31 02:44:53'),(677,48,'Multivitamin Supplements',20,18,'Daily multivitamin supplements for overall health',100,'https://i.pinimg.com/736x/10/2f/4e/102f4eb7a86cda7006294d2a0287ca8d.jpg',1,'2025-07-31 02:44:53','2025-07-31 02:44:53'),(678,48,'Yoga Mat',28,25,'Comfortable yoga mat for home or studio use',100,'https://i.pinimg.com/736x/fb/a0/cd/fba0cd73a567541a2281e17331a215a2.jpg',1,'2025-07-31 02:44:53','2025-07-31 02:44:53'),(679,48,'Mens Casual T-Shirt',42,37,'Comfortable cotton T-shirt for daily wear',100,'https://i.pinimg.com/736x/b8/a1/18/b8a118bd8d380664fa3e9e80e4595181.jpg',1,'2025-07-31 02:44:53','2025-07-31 02:44:53'),(680,48,'Mens Denim Jeans',15,13,'Classic denim jeans with a modern fit',100,'https://i.pinimg.com/736x/bb/c5/91/bbc591a3ef7d4bb17570114f17a9ea18.jpg',1,'2025-07-31 02:44:53','2025-07-31 02:44:53'),(681,48,'Shampoo & Conditioner Set',20,18,'Shampoo and conditioner set for healthy hair',100,'https://i.pinimg.com/736x/01/04/dd/0104dd626f85f260c732fc8d847bdf83.jpg',1,'2025-07-31 02:44:53','2025-07-31 02:44:53'),(682,48,'Hair Styling Gel',15,13,'Strong hold hair styling gel for all-day control',100,'https://i.pinimg.com/736x/84/ab/35/84ab35118a388b30109c9cfd2887036a.jpg',1,'2025-07-31 02:44:53','2025-07-31 02:44:53'),(683,49,'Memory Foam Mattress',251,225,'Supportive memory foam mattress for a good nights sleep',100,'https://i.pinimg.com/736x/08/5a/5b/085a5bacc170a6087e6553d0d02ee4c0.jpg',1,'2025-07-31 02:44:53','2025-07-31 02:44:53'),(684,49,'Fluffy Bath Towels',131,117,'Soft and absorbent bath towels',100,'https://i.pinimg.com/736x/50/72/07/5072079d1218058a78372d552dbe2565.jpg',1,'2025-07-31 02:44:53','2025-07-31 02:44:53'),(685,49,'Smart LED Desk Lamp',129,116,'Adjustable LED desk lamp with smart features',100,'https://i.pinimg.com/736x/24/55/4a/24554aafc97793d4f15264a810910ee1.jpg',1,'2025-07-31 02:44:53','2025-07-31 02:44:53'),(686,49,'Pendant Light Fixture',136,122,'Stylish pendant light fixture for your home',100,'https://i.pinimg.com/736x/f9/83/d3/f983d3ebd0f8f16c074fbf661ea752c8.jpg',1,'2025-07-31 02:44:53','2025-07-31 02:44:53'),(687,49,'Gold Necklace',200,180,'Elegant gold necklace for special occasions',100,'https://i.pinimg.com/736x/7c/2c/c2/7c2cc2d46f49b1b536c69b7b42c69539.jpg',1,'2025-07-31 02:44:53','2025-07-31 02:44:53'),(688,49,'Diamond Ring',260,234,'Sparkling diamond ring with a timeless design',100,'https://i.pinimg.com/736x/3a/dc/3b/3adc3bc57d71f9e8a1d53c54a0631f8b.jpg',1,'2025-07-31 02:44:53','2025-07-31 02:44:53'),(689,49,'Garden Hose',144,129,'Heavy-duty garden hose for easy watering',100,'https://i.pinimg.com/736x/e5/98/55/e59855af6f601b6cece0f5ccb291d5fd.jpg',1,'2025-07-31 02:44:53','2025-07-31 02:44:53'),(690,49,'Portable BBQ Grill',140,126,'Compact portable BBQ grill for outdoor cooking',100,'https://i.pinimg.com/736x/dc/19/01/dc1901e65479caa18d74ac0b86aa5098.jpg',1,'2025-07-31 02:44:53','2025-07-31 02:44:53'),(691,50,'Gold Necklace',245,220,'Elegant gold necklace for special occasions',100,'https://i.pinimg.com/736x/7c/2c/c2/7c2cc2d46f49b1b536c69b7b42c69539.jpg',1,'2025-07-31 02:44:53','2025-07-31 02:44:53'),(692,50,'Diamond Ring',344,309,'Sparkling diamond ring with a timeless design',100,'https://i.pinimg.com/736x/3a/dc/3b/3adc3bc57d71f9e8a1d53c54a0631f8b.jpg',1,'2025-07-31 02:44:53','2025-07-31 02:44:53'),(693,50,'Cast Iron Skillet',121,108,'Durable cast iron skillet for perfect searing',100,'https://i.pinimg.com/736x/df/6c/05/df6c050964e934b6e6f973265fc3d471.jpg',1,'2025-07-31 02:44:53','2025-07-31 02:44:53'),(694,50,'Stainless Steel Cookware Set',87,78,'Premium stainless steel cookware set for your kitchen',100,'https://i.pinimg.com/736x/35/d3/96/35d396fd462dcf9c9a422340a8a0fa19.jpg',1,'2025-07-31 02:44:53','2025-07-31 02:44:53'),(695,50,'Smart LED Desk Lamp',86,77,'Adjustable LED desk lamp with smart features',100,'https://i.pinimg.com/736x/24/55/4a/24554aafc97793d4f15264a810910ee1.jpg',1,'2025-07-31 02:44:53','2025-07-31 02:44:53'),(696,50,'Pendant Light Fixture',112,100,'Stylish pendant light fixture for your home',100,'https://i.pinimg.com/736x/f9/83/d3/f983d3ebd0f8f16c074fbf661ea752c8.jpg',1,'2025-07-31 02:44:53','2025-07-31 02:44:53'),(697,50,'Shampoo & Conditioner Set',28,25,'Shampoo and conditioner set for healthy hair',100,'https://i.pinimg.com/736x/01/04/dd/0104dd626f85f260c732fc8d847bdf83.jpg',1,'2025-07-31 02:44:53','2025-07-31 02:44:53'),(698,50,'Hair Styling Gel',22,19,'Strong hold hair styling gel for all-day control',100,'https://i.pinimg.com/736x/84/ab/35/84ab35118a388b30109c9cfd2887036a.jpg',1,'2025-07-31 02:44:53','2025-07-31 02:44:53'),(699,50,'Moisturizing Cream',99,89,'Rich moisturizing cream for daily hydration',100,'https://i.pinimg.com/736x/2a/22/8b/2a228b3a0b8b3d8497b6154f9c26ffab.jpg',1,'2025-07-31 02:44:53','2025-07-31 02:44:53'),(700,50,'Anti-Aging Serum',98,88,'Powerful anti-aging serum for youthful skin',100,'https://i.pinimg.com/736x/53/cf/74/53cf749d9d63997819427e53ba5eaa1d.jpg',1,'2025-07-31 02:44:53','2025-07-31 02:44:53'),(701,1,'The Great Gatsby',17,15,'A classic novel by F. Scott Fitzgerald',100,'https://i.pinimg.com/736x/df/2e/8c/df2e8ce5632552806a6740bffbbfa2ca.jpg',1,'2025-07-31 02:45:19','2025-07-31 02:45:19'),(702,1,'1984',22,19,'A dystopian novel by George Orwell',100,'https://i.pinimg.com/736x/43/75/b7/4375b7d9bf24b88aa53744b417227485.jpg',1,'2025-07-31 02:45:19','2025-07-31 02:45:19'),(703,1,'The Last of Us Part II',67,60,'Highly acclaimed action-adventure game',100,'https://i.pinimg.com/736x/9b/54/f3/9b54f3e9888bc301112db47cfe1ed3ea.jpg',1,'2025-07-31 02:45:19','2025-07-31 02:45:19'),(704,1,'Cyberpunk 2077',46,41,'Open-world RPG with futuristic action and storytelling',100,'https://i.pinimg.com/736x/14/c8/96/14c896e0730044e222018d65a338eab5.jpg',1,'2025-07-31 02:45:19','2025-07-31 02:45:19'),(705,1,'Sony WH-1000XM4',274,246,'Industry-leading noise cancellation and sound quality',100,'https://i.pinimg.com/736x/c3/8f/ab/c38fabd0168efa39bf9f86ccbf6b881e.jpg',1,'2025-07-31 02:45:19','2025-07-31 02:45:19'),(706,1,'Bose QuietComfort 35 II',387,348,'Comfortable and high-quality noise-canceling headphones',100,'https://i.pinimg.com/736x/20/38/29/20382909d1d4f14f517f0ac347706526.jpg',1,'2025-07-31 02:45:19','2025-07-31 02:45:19'),(707,1,'Apple Watch Series 7',357,321,'Smartwatch with advanced health tracking features',100,'https://i.pinimg.com/736x/61/e9/ff/61e9ffac91f05bb610c6c774f17c7177.jpg',0,'2025-07-31 02:45:19','2025-08-03 20:39:15'),(708,1,'Samsung Galaxy Watch 4',372,334,'Feature-packed smartwatch with fitness tracking',100,'https://i.pinimg.com/736x/04/70/61/047061338a6a0b9e0367349618748220.jpg',0,'2025-07-31 02:45:19','2025-08-03 20:39:15'),(709,2,'Canon EOS R5',3449,3104,'Mirrorless camera with 8K video and high resolution',100,'https://i.pinimg.com/736x/be/db/a6/bedba68744108caff81981ed77b95980.jpg',1,'2025-07-31 02:45:19','2025-07-31 02:45:19'),(710,2,'Nikon Z6',2962,2665,'Full-frame mirrorless camera with excellent image quality',100,'https://i.pinimg.com/736x/d2/86/de/d286de153cf4f6c9ce437780aedc5ab3.jpg',1,'2025-07-31 02:45:19','2025-07-31 02:45:19'),(711,3,'Smartphone',1143,1028,'Latest smartphone with advanced features',100,'https://i.pinimg.com/736x/cc/3d/3b/cc3d3bb74f67dc4849f866a0d44556fe.jpg',1,'2025-07-31 02:45:19','2025-07-31 02:45:19'),(712,3,'Laptop',1175,1057,'High-performance laptop for gaming and work',100,'https://i.pinimg.com/736x/f9/8c/a9/f98ca9da93b47c49744f8ad183785bb9.jpg',1,'2025-07-31 02:45:19','2025-07-31 02:45:19'),(713,3,'The Last of Us Part II',42,37,'Highly acclaimed action-adventure game',100,'https://i.pinimg.com/736x/9b/54/f3/9b54f3e9888bc301112db47cfe1ed3ea.jpg',1,'2025-07-31 02:45:19','2025-07-31 02:45:19'),(714,3,'Cyberpunk 2077',44,39,'Open-world RPG with futuristic action and storytelling',100,'https://i.pinimg.com/736x/14/c8/96/14c896e0730044e222018d65a338eab5.jpg',1,'2025-07-31 02:45:19','2025-07-31 02:45:19'),(715,3,'iPhone 12',1063,956,'Latest model with cutting-edge features',100,'https://i.pinimg.com/736x/33/9d/0f/339d0fc5bbf9dfc9ae2d7539afcc9911.jpg',1,'2025-07-31 02:45:19','2025-07-31 02:45:19'),(716,3,'Samsung Galaxy S21',865,778,'Flagship smartphone from Samsung',100,'https://i.pinimg.com/736x/3f/58/63/3f58630ea9fbed01954d24b7b574f60a.jpg',1,'2025-07-31 02:45:19','2025-07-31 02:45:19'),(717,4,'Sony WH-1000XM4',365,328,'Industry-leading noise cancellation and sound quality',100,'https://i.pinimg.com/736x/c3/8f/ab/c38fabd0168efa39bf9f86ccbf6b881e.jpg',1,'2025-07-31 02:45:19','2025-07-31 02:45:19'),(718,4,'Bose QuietComfort 35 II',313,281,'Comfortable and high-quality noise-canceling headphones',100,'https://i.pinimg.com/736x/20/38/29/20382909d1d4f14f517f0ac347706526.jpg',1,'2025-07-31 02:45:19','2025-07-31 02:45:19'),(719,4,'Dell XPS 13',2487,2238,'Powerful laptop with a compact design',100,'https://i.pinimg.com/736x/d4/d0/e6/d4d0e68e30117fe5e1c3f200ed04db5d.jpg',1,'2025-07-31 02:45:19','2025-07-31 02:45:19'),(720,4,'MacBook Pro 16',2333,2099,'High-performance laptop for professionals and creatives',100,'https://i.pinimg.com/736x/12/3e/f6/123ef687e4fa6f6c9fe9c22df36045fc.jpg',1,'2025-07-31 02:45:19','2025-07-31 02:45:19'),(721,4,'Samsung QLED 65\"',1906,1715,'Ultra-high-definition 4K QLED TV',100,'https://i.pinimg.com/736x/31/f2/3d/31f23dc3c6cec10b31702b23707c04b9.jpg',1,'2025-07-31 02:45:19','2025-07-31 02:45:19'),(722,4,'LG OLED 55\"',673,605,'Stunning 4K OLED TV with perfect black levels',100,'https://i.pinimg.com/736x/c6/d6/d0/c6d6d07259aeffe54ecb27dfac5f90e8.jpg',1,'2025-07-31 02:45:19','2025-07-31 02:45:19'),(723,4,'The Last of Us Part II',50,45,'Highly acclaimed action-adventure game',100,'https://i.pinimg.com/736x/9b/54/f3/9b54f3e9888bc301112db47cfe1ed3ea.jpg',1,'2025-07-31 02:45:19','2025-07-31 02:45:19'),(724,4,'Cyberpunk 2077',64,57,'Open-world RPG with futuristic action and storytelling',100,'https://i.pinimg.com/736x/14/c8/96/14c896e0730044e222018d65a338eab5.jpg',1,'2025-07-31 02:45:19','2025-07-31 02:45:19'),(725,5,'Pilot G2 Gel Pens',7,6,'Smooth gel pens for everyday writing',100,'https://i.pinimg.com/736x/58/34/4c/58344c50b50d42814718380a6e14aa83.jpg',1,'2025-07-31 02:45:19','2025-07-31 02:45:19'),(726,5,'Moleskine Classic Notebook',5,4,'Premium notebook for journaling and note-taking',100,'https://i.pinimg.com/736x/69/d2/d1/69d2d1249fa17cdc37eebabb146c9d71.jpg',1,'2025-07-31 02:45:19','2025-07-31 02:45:19'),(727,5,'Smartphone',1582,1423,'Latest smartphone with advanced features',100,'https://i.pinimg.com/736x/cc/3d/3b/cc3d3bb74f67dc4849f866a0d44556fe.jpg',1,'2025-07-31 02:45:19','2025-07-31 02:45:19'),(728,5,'Laptop',1430,1287,'High-performance laptop for gaming and work',100,'https://i.pinimg.com/736x/f9/8c/a9/f98ca9da93b47c49744f8ad183785bb9.jpg',1,'2025-07-31 02:45:19','2025-07-31 02:45:19'),(729,6,'Smartphone',1276,1148,'Latest smartphone with advanced features',100,'https://i.pinimg.com/736x/cc/3d/3b/cc3d3bb74f67dc4849f866a0d44556fe.jpg',1,'2025-07-31 02:45:19','2025-07-31 02:45:19'),(730,6,'Laptop',1514,1362,'High-performance laptop for gaming and work',100,'https://i.pinimg.com/736x/f9/8c/a9/f98ca9da93b47c49744f8ad183785bb9.jpg',1,'2025-07-31 02:45:19','2025-07-31 02:45:19'),(731,6,'Apple Watch Series 7',387,348,'Smartwatch with advanced health tracking features',100,'https://i.pinimg.com/736x/61/e9/ff/61e9ffac91f05bb610c6c774f17c7177.jpg',1,'2025-07-31 02:45:19','2025-07-31 02:45:19'),(732,6,'Samsung Galaxy Watch 4',443,398,'Feature-packed smartwatch with fitness tracking',100,'https://i.pinimg.com/736x/04/70/61/047061338a6a0b9e0367349618748220.jpg',1,'2025-07-31 02:45:19','2025-07-31 02:45:19'),(733,6,'iPhone 12',1134,1020,'Latest model with cutting-edge features',100,'https://i.pinimg.com/736x/33/9d/0f/339d0fc5bbf9dfc9ae2d7539afcc9911.jpg',1,'2025-07-31 02:45:19','2025-07-31 02:45:19'),(734,6,'Samsung Galaxy S21',1146,1031,'Flagship smartphone from Samsung',100,'https://i.pinimg.com/736x/3f/58/63/3f58630ea9fbed01954d24b7b574f60a.jpg',1,'2025-07-31 02:45:19','2025-07-31 02:45:19'),(735,6,'Samsung QLED 65\"',1632,1468,'Ultra-high-definition 4K QLED TV',100,'https://i.pinimg.com/736x/31/f2/3d/31f23dc3c6cec10b31702b23707c04b9.jpg',1,'2025-07-31 02:45:19','2025-07-31 02:45:19'),(736,6,'LG OLED 55\"',1881,1692,'Stunning 4K OLED TV with perfect black levels',100,'https://i.pinimg.com/736x/c6/d6/d0/c6d6d07259aeffe54ecb27dfac5f90e8.jpg',1,'2025-07-31 02:45:19','2025-07-31 02:45:19'),(737,7,'Decorative Throw Pillow',82,73,'Soft and stylish throw pillow for your living room',100,'https://i.pinimg.com/736x/47/c5/0b/47c50b1114ba4c2c5c99117a3608ee4a.jpg',1,'2025-07-31 02:45:19','2025-07-31 02:45:19'),(738,7,'Framed Wall Art',27,24,'Premium framed wall art for any space',100,'https://i.pinimg.com/736x/1d/ec/f3/1decf39e58d8f957b8fc7d3f3ac9ee1e.jpg',1,'2025-07-31 02:45:19','2025-07-31 02:45:19'),(739,7,'iPad Pro 12.9',832,748,'Large tablet with stunning display and power',100,'https://i.pinimg.com/736x/31/49/9c/31499c290c0debf619289c68911f975d.jpg',1,'2025-07-31 02:45:19','2025-07-31 02:45:19'),(740,7,'Samsung Galaxy Tab S7',604,543,'Premium tablet for work and play',100,'https://i.pinimg.com/736x/d5/4f/8e/d54f8ed669e71e44f5b7aa13fb04567a.jpg',1,'2025-07-31 02:45:19','2025-07-31 02:45:19'),(741,7,'Canon EOS R5',1970,1773,'Mirrorless camera with 8K video and high resolution',100,'https://i.pinimg.com/736x/be/db/a6/bedba68744108caff81981ed77b95980.jpg',1,'2025-07-31 02:45:19','2025-07-31 02:45:19'),(742,7,'Nikon Z6',2764,2487,'Full-frame mirrorless camera with excellent image quality',100,'https://i.pinimg.com/736x/d2/86/de/d286de153cf4f6c9ce437780aedc5ab3.jpg',1,'2025-07-31 02:45:19','2025-07-31 02:45:19'),(743,7,'Pilot G2 Gel Pens',11,9,'Smooth gel pens for everyday writing',100,'https://i.pinimg.com/736x/58/34/4c/58344c50b50d42814718380a6e14aa83.jpg',1,'2025-07-31 02:45:19','2025-07-31 02:45:19'),(744,7,'Moleskine Classic Notebook',7,6,'Premium notebook for journaling and note-taking',100,'https://i.pinimg.com/736x/69/d2/d1/69d2d1249fa17cdc37eebabb146c9d71.jpg',1,'2025-07-31 02:45:19','2025-07-31 02:45:19'),(745,7,'The Great Gatsby',13,11,'A classic novel by F. Scott Fitzgerald',100,'https://i.pinimg.com/736x/df/2e/8c/df2e8ce5632552806a6740bffbbfa2ca.jpg',1,'2025-07-31 02:45:19','2025-07-31 02:45:19'),(746,7,'1984',10,9,'A dystopian novel by George Orwell',100,'https://i.pinimg.com/736x/43/75/b7/4375b7d9bf24b88aa53744b417227485.jpg',1,'2025-07-31 02:45:19','2025-07-31 02:45:19'),(747,7,'Dell XPS 13',1329,1196,'Powerful laptop with a compact design',100,'https://i.pinimg.com/736x/d4/d0/e6/d4d0e68e30117fe5e1c3f200ed04db5d.jpg',1,'2025-07-31 02:45:19','2025-07-31 02:45:19'),(748,7,'MacBook Pro 16',896,806,'High-performance laptop for professionals and creatives',100,'https://i.pinimg.com/736x/12/3e/f6/123ef687e4fa6f6c9fe9c22df36045fc.jpg',1,'2025-07-31 02:45:19','2025-07-31 02:45:19'),(749,8,'Apple Watch Series 7',467,420,'Smartwatch with advanced health tracking features',100,'https://i.pinimg.com/736x/61/e9/ff/61e9ffac91f05bb610c6c774f17c7177.jpg',1,'2025-07-31 02:45:19','2025-07-31 02:45:19'),(750,8,'Samsung Galaxy Watch 4',470,423,'Feature-packed smartwatch with fitness tracking',100,'https://i.pinimg.com/736x/04/70/61/047061338a6a0b9e0367349618748220.jpg',1,'2025-07-31 02:45:19','2025-07-31 02:45:19'),(751,8,'The Great Gatsby',10,9,'A classic novel by F. Scott Fitzgerald',100,'https://i.pinimg.com/736x/df/2e/8c/df2e8ce5632552806a6740bffbbfa2ca.jpg',1,'2025-07-31 02:45:19','2025-07-31 02:45:19'),(752,8,'1984',12,10,'A dystopian novel by George Orwell',100,'https://i.pinimg.com/736x/43/75/b7/4375b7d9bf24b88aa53744b417227485.jpg',1,'2025-07-31 02:45:19','2025-07-31 02:45:19'),(753,8,'Pilot G2 Gel Pens',13,11,'Smooth gel pens for everyday writing',100,'https://i.pinimg.com/736x/58/34/4c/58344c50b50d42814718380a6e14aa83.jpg',1,'2025-07-31 02:45:19','2025-07-31 02:45:19'),(754,8,'Moleskine Classic Notebook',18,16,'Premium notebook for journaling and note-taking',100,'https://i.pinimg.com/736x/69/d2/d1/69d2d1249fa17cdc37eebabb146c9d71.jpg',1,'2025-07-31 02:45:19','2025-07-31 02:45:19'),(755,9,'Canon EOS R5',3330,2997,'Mirrorless camera with 8K video and high resolution',100,'https://i.pinimg.com/736x/be/db/a6/bedba68744108caff81981ed77b95980.jpg',1,'2025-07-31 02:45:19','2025-07-31 02:45:19'),(756,9,'Nikon Z6',2910,2619,'Full-frame mirrorless camera with excellent image quality',100,'https://i.pinimg.com/736x/d2/86/de/d286de153cf4f6c9ce437780aedc5ab3.jpg',1,'2025-07-31 02:45:19','2025-07-31 02:45:19'),(757,9,'iPad Pro 12.9',620,558,'Large tablet with stunning display and power',100,'https://i.pinimg.com/736x/31/49/9c/31499c290c0debf619289c68911f975d.jpg',1,'2025-07-31 02:45:19','2025-07-31 02:45:19'),(758,9,'Samsung Galaxy Tab S7',1111,999,'Premium tablet for work and play',100,'https://i.pinimg.com/736x/d5/4f/8e/d54f8ed669e71e44f5b7aa13fb04567a.jpg',1,'2025-07-31 02:45:19','2025-07-31 02:45:19'),(759,9,'Pilot G2 Gel Pens',10,9,'Smooth gel pens for everyday writing',100,'https://i.pinimg.com/736x/58/34/4c/58344c50b50d42814718380a6e14aa83.jpg',1,'2025-07-31 02:45:19','2025-07-31 02:45:19'),(760,9,'Moleskine Classic Notebook',12,10,'Premium notebook for journaling and note-taking',100,'https://i.pinimg.com/736x/69/d2/d1/69d2d1249fa17cdc37eebabb146c9d71.jpg',1,'2025-07-31 02:45:19','2025-07-31 02:45:19'),(761,9,'Sony WH-1000XM4',284,255,'Industry-leading noise cancellation and sound quality',100,'https://i.pinimg.com/736x/c3/8f/ab/c38fabd0168efa39bf9f86ccbf6b881e.jpg',1,'2025-07-31 02:45:19','2025-07-31 02:45:19'),(762,9,'Bose QuietComfort 35 II',384,345,'Comfortable and high-quality noise-canceling headphones',100,'https://i.pinimg.com/736x/20/38/29/20382909d1d4f14f517f0ac347706526.jpg',1,'2025-07-31 02:45:19','2025-07-31 02:45:19'),(763,10,'iPhone 12',1180,1062,'Latest model with cutting-edge features',100,'https://i.pinimg.com/736x/33/9d/0f/339d0fc5bbf9dfc9ae2d7539afcc9911.jpg',1,'2025-07-31 02:45:19','2025-07-31 02:45:19'),(764,10,'Samsung Galaxy S21',1050,945,'Flagship smartphone from Samsung',100,'https://i.pinimg.com/736x/3f/58/63/3f58630ea9fbed01954d24b7b574f60a.jpg',1,'2025-07-31 02:45:19','2025-07-31 02:45:19'),(765,10,'Decorative Throw Pillow',55,49,'Soft and stylish throw pillow for your living room',100,'https://i.pinimg.com/736x/47/c5/0b/47c50b1114ba4c2c5c99117a3608ee4a.jpg',1,'2025-07-31 02:45:19','2025-07-31 02:45:19'),(766,10,'Framed Wall Art',39,35,'Premium framed wall art for any space',100,'https://i.pinimg.com/736x/1d/ec/f3/1decf39e58d8f957b8fc7d3f3ac9ee1e.jpg',1,'2025-07-31 02:45:19','2025-07-31 02:45:19'),(767,11,'Smartphone',1381,1242,'Latest smartphone with advanced features',100,'https://i.pinimg.com/736x/cc/3d/3b/cc3d3bb74f67dc4849f866a0d44556fe.jpg',1,'2025-07-31 02:45:19','2025-07-31 02:45:19'),(768,11,'Laptop',1827,1644,'High-performance laptop for gaming and work',100,'https://i.pinimg.com/736x/f9/8c/a9/f98ca9da93b47c49744f8ad183785bb9.jpg',1,'2025-07-31 02:45:19','2025-07-31 02:45:19'),(769,11,'Samsung QLED 65\"',832,748,'Ultra-high-definition 4K QLED TV',100,'https://i.pinimg.com/736x/31/f2/3d/31f23dc3c6cec10b31702b23707c04b9.jpg',1,'2025-07-31 02:45:19','2025-07-31 02:45:19'),(770,11,'LG OLED 55\"',2326,2093,'Stunning 4K OLED TV with perfect black levels',100,'https://i.pinimg.com/736x/c6/d6/d0/c6d6d07259aeffe54ecb27dfac5f90e8.jpg',1,'2025-07-31 02:45:19','2025-07-31 02:45:19'),(771,11,'Decorative Throw Pillow',97,87,'Soft and stylish throw pillow for your living room',100,'https://i.pinimg.com/736x/47/c5/0b/47c50b1114ba4c2c5c99117a3608ee4a.jpg',1,'2025-07-31 02:45:19','2025-07-31 02:45:19'),(772,11,'Framed Wall Art',70,63,'Premium framed wall art for any space',100,'https://i.pinimg.com/736x/1d/ec/f3/1decf39e58d8f957b8fc7d3f3ac9ee1e.jpg',1,'2025-07-31 02:45:19','2025-07-31 02:45:19'),(773,12,'Samsung QLED 65\"',1747,1572,'Ultra-high-definition 4K QLED TV',100,'https://i.pinimg.com/736x/31/f2/3d/31f23dc3c6cec10b31702b23707c04b9.jpg',1,'2025-07-31 02:45:19','2025-07-31 02:45:19'),(774,12,'LG OLED 55\"',1668,1501,'Stunning 4K OLED TV with perfect black levels',100,'https://i.pinimg.com/736x/c6/d6/d0/c6d6d07259aeffe54ecb27dfac5f90e8.jpg',1,'2025-07-31 02:45:19','2025-07-31 02:45:19'),(775,12,'Smartphone',1973,1775,'Latest smartphone with advanced features',100,'https://i.pinimg.com/736x/cc/3d/3b/cc3d3bb74f67dc4849f866a0d44556fe.jpg',1,'2025-07-31 02:45:19','2025-07-31 02:45:19'),(776,12,'Laptop',1655,1489,'High-performance laptop for gaming and work',100,'https://i.pinimg.com/736x/f9/8c/a9/f98ca9da93b47c49744f8ad183785bb9.jpg',1,'2025-07-31 02:45:19','2025-07-31 02:45:19'),(777,13,'Samsung QLED 65\"',2278,2050,'Ultra-high-definition 4K QLED TV',100,'https://i.pinimg.com/736x/31/f2/3d/31f23dc3c6cec10b31702b23707c04b9.jpg',1,'2025-07-31 02:45:19','2025-07-31 02:45:19'),(778,13,'LG OLED 55\"',1259,1133,'Stunning 4K OLED TV with perfect black levels',100,'https://i.pinimg.com/736x/c6/d6/d0/c6d6d07259aeffe54ecb27dfac5f90e8.jpg',1,'2025-07-31 02:45:19','2025-07-31 02:45:19'),(779,13,'The Last of Us Part II',61,54,'Highly acclaimed action-adventure game',100,'https://i.pinimg.com/736x/9b/54/f3/9b54f3e9888bc301112db47cfe1ed3ea.jpg',1,'2025-07-31 02:45:19','2025-07-31 02:45:19'),(780,13,'Cyberpunk 2077',62,55,'Open-world RPG with futuristic action and storytelling',100,'https://i.pinimg.com/736x/14/c8/96/14c896e0730044e222018d65a338eab5.jpg',1,'2025-07-31 02:45:19','2025-07-31 02:45:19'),(781,14,'iPad Pro 12.9',708,637,'Large tablet with stunning display and power',100,'https://i.pinimg.com/736x/31/49/9c/31499c290c0debf619289c68911f975d.jpg',1,'2025-07-31 02:45:19','2025-07-31 02:45:19'),(782,14,'Samsung Galaxy Tab S7',1126,1013,'Premium tablet for work and play',100,'https://i.pinimg.com/736x/d5/4f/8e/d54f8ed669e71e44f5b7aa13fb04567a.jpg',1,'2025-07-31 02:45:19','2025-07-31 02:45:19'),(783,14,'Dell XPS 13',2430,2187,'Powerful laptop with a compact design',100,'https://i.pinimg.com/736x/d4/d0/e6/d4d0e68e30117fe5e1c3f200ed04db5d.jpg',1,'2025-07-31 02:45:19','2025-07-31 02:45:19'),(784,14,'MacBook Pro 16',1330,1197,'High-performance laptop for professionals and creatives',100,'https://i.pinimg.com/736x/12/3e/f6/123ef687e4fa6f6c9fe9c22df36045fc.jpg',1,'2025-07-31 02:45:19','2025-07-31 02:45:19'),(785,14,'PlayStation 5',508,457,'Next-gen gaming console with lightning-fast load times',100,'https://i.pinimg.com/736x/dc/2c/12/dc2c120ece4867837d63c1808f20ca6b.jpg',1,'2025-07-31 02:45:19','2025-07-31 02:45:19'),(786,14,'Xbox Series X',649,584,'Powerful console for the ultimate gaming experience',100,'https://i.pinimg.com/736x/ae/4c/bf/ae4cbf8ed798e2f1520541e2e80593f9.jpg',1,'2025-07-31 02:45:19','2025-07-31 02:45:19'),(787,15,'Pilot G2 Gel Pens',10,9,'Smooth gel pens for everyday writing',100,'https://i.pinimg.com/736x/58/34/4c/58344c50b50d42814718380a6e14aa83.jpg',1,'2025-07-31 02:45:19','2025-07-31 02:45:19'),(788,15,'Moleskine Classic Notebook',11,9,'Premium notebook for journaling and note-taking',100,'https://i.pinimg.com/736x/69/d2/d1/69d2d1249fa17cdc37eebabb146c9d71.jpg',1,'2025-07-31 02:45:19','2025-07-31 02:45:19'),(789,15,'PlayStation 5',616,554,'Next-gen gaming console with lightning-fast load times',100,'https://i.pinimg.com/736x/dc/2c/12/dc2c120ece4867837d63c1808f20ca6b.jpg',1,'2025-07-31 02:45:19','2025-07-31 02:45:19'),(790,15,'Xbox Series X',615,553,'Powerful console for the ultimate gaming experience',100,'https://i.pinimg.com/736x/ae/4c/bf/ae4cbf8ed798e2f1520541e2e80593f9.jpg',1,'2025-07-31 02:45:19','2025-07-31 02:45:19'),(791,15,'The Last of Us Part II',70,63,'Highly acclaimed action-adventure game',100,'https://i.pinimg.com/736x/9b/54/f3/9b54f3e9888bc301112db47cfe1ed3ea.jpg',1,'2025-07-31 02:45:19','2025-07-31 02:45:19'),(792,15,'Cyberpunk 2077',64,57,'Open-world RPG with futuristic action and storytelling',100,'https://i.pinimg.com/736x/14/c8/96/14c896e0730044e222018d65a338eab5.jpg',1,'2025-07-31 02:45:19','2025-07-31 02:45:19'),(793,16,'iPhone 12',875,787,'Latest model with cutting-edge features',100,'https://i.pinimg.com/736x/33/9d/0f/339d0fc5bbf9dfc9ae2d7539afcc9911.jpg',1,'2025-07-31 02:45:19','2025-07-31 02:45:19'),(794,16,'Samsung Galaxy S21',887,798,'Flagship smartphone from Samsung',100,'https://i.pinimg.com/736x/3f/58/63/3f58630ea9fbed01954d24b7b574f60a.jpg',1,'2025-07-31 02:45:19','2025-07-31 02:45:19'),(795,16,'iPad Pro 12.9',1084,975,'Large tablet with stunning display and power',100,'https://i.pinimg.com/736x/31/49/9c/31499c290c0debf619289c68911f975d.jpg',1,'2025-07-31 02:45:19','2025-07-31 02:45:19'),(796,16,'Samsung Galaxy Tab S7',738,664,'Premium tablet for work and play',100,'https://i.pinimg.com/736x/d5/4f/8e/d54f8ed669e71e44f5b7aa13fb04567a.jpg',1,'2025-07-31 02:45:19','2025-07-31 02:45:19'),(797,17,'iPad Pro 12.9',707,636,'Large tablet with stunning display and power',100,'https://i.pinimg.com/736x/31/49/9c/31499c290c0debf619289c68911f975d.jpg',1,'2025-07-31 02:45:19','2025-07-31 02:45:19'),(798,17,'Samsung Galaxy Tab S7',1064,957,'Premium tablet for work and play',100,'https://i.pinimg.com/736x/d5/4f/8e/d54f8ed669e71e44f5b7aa13fb04567a.jpg',1,'2025-07-31 02:45:19','2025-07-31 02:45:19'),(799,17,'Smartphone',716,644,'Latest smartphone with advanced features',100,'https://i.pinimg.com/736x/cc/3d/3b/cc3d3bb74f67dc4849f866a0d44556fe.jpg',1,'2025-07-31 02:45:19','2025-07-31 02:45:19'),(800,17,'Laptop',735,661,'High-performance laptop for gaming and work',100,'https://i.pinimg.com/736x/f9/8c/a9/f98ca9da93b47c49744f8ad183785bb9.jpg',1,'2025-07-31 02:45:19','2025-07-31 02:45:19'),(801,17,'The Great Gatsby',22,19,'A classic novel by F. Scott Fitzgerald',100,'https://i.pinimg.com/736x/df/2e/8c/df2e8ce5632552806a6740bffbbfa2ca.jpg',1,'2025-07-31 02:45:19','2025-07-31 02:45:19'),(802,17,'1984',20,18,'A dystopian novel by George Orwell',100,'https://i.pinimg.com/736x/43/75/b7/4375b7d9bf24b88aa53744b417227485.jpg',1,'2025-07-31 02:45:19','2025-07-31 02:45:19'),(803,18,'Smartphone',559,503,'Latest smartphone with advanced features',100,'https://i.pinimg.com/736x/cc/3d/3b/cc3d3bb74f67dc4849f866a0d44556fe.jpg',1,'2025-07-31 02:45:19','2025-07-31 02:45:19'),(804,18,'Laptop',1522,1369,'High-performance laptop for gaming and work',100,'https://i.pinimg.com/736x/f9/8c/a9/f98ca9da93b47c49744f8ad183785bb9.jpg',1,'2025-07-31 02:45:19','2025-07-31 02:45:19'),(805,18,'Decorative Throw Pillow',91,81,'Soft and stylish throw pillow for your living room',100,'https://i.pinimg.com/736x/47/c5/0b/47c50b1114ba4c2c5c99117a3608ee4a.jpg',1,'2025-07-31 02:45:19','2025-07-31 02:45:19'),(806,18,'Framed Wall Art',59,53,'Premium framed wall art for any space',100,'https://i.pinimg.com/736x/1d/ec/f3/1decf39e58d8f957b8fc7d3f3ac9ee1e.jpg',1,'2025-07-31 02:45:19','2025-07-31 02:45:19'),(807,18,'iPhone 12',783,704,'Latest model with cutting-edge features',100,'https://i.pinimg.com/736x/33/9d/0f/339d0fc5bbf9dfc9ae2d7539afcc9911.jpg',1,'2025-07-31 02:45:19','2025-07-31 02:45:19'),(808,18,'Samsung Galaxy S21',884,795,'Flagship smartphone from Samsung',100,'https://i.pinimg.com/736x/3f/58/63/3f58630ea9fbed01954d24b7b574f60a.jpg',1,'2025-07-31 02:45:19','2025-07-31 02:45:19'),(809,20,'Apple Watch Series 7',494,444,'Smartwatch with advanced health tracking features',100,'https://i.pinimg.com/736x/61/e9/ff/61e9ffac91f05bb610c6c774f17c7177.jpg',1,'2025-07-31 02:45:19','2025-07-31 02:45:19'),(810,20,'Samsung Galaxy Watch 4',430,387,'Feature-packed smartwatch with fitness tracking',100,'https://i.pinimg.com/736x/04/70/61/047061338a6a0b9e0367349618748220.jpg',1,'2025-07-31 02:45:19','2025-07-31 02:45:19'),(811,20,'Smartphone',1026,923,'Latest smartphone with advanced features',100,'https://i.pinimg.com/736x/cc/3d/3b/cc3d3bb74f67dc4849f866a0d44556fe.jpg',1,'2025-07-31 02:45:19','2025-07-31 02:45:19'),(812,20,'Laptop',1376,1238,'High-performance laptop for gaming and work',100,'https://i.pinimg.com/736x/f9/8c/a9/f98ca9da93b47c49744f8ad183785bb9.jpg',1,'2025-07-31 02:45:19','2025-07-31 02:45:19'),(813,20,'PlayStation 5',733,659,'Next-gen gaming console with lightning-fast load times',100,'https://i.pinimg.com/736x/dc/2c/12/dc2c120ece4867837d63c1808f20ca6b.jpg',1,'2025-07-31 02:45:19','2025-07-31 02:45:19'),(814,20,'Xbox Series X',741,666,'Powerful console for the ultimate gaming experience',100,'https://i.pinimg.com/736x/ae/4c/bf/ae4cbf8ed798e2f1520541e2e80593f9.jpg',1,'2025-07-31 02:45:19','2025-07-31 02:45:19'),(815,20,'Samsung QLED 65\"',1422,1279,'Ultra-high-definition 4K QLED TV',100,'https://i.pinimg.com/736x/31/f2/3d/31f23dc3c6cec10b31702b23707c04b9.jpg',1,'2025-07-31 02:45:19','2025-07-31 02:45:19'),(816,20,'LG OLED 55\"',1602,1441,'Stunning 4K OLED TV with perfect black levels',100,'https://i.pinimg.com/736x/c6/d6/d0/c6d6d07259aeffe54ecb27dfac5f90e8.jpg',1,'2025-07-31 02:45:19','2025-07-31 02:45:19'),(817,20,'Dell XPS 13',851,765,'Powerful laptop with a compact design',100,'https://i.pinimg.com/736x/d4/d0/e6/d4d0e68e30117fe5e1c3f200ed04db5d.jpg',1,'2025-07-31 02:45:19','2025-07-31 02:45:19'),(818,20,'MacBook Pro 16',2255,2029,'High-performance laptop for professionals and creatives',100,'https://i.pinimg.com/736x/12/3e/f6/123ef687e4fa6f6c9fe9c22df36045fc.jpg',1,'2025-07-31 02:45:19','2025-07-31 02:45:19'),(819,21,'iPhone 12',1030,927,'Latest model with cutting-edge features',100,'https://i.pinimg.com/736x/33/9d/0f/339d0fc5bbf9dfc9ae2d7539afcc9911.jpg',1,'2025-07-31 02:45:19','2025-07-31 02:45:19'),(820,21,'Samsung Galaxy S21',1016,914,'Flagship smartphone from Samsung',100,'https://i.pinimg.com/736x/3f/58/63/3f58630ea9fbed01954d24b7b574f60a.jpg',1,'2025-07-31 02:45:19','2025-07-31 02:45:19'),(821,21,'Smartphone',1953,1757,'Latest smartphone with advanced features',100,'https://i.pinimg.com/736x/cc/3d/3b/cc3d3bb74f67dc4849f866a0d44556fe.jpg',1,'2025-07-31 02:45:19','2025-07-31 02:45:19'),(822,21,'Laptop',1690,1521,'High-performance laptop for gaming and work',100,'https://i.pinimg.com/736x/f9/8c/a9/f98ca9da93b47c49744f8ad183785bb9.jpg',1,'2025-07-31 02:45:19','2025-07-31 02:45:19'),(823,21,'Apple Watch Series 7',458,412,'Smartwatch with advanced health tracking features',100,'https://i.pinimg.com/736x/61/e9/ff/61e9ffac91f05bb610c6c774f17c7177.jpg',1,'2025-07-31 02:45:19','2025-07-31 02:45:19'),(824,21,'Samsung Galaxy Watch 4',380,342,'Feature-packed smartwatch with fitness tracking',100,'https://i.pinimg.com/736x/04/70/61/047061338a6a0b9e0367349618748220.jpg',1,'2025-07-31 02:45:19','2025-07-31 02:45:19'),(825,22,'Dell XPS 13',2425,2182,'Powerful laptop with a compact design',100,'https://i.pinimg.com/736x/d4/d0/e6/d4d0e68e30117fe5e1c3f200ed04db5d.jpg',1,'2025-07-31 02:45:19','2025-07-31 02:45:19'),(826,22,'MacBook Pro 16',1147,1032,'High-performance laptop for professionals and creatives',100,'https://i.pinimg.com/736x/12/3e/f6/123ef687e4fa6f6c9fe9c22df36045fc.jpg',1,'2025-07-31 02:45:19','2025-07-31 02:45:19'),(827,22,'Pilot G2 Gel Pens',20,18,'Smooth gel pens for everyday writing',100,'https://i.pinimg.com/736x/58/34/4c/58344c50b50d42814718380a6e14aa83.jpg',1,'2025-07-31 02:45:19','2025-07-31 02:45:19'),(828,22,'Moleskine Classic Notebook',7,6,'Premium notebook for journaling and note-taking',100,'https://i.pinimg.com/736x/69/d2/d1/69d2d1249fa17cdc37eebabb146c9d71.jpg',1,'2025-07-31 02:45:19','2025-07-31 02:45:19'),(829,22,'iPad Pro 12.9',1077,969,'Large tablet with stunning display and power',100,'https://i.pinimg.com/736x/31/49/9c/31499c290c0debf619289c68911f975d.jpg',1,'2025-07-31 02:45:19','2025-07-31 02:45:19'),(830,22,'Samsung Galaxy Tab S7',961,864,'Premium tablet for work and play',100,'https://i.pinimg.com/736x/d5/4f/8e/d54f8ed669e71e44f5b7aa13fb04567a.jpg',1,'2025-07-31 02:45:19','2025-07-31 02:45:19'),(831,22,'PlayStation 5',618,556,'Next-gen gaming console with lightning-fast load times',100,'https://i.pinimg.com/736x/dc/2c/12/dc2c120ece4867837d63c1808f20ca6b.jpg',1,'2025-07-31 02:45:19','2025-07-31 02:45:19'),(832,22,'Xbox Series X',717,645,'Powerful console for the ultimate gaming experience',100,'https://i.pinimg.com/736x/ae/4c/bf/ae4cbf8ed798e2f1520541e2e80593f9.jpg',1,'2025-07-31 02:45:19','2025-07-31 02:45:19'),(833,23,'Smartphone',745,670,'Latest smartphone with advanced features',100,'https://i.pinimg.com/736x/cc/3d/3b/cc3d3bb74f67dc4849f866a0d44556fe.jpg',1,'2025-07-31 02:45:19','2025-07-31 02:45:19'),(834,23,'Laptop',454,408,'High-performance laptop for gaming and work',100,'https://i.pinimg.com/736x/f9/8c/a9/f98ca9da93b47c49744f8ad183785bb9.jpg',1,'2025-07-31 02:45:19','2025-07-31 02:45:19'),(835,24,'The Last of Us Part II',43,38,'Highly acclaimed action-adventure game',100,'https://i.pinimg.com/736x/9b/54/f3/9b54f3e9888bc301112db47cfe1ed3ea.jpg',1,'2025-07-31 02:45:19','2025-07-31 02:45:19'),(836,24,'Cyberpunk 2077',65,58,'Open-world RPG with futuristic action and storytelling',100,'https://i.pinimg.com/736x/14/c8/96/14c896e0730044e222018d65a338eab5.jpg',1,'2025-07-31 02:45:19','2025-07-31 02:45:19'),(837,24,'iPhone 12',904,813,'Latest model with cutting-edge features',100,'https://i.pinimg.com/736x/33/9d/0f/339d0fc5bbf9dfc9ae2d7539afcc9911.jpg',1,'2025-07-31 02:45:19','2025-07-31 02:45:19'),(838,24,'Samsung Galaxy S21',1180,1062,'Flagship smartphone from Samsung',100,'https://i.pinimg.com/736x/3f/58/63/3f58630ea9fbed01954d24b7b574f60a.jpg',1,'2025-07-31 02:45:19','2025-07-31 02:45:19'),(839,24,'PlayStation 5',609,548,'Next-gen gaming console with lightning-fast load times',100,'https://i.pinimg.com/736x/dc/2c/12/dc2c120ece4867837d63c1808f20ca6b.jpg',1,'2025-07-31 02:45:19','2025-07-31 02:45:19'),(840,24,'Xbox Series X',719,647,'Powerful console for the ultimate gaming experience',100,'https://i.pinimg.com/736x/ae/4c/bf/ae4cbf8ed798e2f1520541e2e80593f9.jpg',1,'2025-07-31 02:45:19','2025-07-31 02:45:19'),(841,24,'Dell XPS 13',1228,1105,'Powerful laptop with a compact design',100,'https://i.pinimg.com/736x/d4/d0/e6/d4d0e68e30117fe5e1c3f200ed04db5d.jpg',1,'2025-07-31 02:45:19','2025-07-31 02:45:19'),(842,24,'MacBook Pro 16',1949,1754,'High-performance laptop for professionals and creatives',100,'https://i.pinimg.com/736x/12/3e/f6/123ef687e4fa6f6c9fe9c22df36045fc.jpg',1,'2025-07-31 02:45:19','2025-07-31 02:45:19'),(843,25,'iPad Pro 12.9',824,741,'Large tablet with stunning display and power',100,'https://i.pinimg.com/736x/31/49/9c/31499c290c0debf619289c68911f975d.jpg',1,'2025-07-31 02:45:19','2025-07-31 02:45:19'),(844,25,'Samsung Galaxy Tab S7',667,600,'Premium tablet for work and play',100,'https://i.pinimg.com/736x/d5/4f/8e/d54f8ed669e71e44f5b7aa13fb04567a.jpg',1,'2025-07-31 02:45:19','2025-07-31 02:45:19'),(845,25,'Dell XPS 13',1072,964,'Powerful laptop with a compact design',100,'https://i.pinimg.com/736x/d4/d0/e6/d4d0e68e30117fe5e1c3f200ed04db5d.jpg',1,'2025-07-31 02:45:19','2025-07-31 02:45:19'),(846,25,'MacBook Pro 16',2325,2092,'High-performance laptop for professionals and creatives',100,'https://i.pinimg.com/736x/12/3e/f6/123ef687e4fa6f6c9fe9c22df36045fc.jpg',1,'2025-07-31 02:45:19','2025-07-31 02:45:19'),(847,26,'Dell XPS 13',1183,1064,'Powerful laptop with a compact design',100,'https://i.pinimg.com/736x/d4/d0/e6/d4d0e68e30117fe5e1c3f200ed04db5d.jpg',1,'2025-07-31 02:45:19','2025-07-31 02:45:19'),(848,26,'MacBook Pro 16',1922,1729,'High-performance laptop for professionals and creatives',100,'https://i.pinimg.com/736x/12/3e/f6/123ef687e4fa6f6c9fe9c22df36045fc.jpg',1,'2025-07-31 02:45:19','2025-07-31 02:45:19'),(849,26,'iPhone 12',707,636,'Latest model with cutting-edge features',100,'https://i.pinimg.com/736x/33/9d/0f/339d0fc5bbf9dfc9ae2d7539afcc9911.jpg',1,'2025-07-31 02:45:19','2025-07-31 02:45:19'),(850,26,'Samsung Galaxy S21',1121,1008,'Flagship smartphone from Samsung',100,'https://i.pinimg.com/736x/3f/58/63/3f58630ea9fbed01954d24b7b574f60a.jpg',1,'2025-07-31 02:45:19','2025-07-31 02:45:19'),(851,26,'Sony WH-1000XM4',256,230,'Industry-leading noise cancellation and sound quality',100,'https://i.pinimg.com/736x/c3/8f/ab/c38fabd0168efa39bf9f86ccbf6b881e.jpg',1,'2025-07-31 02:45:19','2025-07-31 02:45:19'),(852,26,'Bose QuietComfort 35 II',331,297,'Comfortable and high-quality noise-canceling headphones',100,'https://i.pinimg.com/736x/20/38/29/20382909d1d4f14f517f0ac347706526.jpg',1,'2025-07-31 02:45:19','2025-07-31 02:45:19'),(853,26,'The Last of Us Part II',54,48,'Highly acclaimed action-adventure game',100,'https://i.pinimg.com/736x/9b/54/f3/9b54f3e9888bc301112db47cfe1ed3ea.jpg',1,'2025-07-31 02:45:19','2025-07-31 02:45:19'),(854,26,'Cyberpunk 2077',48,43,'Open-world RPG with futuristic action and storytelling',100,'https://i.pinimg.com/736x/14/c8/96/14c896e0730044e222018d65a338eab5.jpg',1,'2025-07-31 02:45:19','2025-07-31 02:45:19'),(855,27,'iPad Pro 12.9',985,886,'Large tablet with stunning display and power',100,'https://i.pinimg.com/736x/31/49/9c/31499c290c0debf619289c68911f975d.jpg',1,'2025-07-31 02:45:19','2025-07-31 02:45:19'),(856,27,'Samsung Galaxy Tab S7',985,886,'Premium tablet for work and play',100,'https://i.pinimg.com/736x/d5/4f/8e/d54f8ed669e71e44f5b7aa13fb04567a.jpg',1,'2025-07-31 02:45:19','2025-07-31 02:45:19'),(857,28,'Samsung QLED 65\"',2160,1944,'Ultra-high-definition 4K QLED TV',100,'https://i.pinimg.com/736x/31/f2/3d/31f23dc3c6cec10b31702b23707c04b9.jpg',1,'2025-07-31 02:45:19','2025-07-31 02:45:19'),(858,28,'LG OLED 55\"',2196,1976,'Stunning 4K OLED TV with perfect black levels',100,'https://i.pinimg.com/736x/c6/d6/d0/c6d6d07259aeffe54ecb27dfac5f90e8.jpg',1,'2025-07-31 02:45:19','2025-07-31 02:45:19'),(859,28,'Smartphone',384,345,'Latest smartphone with advanced features',100,'https://i.pinimg.com/736x/cc/3d/3b/cc3d3bb74f67dc4849f866a0d44556fe.jpg',1,'2025-07-31 02:45:19','2025-07-31 02:45:19'),(860,28,'Laptop',1654,1488,'High-performance laptop for gaming and work',100,'https://i.pinimg.com/736x/f9/8c/a9/f98ca9da93b47c49744f8ad183785bb9.jpg',1,'2025-07-31 02:45:19','2025-07-31 02:45:19'),(861,28,'The Great Gatsby',12,10,'A classic novel by F. Scott Fitzgerald',100,'https://i.pinimg.com/736x/df/2e/8c/df2e8ce5632552806a6740bffbbfa2ca.jpg',1,'2025-07-31 02:45:19','2025-07-31 02:45:19'),(862,28,'1984',13,11,'A dystopian novel by George Orwell',100,'https://i.pinimg.com/736x/43/75/b7/4375b7d9bf24b88aa53744b417227485.jpg',1,'2025-07-31 02:45:19','2025-07-31 02:45:19'),(863,29,'Canon EOS R5',1608,1447,'Mirrorless camera with 8K video and high resolution',100,'https://i.pinimg.com/736x/be/db/a6/bedba68744108caff81981ed77b95980.jpg',1,'2025-07-31 02:45:19','2025-07-31 02:45:19'),(864,29,'Nikon Z6',1850,1665,'Full-frame mirrorless camera with excellent image quality',100,'https://i.pinimg.com/736x/d2/86/de/d286de153cf4f6c9ce437780aedc5ab3.jpg',1,'2025-07-31 02:45:19','2025-07-31 02:45:19'),(865,29,'The Great Gatsby',17,15,'A classic novel by F. Scott Fitzgerald',100,'https://i.pinimg.com/736x/df/2e/8c/df2e8ce5632552806a6740bffbbfa2ca.jpg',1,'2025-07-31 02:45:19','2025-07-31 02:45:19'),(866,29,'1984',14,12,'A dystopian novel by George Orwell',100,'https://i.pinimg.com/736x/43/75/b7/4375b7d9bf24b88aa53744b417227485.jpg',1,'2025-07-31 02:45:19','2025-07-31 02:45:19'),(867,29,'Pilot G2 Gel Pens',20,18,'Smooth gel pens for everyday writing',100,'https://i.pinimg.com/736x/58/34/4c/58344c50b50d42814718380a6e14aa83.jpg',1,'2025-07-31 02:45:19','2025-07-31 02:45:19'),(868,29,'Moleskine Classic Notebook',14,12,'Premium notebook for journaling and note-taking',100,'https://i.pinimg.com/736x/69/d2/d1/69d2d1249fa17cdc37eebabb146c9d71.jpg',1,'2025-07-31 02:45:19','2025-07-31 02:45:19'),(869,30,'Smartphone',314,282,'Latest smartphone with advanced features',100,'https://i.pinimg.com/736x/cc/3d/3b/cc3d3bb74f67dc4849f866a0d44556fe.jpg',1,'2025-07-31 02:45:19','2025-07-31 02:45:19'),(870,30,'Laptop',324,291,'High-performance laptop for gaming and work',100,'https://i.pinimg.com/736x/f9/8c/a9/f98ca9da93b47c49744f8ad183785bb9.jpg',1,'2025-07-31 02:45:19','2025-07-31 02:45:19'),(871,31,'The Last of Us Part II',46,41,'Highly acclaimed action-adventure game',100,'https://i.pinimg.com/736x/9b/54/f3/9b54f3e9888bc301112db47cfe1ed3ea.jpg',1,'2025-07-31 02:45:19','2025-07-31 02:45:19'),(872,31,'Cyberpunk 2077',60,54,'Open-world RPG with futuristic action and storytelling',100,'https://i.pinimg.com/736x/14/c8/96/14c896e0730044e222018d65a338eab5.jpg',1,'2025-07-31 02:45:19','2025-07-31 02:45:19'),(873,31,'PlayStation 5',539,485,'Next-gen gaming console with lightning-fast load times',100,'https://i.pinimg.com/736x/dc/2c/12/dc2c120ece4867837d63c1808f20ca6b.jpg',1,'2025-07-31 02:45:19','2025-07-31 02:45:19'),(874,31,'Xbox Series X',536,482,'Powerful console for the ultimate gaming experience',100,'https://i.pinimg.com/736x/ae/4c/bf/ae4cbf8ed798e2f1520541e2e80593f9.jpg',1,'2025-07-31 02:45:19','2025-07-31 02:45:19'),(875,31,'Apple Watch Series 7',440,396,'Smartwatch with advanced health tracking features',100,'https://i.pinimg.com/736x/61/e9/ff/61e9ffac91f05bb610c6c774f17c7177.jpg',1,'2025-07-31 02:45:19','2025-07-31 02:45:19'),(876,31,'Samsung Galaxy Watch 4',417,375,'Feature-packed smartwatch with fitness tracking',100,'https://i.pinimg.com/736x/04/70/61/047061338a6a0b9e0367349618748220.jpg',1,'2025-07-31 02:45:19','2025-07-31 02:45:19'),(877,32,'Smartphone',547,492,'Latest smartphone with advanced features',100,'https://i.pinimg.com/736x/cc/3d/3b/cc3d3bb74f67dc4849f866a0d44556fe.jpg',1,'2025-07-31 02:45:19','2025-07-31 02:45:19'),(878,32,'Laptop',1103,992,'High-performance laptop for gaming and work',100,'https://i.pinimg.com/736x/f9/8c/a9/f98ca9da93b47c49744f8ad183785bb9.jpg',1,'2025-07-31 02:45:19','2025-07-31 02:45:19'),(879,33,'iPhone 12',1077,969,'Latest model with cutting-edge features',100,'https://i.pinimg.com/736x/33/9d/0f/339d0fc5bbf9dfc9ae2d7539afcc9911.jpg',1,'2025-07-31 02:45:19','2025-07-31 02:45:19'),(880,33,'Samsung Galaxy S21',1126,1013,'Flagship smartphone from Samsung',100,'https://i.pinimg.com/736x/3f/58/63/3f58630ea9fbed01954d24b7b574f60a.jpg',1,'2025-07-31 02:45:19','2025-07-31 02:45:19'),(881,33,'Canon EOS R5',3354,3018,'Mirrorless camera with 8K video and high resolution',100,'https://i.pinimg.com/736x/be/db/a6/bedba68744108caff81981ed77b95980.jpg',1,'2025-07-31 02:45:19','2025-07-31 02:45:19'),(882,33,'Nikon Z6',3893,3503,'Full-frame mirrorless camera with excellent image quality',100,'https://i.pinimg.com/736x/d2/86/de/d286de153cf4f6c9ce437780aedc5ab3.jpg',1,'2025-07-31 02:45:19','2025-07-31 02:45:19'),(883,34,'Smartphone',648,583,'Latest smartphone with advanced features',100,'https://i.pinimg.com/736x/cc/3d/3b/cc3d3bb74f67dc4849f866a0d44556fe.jpg',1,'2025-07-31 02:45:19','2025-07-31 02:45:19'),(884,34,'Laptop',1635,1471,'High-performance laptop for gaming and work',100,'https://i.pinimg.com/736x/f9/8c/a9/f98ca9da93b47c49744f8ad183785bb9.jpg',1,'2025-07-31 02:45:19','2025-07-31 02:45:19'),(885,34,'iPhone 12',784,705,'Latest model with cutting-edge features',100,'https://i.pinimg.com/736x/33/9d/0f/339d0fc5bbf9dfc9ae2d7539afcc9911.jpg',1,'2025-07-31 02:45:19','2025-07-31 02:45:19'),(886,34,'Samsung Galaxy S21',777,699,'Flagship smartphone from Samsung',100,'https://i.pinimg.com/736x/3f/58/63/3f58630ea9fbed01954d24b7b574f60a.jpg',1,'2025-07-31 02:45:19','2025-07-31 02:45:19'),(887,35,'Canon EOS R5',1514,1362,'Mirrorless camera with 8K video and high resolution',100,'https://i.pinimg.com/736x/be/db/a6/bedba68744108caff81981ed77b95980.jpg',1,'2025-07-31 02:45:19','2025-07-31 02:45:19'),(888,35,'Nikon Z6',1506,1355,'Full-frame mirrorless camera with excellent image quality',100,'https://i.pinimg.com/736x/d2/86/de/d286de153cf4f6c9ce437780aedc5ab3.jpg',1,'2025-07-31 02:45:19','2025-07-31 02:45:19'),(889,35,'Smartphone',1787,1608,'Latest smartphone with advanced features',100,'https://i.pinimg.com/736x/cc/3d/3b/cc3d3bb74f67dc4849f866a0d44556fe.jpg',1,'2025-07-31 02:45:19','2025-07-31 02:45:19'),(890,35,'Laptop',1446,1301,'High-performance laptop for gaming and work',100,'https://i.pinimg.com/736x/f9/8c/a9/f98ca9da93b47c49744f8ad183785bb9.jpg',1,'2025-07-31 02:45:19','2025-07-31 02:45:19'),(891,35,'Apple Watch Series 7',431,387,'Smartwatch with advanced health tracking features',100,'https://i.pinimg.com/736x/61/e9/ff/61e9ffac91f05bb610c6c774f17c7177.jpg',1,'2025-07-31 02:45:19','2025-07-31 02:45:19'),(892,35,'Samsung Galaxy Watch 4',412,370,'Feature-packed smartwatch with fitness tracking',100,'https://i.pinimg.com/736x/04/70/61/047061338a6a0b9e0367349618748220.jpg',1,'2025-07-31 02:45:19','2025-07-31 02:45:19'),(893,36,'iPad Pro 12.9',747,672,'Large tablet with stunning display and power',100,'https://i.pinimg.com/736x/31/49/9c/31499c290c0debf619289c68911f975d.jpg',1,'2025-07-31 02:45:19','2025-07-31 02:45:19'),(894,36,'Samsung Galaxy Tab S7',1091,981,'Premium tablet for work and play',100,'https://i.pinimg.com/736x/d5/4f/8e/d54f8ed669e71e44f5b7aa13fb04567a.jpg',1,'2025-07-31 02:45:19','2025-07-31 02:45:19'),(895,36,'The Great Gatsby',15,13,'A classic novel by F. Scott Fitzgerald',100,'https://i.pinimg.com/736x/df/2e/8c/df2e8ce5632552806a6740bffbbfa2ca.jpg',1,'2025-07-31 02:45:19','2025-07-31 02:45:19'),(896,36,'1984',11,9,'A dystopian novel by George Orwell',100,'https://i.pinimg.com/736x/43/75/b7/4375b7d9bf24b88aa53744b417227485.jpg',1,'2025-07-31 02:45:19','2025-07-31 02:45:19'),(897,36,'Pilot G2 Gel Pens',16,14,'Smooth gel pens for everyday writing',100,'https://i.pinimg.com/736x/58/34/4c/58344c50b50d42814718380a6e14aa83.jpg',1,'2025-07-31 02:45:19','2025-07-31 02:45:19'),(898,36,'Moleskine Classic Notebook',14,12,'Premium notebook for journaling and note-taking',100,'https://i.pinimg.com/736x/69/d2/d1/69d2d1249fa17cdc37eebabb146c9d71.jpg',1,'2025-07-31 02:45:19','2025-07-31 02:45:19'),(899,37,'Dell XPS 13',1564,1407,'Powerful laptop with a compact design',100,'https://i.pinimg.com/736x/d4/d0/e6/d4d0e68e30117fe5e1c3f200ed04db5d.jpg',1,'2025-07-31 02:45:19','2025-07-31 02:45:19'),(900,37,'MacBook Pro 16',2331,2097,'High-performance laptop for professionals and creatives',100,'https://i.pinimg.com/736x/12/3e/f6/123ef687e4fa6f6c9fe9c22df36045fc.jpg',1,'2025-07-31 02:45:19','2025-07-31 02:45:19'),(901,37,'iPhone 12',1002,901,'Latest model with cutting-edge features',100,'https://i.pinimg.com/736x/33/9d/0f/339d0fc5bbf9dfc9ae2d7539afcc9911.jpg',1,'2025-07-31 02:45:19','2025-07-31 02:45:19'),(902,37,'Samsung Galaxy S21',1126,1013,'Flagship smartphone from Samsung',100,'https://i.pinimg.com/736x/3f/58/63/3f58630ea9fbed01954d24b7b574f60a.jpg',1,'2025-07-31 02:45:19','2025-07-31 02:45:19'),(903,37,'PlayStation 5',518,466,'Next-gen gaming console with lightning-fast load times',100,'https://i.pinimg.com/736x/dc/2c/12/dc2c120ece4867837d63c1808f20ca6b.jpg',1,'2025-07-31 02:45:19','2025-07-31 02:45:19'),(904,37,'Xbox Series X',700,630,'Powerful console for the ultimate gaming experience',100,'https://i.pinimg.com/736x/ae/4c/bf/ae4cbf8ed798e2f1520541e2e80593f9.jpg',1,'2025-07-31 02:45:19','2025-07-31 02:45:19'),(905,38,'iPad Pro 12.9',1000,900,'Large tablet with stunning display and power',100,'https://i.pinimg.com/736x/31/49/9c/31499c290c0debf619289c68911f975d.jpg',1,'2025-07-31 02:45:19','2025-07-31 02:45:19'),(906,38,'Samsung Galaxy Tab S7',616,554,'Premium tablet for work and play',100,'https://i.pinimg.com/736x/d5/4f/8e/d54f8ed669e71e44f5b7aa13fb04567a.jpg',1,'2025-07-31 02:45:19','2025-07-31 02:45:19'),(907,38,'The Last of Us Part II',50,45,'Highly acclaimed action-adventure game',100,'https://i.pinimg.com/736x/9b/54/f3/9b54f3e9888bc301112db47cfe1ed3ea.jpg',1,'2025-07-31 02:45:19','2025-07-31 02:45:19'),(908,38,'Cyberpunk 2077',56,50,'Open-world RPG with futuristic action and storytelling',100,'https://i.pinimg.com/736x/14/c8/96/14c896e0730044e222018d65a338eab5.jpg',1,'2025-07-31 02:45:19','2025-07-31 02:45:19'),(909,39,'Decorative Throw Pillow',31,27,'Soft and stylish throw pillow for your living room',100,'https://i.pinimg.com/736x/47/c5/0b/47c50b1114ba4c2c5c99117a3608ee4a.jpg',1,'2025-07-31 02:45:19','2025-07-31 02:45:19'),(910,39,'Framed Wall Art',96,86,'Premium framed wall art for any space',100,'https://i.pinimg.com/736x/1d/ec/f3/1decf39e58d8f957b8fc7d3f3ac9ee1e.jpg',1,'2025-07-31 02:45:19','2025-07-31 02:45:19'),(911,39,'Smartphone',609,548,'Latest smartphone with advanced features',100,'https://i.pinimg.com/736x/cc/3d/3b/cc3d3bb74f67dc4849f866a0d44556fe.jpg',1,'2025-07-31 02:45:19','2025-07-31 02:45:19'),(912,39,'Laptop',1225,1102,'High-performance laptop for gaming and work',100,'https://i.pinimg.com/736x/f9/8c/a9/f98ca9da93b47c49744f8ad183785bb9.jpg',1,'2025-07-31 02:45:19','2025-07-31 02:45:19'),(913,39,'iPhone 12',993,893,'Latest model with cutting-edge features',100,'https://i.pinimg.com/736x/33/9d/0f/339d0fc5bbf9dfc9ae2d7539afcc9911.jpg',1,'2025-07-31 02:45:19','2025-07-31 02:45:19'),(914,39,'Samsung Galaxy S21',974,876,'Flagship smartphone from Samsung',100,'https://i.pinimg.com/736x/3f/58/63/3f58630ea9fbed01954d24b7b574f60a.jpg',1,'2025-07-31 02:45:19','2025-07-31 02:45:19'),(915,39,'PlayStation 5',554,498,'Next-gen gaming console with lightning-fast load times',100,'https://i.pinimg.com/736x/dc/2c/12/dc2c120ece4867837d63c1808f20ca6b.jpg',1,'2025-07-31 02:45:19','2025-07-31 02:45:19'),(916,39,'Xbox Series X',782,703,'Powerful console for the ultimate gaming experience',100,'https://i.pinimg.com/736x/ae/4c/bf/ae4cbf8ed798e2f1520541e2e80593f9.jpg',1,'2025-07-31 02:45:19','2025-07-31 02:45:19'),(917,39,'The Last of Us Part II',48,43,'Highly acclaimed action-adventure game',100,'https://i.pinimg.com/736x/9b/54/f3/9b54f3e9888bc301112db47cfe1ed3ea.jpg',1,'2025-07-31 02:45:19','2025-07-31 02:45:19'),(918,39,'Cyberpunk 2077',56,50,'Open-world RPG with futuristic action and storytelling',100,'https://i.pinimg.com/736x/14/c8/96/14c896e0730044e222018d65a338eab5.jpg',1,'2025-07-31 02:45:19','2025-07-31 02:45:19'),(919,40,'iPhone 12',990,891,'Latest model with cutting-edge features',100,'https://i.pinimg.com/736x/33/9d/0f/339d0fc5bbf9dfc9ae2d7539afcc9911.jpg',1,'2025-07-31 02:45:19','2025-07-31 02:45:19'),(920,40,'Samsung Galaxy S21',785,706,'Flagship smartphone from Samsung',100,'https://i.pinimg.com/736x/3f/58/63/3f58630ea9fbed01954d24b7b574f60a.jpg',1,'2025-07-31 02:45:19','2025-07-31 02:45:19'),(921,40,'The Last of Us Part II',49,44,'Highly acclaimed action-adventure game',100,'https://i.pinimg.com/736x/9b/54/f3/9b54f3e9888bc301112db47cfe1ed3ea.jpg',1,'2025-07-31 02:45:19','2025-07-31 02:45:19'),(922,40,'Cyberpunk 2077',62,55,'Open-world RPG with futuristic action and storytelling',100,'https://i.pinimg.com/736x/14/c8/96/14c896e0730044e222018d65a338eab5.jpg',1,'2025-07-31 02:45:19','2025-07-31 02:45:19'),(923,40,'Smartphone',1241,1116,'Latest smartphone with advanced features',100,'https://i.pinimg.com/736x/cc/3d/3b/cc3d3bb74f67dc4849f866a0d44556fe.jpg',1,'2025-07-31 02:45:19','2025-07-31 02:45:19'),(924,40,'Laptop',536,482,'High-performance laptop for gaming and work',100,'https://i.pinimg.com/736x/f9/8c/a9/f98ca9da93b47c49744f8ad183785bb9.jpg',1,'2025-07-31 02:45:19','2025-07-31 02:45:19'),(925,40,'Samsung QLED 65\"',2305,2074,'Ultra-high-definition 4K QLED TV',100,'https://i.pinimg.com/736x/31/f2/3d/31f23dc3c6cec10b31702b23707c04b9.jpg',1,'2025-07-31 02:45:19','2025-07-31 02:45:19'),(926,40,'LG OLED 55\"',2019,1817,'Stunning 4K OLED TV with perfect black levels',100,'https://i.pinimg.com/736x/c6/d6/d0/c6d6d07259aeffe54ecb27dfac5f90e8.jpg',1,'2025-07-31 02:45:19','2025-07-31 02:45:19'),(927,41,'iPad Pro 12.9',1126,1013,'Large tablet with stunning display and power',100,'https://i.pinimg.com/736x/31/49/9c/31499c290c0debf619289c68911f975d.jpg',1,'2025-07-31 02:45:19','2025-07-31 02:45:19'),(928,41,'Samsung Galaxy Tab S7',989,890,'Premium tablet for work and play',100,'https://i.pinimg.com/736x/d5/4f/8e/d54f8ed669e71e44f5b7aa13fb04567a.jpg',1,'2025-07-31 02:45:19','2025-07-31 02:45:19'),(929,41,'Samsung QLED 65\"',928,835,'Ultra-high-definition 4K QLED TV',100,'https://i.pinimg.com/736x/31/f2/3d/31f23dc3c6cec10b31702b23707c04b9.jpg',1,'2025-07-31 02:45:19','2025-07-31 02:45:19'),(930,41,'LG OLED 55\"',758,682,'Stunning 4K OLED TV with perfect black levels',100,'https://i.pinimg.com/736x/c6/d6/d0/c6d6d07259aeffe54ecb27dfac5f90e8.jpg',1,'2025-07-31 02:45:19','2025-07-31 02:45:19'),(931,41,'Decorative Throw Pillow',54,48,'Soft and stylish throw pillow for your living room',100,'https://i.pinimg.com/736x/47/c5/0b/47c50b1114ba4c2c5c99117a3608ee4a.jpg',1,'2025-07-31 02:45:19','2025-07-31 02:45:19'),(932,41,'Framed Wall Art',68,61,'Premium framed wall art for any space',100,'https://i.pinimg.com/736x/1d/ec/f3/1decf39e58d8f957b8fc7d3f3ac9ee1e.jpg',1,'2025-07-31 02:45:19','2025-07-31 02:45:19'),(933,41,'Pilot G2 Gel Pens',12,10,'Smooth gel pens for everyday writing',100,'https://i.pinimg.com/736x/58/34/4c/58344c50b50d42814718380a6e14aa83.jpg',1,'2025-07-31 02:45:19','2025-07-31 02:45:19'),(934,41,'Moleskine Classic Notebook',19,17,'Premium notebook for journaling and note-taking',100,'https://i.pinimg.com/736x/69/d2/d1/69d2d1249fa17cdc37eebabb146c9d71.jpg',1,'2025-07-31 02:45:19','2025-07-31 02:45:19'),(935,41,'Sony WH-1000XM4',252,226,'Industry-leading noise cancellation and sound quality',100,'https://i.pinimg.com/736x/c3/8f/ab/c38fabd0168efa39bf9f86ccbf6b881e.jpg',1,'2025-07-31 02:45:19','2025-07-31 02:45:19'),(936,41,'Bose QuietComfort 35 II',382,343,'Comfortable and high-quality noise-canceling headphones',100,'https://i.pinimg.com/736x/20/38/29/20382909d1d4f14f517f0ac347706526.jpg',1,'2025-07-31 02:45:19','2025-07-31 02:45:19'),(937,41,'Apple Watch Series 7',427,384,'Smartwatch with advanced health tracking features',100,'https://i.pinimg.com/736x/61/e9/ff/61e9ffac91f05bb610c6c774f17c7177.jpg',1,'2025-07-31 02:45:19','2025-07-31 02:45:19'),(938,41,'Samsung Galaxy Watch 4',398,358,'Feature-packed smartwatch with fitness tracking',100,'https://i.pinimg.com/736x/04/70/61/047061338a6a0b9e0367349618748220.jpg',1,'2025-07-31 02:45:19','2025-07-31 02:45:19'),(939,41,'The Last of Us Part II',40,36,'Highly acclaimed action-adventure game',100,'https://i.pinimg.com/736x/9b/54/f3/9b54f3e9888bc301112db47cfe1ed3ea.jpg',1,'2025-07-31 02:45:19','2025-07-31 02:45:19'),(940,41,'Cyberpunk 2077',70,63,'Open-world RPG with futuristic action and storytelling',100,'https://i.pinimg.com/736x/14/c8/96/14c896e0730044e222018d65a338eab5.jpg',1,'2025-07-31 02:45:19','2025-07-31 02:45:19'),(941,42,'Sony WH-1000XM4',318,286,'Industry-leading noise cancellation and sound quality',100,'https://i.pinimg.com/736x/c3/8f/ab/c38fabd0168efa39bf9f86ccbf6b881e.jpg',1,'2025-07-31 02:45:19','2025-07-31 02:45:19'),(942,42,'Bose QuietComfort 35 II',377,339,'Comfortable and high-quality noise-canceling headphones',100,'https://i.pinimg.com/736x/20/38/29/20382909d1d4f14f517f0ac347706526.jpg',1,'2025-07-31 02:45:19','2025-07-31 02:45:19'),(943,42,'Dell XPS 13',1462,1315,'Powerful laptop with a compact design',100,'https://i.pinimg.com/736x/d4/d0/e6/d4d0e68e30117fe5e1c3f200ed04db5d.jpg',1,'2025-07-31 02:45:19','2025-07-31 02:45:19'),(944,42,'MacBook Pro 16',1157,1041,'High-performance laptop for professionals and creatives',100,'https://i.pinimg.com/736x/12/3e/f6/123ef687e4fa6f6c9fe9c22df36045fc.jpg',1,'2025-07-31 02:45:19','2025-07-31 02:45:19'),(945,42,'Decorative Throw Pillow',36,32,'Soft and stylish throw pillow for your living room',100,'https://i.pinimg.com/736x/47/c5/0b/47c50b1114ba4c2c5c99117a3608ee4a.jpg',1,'2025-07-31 02:45:19','2025-07-31 02:45:19'),(946,42,'Framed Wall Art',54,48,'Premium framed wall art for any space',100,'https://i.pinimg.com/736x/1d/ec/f3/1decf39e58d8f957b8fc7d3f3ac9ee1e.jpg',1,'2025-07-31 02:45:19','2025-07-31 02:45:19'),(947,43,'iPad Pro 12.9',609,548,'Large tablet with stunning display and power',100,'https://i.pinimg.com/736x/31/49/9c/31499c290c0debf619289c68911f975d.jpg',1,'2025-07-31 02:45:19','2025-07-31 02:45:19'),(948,43,'Samsung Galaxy Tab S7',1033,929,'Premium tablet for work and play',100,'https://i.pinimg.com/736x/d5/4f/8e/d54f8ed669e71e44f5b7aa13fb04567a.jpg',1,'2025-07-31 02:45:19','2025-07-31 02:45:19'),(949,43,'Samsung QLED 65\"',1557,1401,'Ultra-high-definition 4K QLED TV',100,'https://i.pinimg.com/736x/31/f2/3d/31f23dc3c6cec10b31702b23707c04b9.jpg',1,'2025-07-31 02:45:19','2025-07-31 02:45:19'),(950,43,'LG OLED 55\"',2116,1904,'Stunning 4K OLED TV with perfect black levels',100,'https://i.pinimg.com/736x/c6/d6/d0/c6d6d07259aeffe54ecb27dfac5f90e8.jpg',1,'2025-07-31 02:45:19','2025-07-31 02:45:19'),(951,43,'The Last of Us Part II',56,50,'Highly acclaimed action-adventure game',100,'https://i.pinimg.com/736x/9b/54/f3/9b54f3e9888bc301112db47cfe1ed3ea.jpg',1,'2025-07-31 02:45:19','2025-07-31 02:45:19'),(952,43,'Cyberpunk 2077',68,61,'Open-world RPG with futuristic action and storytelling',100,'https://i.pinimg.com/736x/14/c8/96/14c896e0730044e222018d65a338eab5.jpg',1,'2025-07-31 02:45:19','2025-07-31 02:45:19'),(953,43,'Dell XPS 13',959,863,'Powerful laptop with a compact design',100,'https://i.pinimg.com/736x/d4/d0/e6/d4d0e68e30117fe5e1c3f200ed04db5d.jpg',1,'2025-07-31 02:45:19','2025-07-31 02:45:19'),(954,43,'MacBook Pro 16',1741,1566,'High-performance laptop for professionals and creatives',100,'https://i.pinimg.com/736x/12/3e/f6/123ef687e4fa6f6c9fe9c22df36045fc.jpg',1,'2025-07-31 02:45:19','2025-07-31 02:45:19'),(955,43,'Pilot G2 Gel Pens',15,13,'Smooth gel pens for everyday writing',100,'https://i.pinimg.com/736x/58/34/4c/58344c50b50d42814718380a6e14aa83.jpg',1,'2025-07-31 02:45:19','2025-07-31 02:45:19'),(956,43,'Moleskine Classic Notebook',16,14,'Premium notebook for journaling and note-taking',100,'https://i.pinimg.com/736x/69/d2/d1/69d2d1249fa17cdc37eebabb146c9d71.jpg',1,'2025-07-31 02:45:19','2025-07-31 02:45:19'),(957,44,'Samsung QLED 65\"',1473,1325,'Ultra-high-definition 4K QLED TV',100,'https://i.pinimg.com/736x/31/f2/3d/31f23dc3c6cec10b31702b23707c04b9.jpg',1,'2025-07-31 02:45:19','2025-07-31 02:45:19'),(958,44,'LG OLED 55\"',1670,1503,'Stunning 4K OLED TV with perfect black levels',100,'https://i.pinimg.com/736x/c6/d6/d0/c6d6d07259aeffe54ecb27dfac5f90e8.jpg',1,'2025-07-31 02:45:19','2025-07-31 02:45:19'),(959,44,'Smartphone',1590,1431,'Latest smartphone with advanced features',100,'https://i.pinimg.com/736x/cc/3d/3b/cc3d3bb74f67dc4849f866a0d44556fe.jpg',1,'2025-07-31 02:45:19','2025-07-31 02:45:19'),(960,44,'Laptop',452,406,'High-performance laptop for gaming and work',100,'https://i.pinimg.com/736x/f9/8c/a9/f98ca9da93b47c49744f8ad183785bb9.jpg',1,'2025-07-31 02:45:19','2025-07-31 02:45:19'),(961,44,'The Last of Us Part II',64,57,'Highly acclaimed action-adventure game',100,'https://i.pinimg.com/736x/9b/54/f3/9b54f3e9888bc301112db47cfe1ed3ea.jpg',1,'2025-07-31 02:45:19','2025-07-31 02:45:19'),(962,44,'Cyberpunk 2077',63,56,'Open-world RPG with futuristic action and storytelling',100,'https://i.pinimg.com/736x/14/c8/96/14c896e0730044e222018d65a338eab5.jpg',1,'2025-07-31 02:45:19','2025-07-31 02:45:19'),(963,44,'iPhone 12',834,750,'Latest model with cutting-edge features',100,'https://i.pinimg.com/736x/33/9d/0f/339d0fc5bbf9dfc9ae2d7539afcc9911.jpg',1,'2025-07-31 02:45:19','2025-07-31 02:45:19'),(964,44,'Samsung Galaxy S21',984,885,'Flagship smartphone from Samsung',100,'https://i.pinimg.com/736x/3f/58/63/3f58630ea9fbed01954d24b7b574f60a.jpg',1,'2025-07-31 02:45:19','2025-07-31 02:45:19'),(965,44,'Dell XPS 13',2111,1899,'Powerful laptop with a compact design',100,'https://i.pinimg.com/736x/d4/d0/e6/d4d0e68e30117fe5e1c3f200ed04db5d.jpg',1,'2025-07-31 02:45:19','2025-07-31 02:45:19'),(966,44,'MacBook Pro 16',2181,1962,'High-performance laptop for professionals and creatives',100,'https://i.pinimg.com/736x/12/3e/f6/123ef687e4fa6f6c9fe9c22df36045fc.jpg',1,'2025-07-31 02:45:19','2025-07-31 02:45:19'),(967,45,'iPad Pro 12.9',885,796,'Large tablet with stunning display and power',100,'https://i.pinimg.com/736x/31/49/9c/31499c290c0debf619289c68911f975d.jpg',1,'2025-07-31 02:45:19','2025-07-31 02:45:19'),(968,45,'Samsung Galaxy Tab S7',1183,1064,'Premium tablet for work and play',100,'https://i.pinimg.com/736x/d5/4f/8e/d54f8ed669e71e44f5b7aa13fb04567a.jpg',1,'2025-07-31 02:45:20','2025-07-31 02:45:20'),(969,45,'Smartphone',1090,981,'Latest smartphone with advanced features',100,'https://i.pinimg.com/736x/cc/3d/3b/cc3d3bb74f67dc4849f866a0d44556fe.jpg',1,'2025-07-31 02:45:20','2025-07-31 02:45:20'),(970,45,'Laptop',506,455,'High-performance laptop for gaming and work',100,'https://i.pinimg.com/736x/f9/8c/a9/f98ca9da93b47c49744f8ad183785bb9.jpg',1,'2025-07-31 02:45:20','2025-07-31 02:45:20'),(971,45,'Sony WH-1000XM4',272,244,'Industry-leading noise cancellation and sound quality',100,'https://i.pinimg.com/736x/c3/8f/ab/c38fabd0168efa39bf9f86ccbf6b881e.jpg',1,'2025-07-31 02:45:20','2025-07-31 02:45:20'),(972,45,'Bose QuietComfort 35 II',253,227,'Comfortable and high-quality noise-canceling headphones',100,'https://i.pinimg.com/736x/20/38/29/20382909d1d4f14f517f0ac347706526.jpg',1,'2025-07-31 02:45:20','2025-07-31 02:45:20'),(973,46,'The Last of Us Part II',44,39,'Highly acclaimed action-adventure game',100,'https://i.pinimg.com/736x/9b/54/f3/9b54f3e9888bc301112db47cfe1ed3ea.jpg',1,'2025-07-31 02:45:20','2025-07-31 02:45:20'),(974,46,'Cyberpunk 2077',41,36,'Open-world RPG with futuristic action and storytelling',100,'https://i.pinimg.com/736x/14/c8/96/14c896e0730044e222018d65a338eab5.jpg',1,'2025-07-31 02:45:20','2025-07-31 02:45:20'),(975,46,'iPhone 12',777,699,'Latest model with cutting-edge features',100,'https://i.pinimg.com/736x/33/9d/0f/339d0fc5bbf9dfc9ae2d7539afcc9911.jpg',1,'2025-07-31 02:45:20','2025-07-31 02:45:20'),(976,46,'Samsung Galaxy S21',908,817,'Flagship smartphone from Samsung',100,'https://i.pinimg.com/736x/3f/58/63/3f58630ea9fbed01954d24b7b574f60a.jpg',1,'2025-07-31 02:45:20','2025-07-31 02:45:20'),(977,47,'Apple Watch Series 7',351,315,'Smartwatch with advanced health tracking features',100,'https://i.pinimg.com/736x/61/e9/ff/61e9ffac91f05bb610c6c774f17c7177.jpg',1,'2025-07-31 02:45:20','2025-07-31 02:45:20'),(978,47,'Samsung Galaxy Watch 4',444,399,'Feature-packed smartwatch with fitness tracking',100,'https://i.pinimg.com/736x/04/70/61/047061338a6a0b9e0367349618748220.jpg',1,'2025-07-31 02:45:20','2025-07-31 02:45:20'),(979,47,'Samsung QLED 65\"',2340,2106,'Ultra-high-definition 4K QLED TV',100,'https://i.pinimg.com/736x/31/f2/3d/31f23dc3c6cec10b31702b23707c04b9.jpg',1,'2025-07-31 02:45:20','2025-07-31 02:45:20'),(980,47,'LG OLED 55\"',1504,1353,'Stunning 4K OLED TV with perfect black levels',100,'https://i.pinimg.com/736x/c6/d6/d0/c6d6d07259aeffe54ecb27dfac5f90e8.jpg',1,'2025-07-31 02:45:20','2025-07-31 02:45:20'),(981,47,'PlayStation 5',590,531,'Next-gen gaming console with lightning-fast load times',100,'https://i.pinimg.com/736x/dc/2c/12/dc2c120ece4867837d63c1808f20ca6b.jpg',1,'2025-07-31 02:45:20','2025-07-31 02:45:20'),(982,47,'Xbox Series X',607,546,'Powerful console for the ultimate gaming experience',100,'https://i.pinimg.com/736x/ae/4c/bf/ae4cbf8ed798e2f1520541e2e80593f9.jpg',1,'2025-07-31 02:45:20','2025-07-31 02:45:20'),(983,47,'The Last of Us Part II',52,46,'Highly acclaimed action-adventure game',100,'https://i.pinimg.com/736x/9b/54/f3/9b54f3e9888bc301112db47cfe1ed3ea.jpg',1,'2025-07-31 02:45:20','2025-07-31 02:45:20'),(984,47,'Cyberpunk 2077',57,51,'Open-world RPG with futuristic action and storytelling',100,'https://i.pinimg.com/736x/14/c8/96/14c896e0730044e222018d65a338eab5.jpg',1,'2025-07-31 02:45:20','2025-07-31 02:45:20'),(985,48,'Samsung QLED 65\"',949,854,'Ultra-high-definition 4K QLED TV',100,'https://i.pinimg.com/736x/31/f2/3d/31f23dc3c6cec10b31702b23707c04b9.jpg',1,'2025-07-31 02:45:20','2025-07-31 02:45:20'),(986,48,'LG OLED 55\"',836,752,'Stunning 4K OLED TV with perfect black levels',100,'https://i.pinimg.com/736x/c6/d6/d0/c6d6d07259aeffe54ecb27dfac5f90e8.jpg',1,'2025-07-31 02:45:20','2025-07-31 02:45:20'),(987,48,'Decorative Throw Pillow',43,38,'Soft and stylish throw pillow for your living room',100,'https://i.pinimg.com/736x/47/c5/0b/47c50b1114ba4c2c5c99117a3608ee4a.jpg',1,'2025-07-31 02:45:20','2025-07-31 02:45:20'),(988,48,'Framed Wall Art',78,70,'Premium framed wall art for any space',100,'https://i.pinimg.com/736x/1d/ec/f3/1decf39e58d8f957b8fc7d3f3ac9ee1e.jpg',1,'2025-07-31 02:45:20','2025-07-31 02:45:20'),(989,49,'Dell XPS 13',1877,1689,'Powerful laptop with a compact design',100,'https://i.pinimg.com/736x/d4/d0/e6/d4d0e68e30117fe5e1c3f200ed04db5d.jpg',1,'2025-07-31 02:45:20','2025-07-31 02:45:20'),(990,49,'MacBook Pro 16',1730,1557,'High-performance laptop for professionals and creatives',100,'https://i.pinimg.com/736x/12/3e/f6/123ef687e4fa6f6c9fe9c22df36045fc.jpg',1,'2025-07-31 02:45:20','2025-07-31 02:45:20'),(991,49,'The Great Gatsby',18,16,'A classic novel by F. Scott Fitzgerald',100,'https://i.pinimg.com/736x/df/2e/8c/df2e8ce5632552806a6740bffbbfa2ca.jpg',1,'2025-07-31 02:45:20','2025-07-31 02:45:20'),(992,49,'1984',18,16,'A dystopian novel by George Orwell',100,'https://i.pinimg.com/736x/43/75/b7/4375b7d9bf24b88aa53744b417227485.jpg',1,'2025-07-31 02:45:20','2025-07-31 02:45:20'),(993,49,'iPad Pro 12.9',758,682,'Large tablet with stunning display and power',100,'https://i.pinimg.com/736x/31/49/9c/31499c290c0debf619289c68911f975d.jpg',1,'2025-07-31 02:45:20','2025-07-31 02:45:20'),(994,49,'Samsung Galaxy Tab S7',687,618,'Premium tablet for work and play',100,'https://i.pinimg.com/736x/d5/4f/8e/d54f8ed669e71e44f5b7aa13fb04567a.jpg',1,'2025-07-31 02:45:20','2025-07-31 02:45:20'),(995,50,'iPad Pro 12.9',1155,1039,'Large tablet with stunning display and power',100,'https://i.pinimg.com/736x/31/49/9c/31499c290c0debf619289c68911f975d.jpg',1,'2025-07-31 02:45:20','2025-07-31 02:45:20'),(996,50,'Samsung Galaxy Tab S7',653,587,'Premium tablet for work and play',100,'https://i.pinimg.com/736x/d5/4f/8e/d54f8ed669e71e44f5b7aa13fb04567a.jpg',1,'2025-07-31 02:45:20','2025-07-31 02:45:20'),(997,50,'Apple Watch Series 7',397,357,'Smartwatch with advanced health tracking features',100,'https://i.pinimg.com/736x/61/e9/ff/61e9ffac91f05bb610c6c774f17c7177.jpg',1,'2025-07-31 02:45:20','2025-07-31 02:45:20'),(998,50,'Samsung Galaxy Watch 4',462,415,'Feature-packed smartwatch with fitness tracking',100,'https://i.pinimg.com/736x/04/70/61/047061338a6a0b9e0367349618748220.jpg',1,'2025-07-31 02:45:20','2025-07-31 02:45:20'),(999,50,'Dell XPS 13',1770,1593,'Powerful laptop with a compact design',100,'https://i.pinimg.com/736x/d4/d0/e6/d4d0e68e30117fe5e1c3f200ed04db5d.jpg',1,'2025-07-31 02:45:20','2025-07-31 02:45:20'),(1000,50,'MacBook Pro 16',1524,1371,'High-performance laptop for professionals and creatives',100,'https://i.pinimg.com/736x/12/3e/f6/123ef687e4fa6f6c9fe9c22df36045fc.jpg',1,'2025-07-31 02:45:20','2025-07-31 02:45:20'),(1001,1,'Shoes',100,NULL,'Shoes',10,NULL,0,'2025-08-03 19:56:26','2025-08-03 20:37:04'),(1002,1,'Shoes',100,NULL,'Shoes',10,NULL,0,'2025-08-03 19:59:07','2025-08-03 20:37:05'),(1003,1,'Shoes',100,NULL,'shoes',10,NULL,0,'2025-08-03 20:03:20','2025-08-03 20:37:06'),(1004,1,'Shoes',100,NULL,'Shoes',10,NULL,0,'2025-08-03 20:37:26','2025-08-03 20:39:15'),(1005,1,'Shoes',100,NULL,'Shoes',10,NULL,0,'2025-08-03 20:38:27','2025-08-03 20:39:16'),(1006,1,'Shoes',100,NULL,'Shoes',10,NULL,0,'2025-08-03 20:38:30','2025-08-03 20:39:17'),(1007,1,'Shoes',100,NULL,'Shoes',10,NULL,0,'2025-08-03 20:38:31','2025-08-03 20:39:17'),(1008,1,'Shoes',100,NULL,'Shoes',10,NULL,0,'2025-08-03 20:38:31','2025-08-03 20:39:19'),(1009,1,'Shoes',100,NULL,'Shoes',10,NULL,0,'2025-08-03 20:38:31','2025-08-03 20:39:19'),(1010,1,'Shoes',100,NULL,'Shoes',10,NULL,0,'2025-08-03 20:38:33','2025-08-03 20:39:20'),(1011,1,'Shoes',100,NULL,'Shoes',10,NULL,0,'2025-08-03 20:38:33','2025-08-03 20:39:23'),(1012,1,'Shoes',100,NULL,'Shoes',10,NULL,0,'2025-08-03 20:38:44','2025-08-03 20:39:22'),(1013,1,'Shoes',100,NULL,'Shoes',10,NULL,0,'2025-08-03 20:39:37','2025-08-04 04:44:20'),(1014,1,'Shoes',100,NULL,'Shoes',10,NULL,0,'2025-08-03 20:41:02','2025-08-04 04:44:21'),(1015,1,'Shoes',100,NULL,'shoes',10,NULL,0,'2025-08-03 20:43:26','2025-08-04 04:44:22'),(1016,1,'Shoes',100,NULL,'Shoes',10,NULL,0,'2025-08-04 05:43:11','2025-08-04 05:44:38'),(1017,1,'Shoes',100,NULL,'Shoes',10,NULL,0,'2025-08-04 05:43:14','2025-08-04 05:44:39'),(1018,1,'Shoes',100,NULL,'shoes',10,NULL,0,'2025-08-04 05:45:49','2025-08-04 05:48:07'),(1019,1,'Shoes',100,NULL,'shoes',10,NULL,0,'2025-08-04 05:48:17','2025-08-04 05:52:16'),(1020,1,'Shoes',100,NULL,'shoes',10,NULL,0,'2025-08-04 05:49:24','2025-08-04 05:52:16'),(1021,1,'Shoes',100,NULL,'shoes',10,NULL,0,'2025-08-04 05:50:14','2025-08-04 05:52:17'),(1022,1,'Shoes',100,NULL,'shoes',10,NULL,0,'2025-08-04 05:51:54','2025-08-04 05:52:18'),(1023,1,'Shoes',100,NULL,'Shoes',10,NULL,1,'2025-08-04 06:38:15','2025-08-04 06:38:15');
/*!40000 ALTER TABLE `products` ENABLE KEYS */;
UNLOCK TABLES;

--
-- Table structure for table `sellers`
--

DROP TABLE IF EXISTS `sellers`;
/*!40101 SET @saved_cs_client     = @@character_set_client */;
/*!50503 SET character_set_client = utf8mb4 */;
CREATE TABLE `sellers` (
  `id` int NOT NULL AUTO_INCREMENT,
  `accountId` int NOT NULL,
  `name` varchar(255) DEFAULT NULL,
  `phone` varchar(255) DEFAULT NULL,
  `address` varchar(255) DEFAULT NULL,
  `avatarUrl` varchar(255) DEFAULT NULL,
  `createdAt` datetime NOT NULL,
  `updatedAt` datetime NOT NULL,
  PRIMARY KEY (`id`),
  UNIQUE KEY `id` (`id`),
  UNIQUE KEY `phone` (`phone`),
  KEY `accountId` (`accountId`),
  CONSTRAINT `sellers_ibfk_1` FOREIGN KEY (`accountId`) REFERENCES `accounts` (`id`) ON DELETE CASCADE ON UPDATE CASCADE
) ENGINE=InnoDB AUTO_INCREMENT=51 DEFAULT CHARSET=utf8mb4 COLLATE=utf8mb4_0900_ai_ci;
/*!40101 SET character_set_client = @saved_cs_client */;

--
-- Dumping data for table `sellers`
--

LOCK TABLES `sellers` WRITE;
/*!40000 ALTER TABLE `sellers` DISABLE KEYS */;
INSERT INTO `sellers` VALUES (1,51,'seller_51','0987654321','Address 1','https://icons.veryicon.com/png/o/miscellaneous/rookie-official-icon-gallery/225-default-avatar.png','2025-07-31 02:43:18','2025-07-31 02:43:18'),(2,52,'seller_52','0987654322','Address 2','https://icons.veryicon.com/png/o/miscellaneous/rookie-official-icon-gallery/225-default-avatar.png','2025-07-31 02:43:18','2025-07-31 02:43:18'),(3,53,'seller_53','0987654323','Address 3','https://icons.veryicon.com/png/o/miscellaneous/rookie-official-icon-gallery/225-default-avatar.png','2025-07-31 02:43:18','2025-07-31 02:43:18'),(4,54,'seller_54','0987654324','Address 4','https://icons.veryicon.com/png/o/miscellaneous/rookie-official-icon-gallery/225-default-avatar.png','2025-07-31 02:43:18','2025-07-31 02:43:18'),(5,55,'seller_55','0987654325','Address 5','https://icons.veryicon.com/png/o/miscellaneous/rookie-official-icon-gallery/225-default-avatar.png','2025-07-31 02:43:19','2025-07-31 02:43:19'),(6,56,'seller_56','0987654326','Address 6','https://icons.veryicon.com/png/o/miscellaneous/rookie-official-icon-gallery/225-default-avatar.png','2025-07-31 02:43:19','2025-07-31 02:43:19'),(7,57,'seller_57','0987654327','Address 7','https://icons.veryicon.com/png/o/miscellaneous/rookie-official-icon-gallery/225-default-avatar.png','2025-07-31 02:43:19','2025-07-31 02:43:19'),(8,58,'seller_58','0987654328','Address 8','https://icons.veryicon.com/png/o/miscellaneous/rookie-official-icon-gallery/225-default-avatar.png','2025-07-31 02:43:19','2025-07-31 02:43:19'),(9,59,'seller_59','0987654329','Address 9','https://icons.veryicon.com/png/o/miscellaneous/rookie-official-icon-gallery/225-default-avatar.png','2025-07-31 02:43:19','2025-07-31 02:43:19'),(10,60,'seller_60','09876543210','Address 10','https://icons.veryicon.com/png/o/miscellaneous/rookie-official-icon-gallery/225-default-avatar.png','2025-07-31 02:43:19','2025-07-31 02:43:19'),(11,61,'seller_61','09876543211','Address 11','https://icons.veryicon.com/png/o/miscellaneous/rookie-official-icon-gallery/225-default-avatar.png','2025-07-31 02:43:19','2025-07-31 02:43:19'),(12,62,'seller_62','09876543212','Address 12','https://icons.veryicon.com/png/o/miscellaneous/rookie-official-icon-gallery/225-default-avatar.png','2025-07-31 02:43:19','2025-07-31 02:43:19'),(13,63,'seller_63','09876543213','Address 13','https://icons.veryicon.com/png/o/miscellaneous/rookie-official-icon-gallery/225-default-avatar.png','2025-07-31 02:43:19','2025-07-31 02:43:19'),(14,64,'seller_64','09876543214','Address 14','https://icons.veryicon.com/png/o/miscellaneous/rookie-official-icon-gallery/225-default-avatar.png','2025-07-31 02:43:19','2025-07-31 02:43:19'),(15,65,'seller_65','09876543215','Address 15','https://icons.veryicon.com/png/o/miscellaneous/rookie-official-icon-gallery/225-default-avatar.png','2025-07-31 02:43:19','2025-07-31 02:43:19'),(16,66,'seller_66','09876543216','Address 16','https://icons.veryicon.com/png/o/miscellaneous/rookie-official-icon-gallery/225-default-avatar.png','2025-07-31 02:43:19','2025-07-31 02:43:19'),(17,67,'seller_67','09876543217','Address 17','https://icons.veryicon.com/png/o/miscellaneous/rookie-official-icon-gallery/225-default-avatar.png','2025-07-31 02:43:19','2025-07-31 02:43:19'),(18,68,'seller_68','09876543218','Address 18','https://icons.veryicon.com/png/o/miscellaneous/rookie-official-icon-gallery/225-default-avatar.png','2025-07-31 02:43:19','2025-07-31 02:43:19'),(19,69,'seller_69','09876543219','Address 19','https://icons.veryicon.com/png/o/miscellaneous/rookie-official-icon-gallery/225-default-avatar.png','2025-07-31 02:43:19','2025-07-31 02:43:19'),(20,70,'seller_70','09876543220','Address 20','https://icons.veryicon.com/png/o/miscellaneous/rookie-official-icon-gallery/225-default-avatar.png','2025-07-31 02:43:20','2025-07-31 02:43:20'),(21,71,'seller_71','09876543221','Address 21','https://icons.veryicon.com/png/o/miscellaneous/rookie-official-icon-gallery/225-default-avatar.png','2025-07-31 02:43:20','2025-07-31 02:43:20'),(22,72,'seller_72','09876543222','Address 22','https://icons.veryicon.com/png/o/miscellaneous/rookie-official-icon-gallery/225-default-avatar.png','2025-07-31 02:43:20','2025-07-31 02:43:20'),(23,73,'seller_73','09876543223','Address 23','https://icons.veryicon.com/png/o/miscellaneous/rookie-official-icon-gallery/225-default-avatar.png','2025-07-31 02:43:20','2025-07-31 02:43:20'),(24,74,'seller_74','09876543224','Address 24','https://icons.veryicon.com/png/o/miscellaneous/rookie-official-icon-gallery/225-default-avatar.png','2025-07-31 02:43:20','2025-07-31 02:43:20'),(25,75,'seller_75','09876543225','Address 25','https://icons.veryicon.com/png/o/miscellaneous/rookie-official-icon-gallery/225-default-avatar.png','2025-07-31 02:43:20','2025-07-31 02:43:20'),(26,76,'seller_76','09876543226','Address 26','https://icons.veryicon.com/png/o/miscellaneous/rookie-official-icon-gallery/225-default-avatar.png','2025-07-31 02:43:20','2025-07-31 02:43:20'),(27,77,'seller_77','09876543227','Address 27','https://icons.veryicon.com/png/o/miscellaneous/rookie-official-icon-gallery/225-default-avatar.png','2025-07-31 02:43:20','2025-07-31 02:43:20'),(28,78,'seller_78','09876543228','Address 28','https://icons.veryicon.com/png/o/miscellaneous/rookie-official-icon-gallery/225-default-avatar.png','2025-07-31 02:43:20','2025-07-31 02:43:20'),(29,79,'seller_79','09876543229','Address 29','https://icons.veryicon.com/png/o/miscellaneous/rookie-official-icon-gallery/225-default-avatar.png','2025-07-31 02:43:20','2025-07-31 02:43:20'),(30,80,'seller_80','09876543230','Address 30','https://icons.veryicon.com/png/o/miscellaneous/rookie-official-icon-gallery/225-default-avatar.png','2025-07-31 02:43:20','2025-07-31 02:43:20'),(31,81,'seller_81','09876543231','Address 31','https://icons.veryicon.com/png/o/miscellaneous/rookie-official-icon-gallery/225-default-avatar.png','2025-07-31 02:43:20','2025-07-31 02:43:20'),(32,82,'seller_82','09876543232','Address 32','https://icons.veryicon.com/png/o/miscellaneous/rookie-official-icon-gallery/225-default-avatar.png','2025-07-31 02:43:20','2025-07-31 02:43:20'),(33,83,'seller_83','09876543233','Address 33','https://icons.veryicon.com/png/o/miscellaneous/rookie-official-icon-gallery/225-default-avatar.png','2025-07-31 02:43:20','2025-07-31 02:43:20'),(34,84,'seller_84','09876543234','Address 34','https://icons.veryicon.com/png/o/miscellaneous/rookie-official-icon-gallery/225-default-avatar.png','2025-07-31 02:43:20','2025-07-31 02:43:20'),(35,85,'seller_85','09876543235','Address 35','https://icons.veryicon.com/png/o/miscellaneous/rookie-official-icon-gallery/225-default-avatar.png','2025-07-31 02:43:21','2025-07-31 02:43:21'),(36,86,'seller_86','09876543236','Address 36','https://icons.veryicon.com/png/o/miscellaneous/rookie-official-icon-gallery/225-default-avatar.png','2025-07-31 02:43:21','2025-07-31 02:43:21'),(37,87,'seller_87','09876543237','Address 37','https://icons.veryicon.com/png/o/miscellaneous/rookie-official-icon-gallery/225-default-avatar.png','2025-07-31 02:43:21','2025-07-31 02:43:21'),(38,88,'seller_88','09876543238','Address 38','https://icons.veryicon.com/png/o/miscellaneous/rookie-official-icon-gallery/225-default-avatar.png','2025-07-31 02:43:21','2025-07-31 02:43:21'),(39,89,'seller_89','09876543239','Address 39','https://icons.veryicon.com/png/o/miscellaneous/rookie-official-icon-gallery/225-default-avatar.png','2025-07-31 02:43:21','2025-07-31 02:43:21'),(40,90,'seller_90','09876543240','Address 40','https://icons.veryicon.com/png/o/miscellaneous/rookie-official-icon-gallery/225-default-avatar.png','2025-07-31 02:43:21','2025-07-31 02:43:21'),(41,91,'seller_91','09876543241','Address 41','https://icons.veryicon.com/png/o/miscellaneous/rookie-official-icon-gallery/225-default-avatar.png','2025-07-31 02:43:21','2025-07-31 02:43:21'),(42,92,'seller_92','09876543242','Address 42','https://icons.veryicon.com/png/o/miscellaneous/rookie-official-icon-gallery/225-default-avatar.png','2025-07-31 02:43:21','2025-07-31 02:43:21'),(43,93,'seller_93','09876543243','Address 43','https://icons.veryicon.com/png/o/miscellaneous/rookie-official-icon-gallery/225-default-avatar.png','2025-07-31 02:43:21','2025-07-31 02:43:21'),(44,94,'seller_94','09876543244','Address 44','https://icons.veryicon.com/png/o/miscellaneous/rookie-official-icon-gallery/225-default-avatar.png','2025-07-31 02:43:21','2025-07-31 02:43:21'),(45,95,'seller_95','09876543245','Address 45','https://icons.veryicon.com/png/o/miscellaneous/rookie-official-icon-gallery/225-default-avatar.png','2025-07-31 02:43:21','2025-07-31 02:43:21'),(46,96,'seller_96','09876543246','Address 46','https://icons.veryicon.com/png/o/miscellaneous/rookie-official-icon-gallery/225-default-avatar.png','2025-07-31 02:43:21','2025-07-31 02:43:21'),(47,97,'seller_97','09876543247','Address 47','https://icons.veryicon.com/png/o/miscellaneous/rookie-official-icon-gallery/225-default-avatar.png','2025-07-31 02:43:21','2025-07-31 02:43:21'),(48,98,'seller_98','09876543248','Address 48','https://icons.veryicon.com/png/o/miscellaneous/rookie-official-icon-gallery/225-default-avatar.png','2025-07-31 02:43:21','2025-07-31 02:43:21'),(49,99,'seller_99','09876543249','Address 49','https://icons.veryicon.com/png/o/miscellaneous/rookie-official-icon-gallery/225-default-avatar.png','2025-07-31 02:43:22','2025-07-31 02:43:22'),(50,100,'seller_100','09876543250','Address 50','https://icons.veryicon.com/png/o/miscellaneous/rookie-official-icon-gallery/225-default-avatar.png','2025-07-31 02:43:22','2025-07-31 02:43:22');
/*!40000 ALTER TABLE `sellers` ENABLE KEYS */;
UNLOCK TABLES;

--
-- Table structure for table `shops`
--

DROP TABLE IF EXISTS `shops`;
/*!40101 SET @saved_cs_client     = @@character_set_client */;
/*!50503 SET character_set_client = utf8mb4 */;
CREATE TABLE `shops` (
  `id` int NOT NULL AUTO_INCREMENT,
  `accountId` int NOT NULL,
  `name` varchar(255) NOT NULL,
  `description` text,
  `address` varchar(255) NOT NULL,
  `phone` varchar(255) NOT NULL,
  `email` varchar(255) NOT NULL,
  `avatarUrl` varchar(255) DEFAULT NULL,
  `createdAt` datetime NOT NULL,
  `updatedAt` datetime NOT NULL,
  PRIMARY KEY (`id`),
  UNIQUE KEY `id` (`id`),
  KEY `accountId` (`accountId`),
  CONSTRAINT `shops_ibfk_1` FOREIGN KEY (`accountId`) REFERENCES `accounts` (`id`) ON DELETE CASCADE ON UPDATE CASCADE
) ENGINE=InnoDB AUTO_INCREMENT=51 DEFAULT CHARSET=utf8mb4 COLLATE=utf8mb4_0900_ai_ci;
/*!40101 SET character_set_client = @saved_cs_client */;

--
-- Dumping data for table `shops`
--

LOCK TABLES `shops` WRITE;
/*!40000 ALTER TABLE `shops` DISABLE KEYS */;
INSERT INTO `shops` VALUES (1,51,'Shop_51','Shop description for user 51','Shop address for user 51','12345678951','shop51@gmail.com','https://icons.veryicon.com/png/o/miscellaneous/rookie-official-icon-gallery/225-default-avatar.png','2025-07-31 02:43:18','2025-07-31 02:43:18'),(2,52,'Shop_52','Shop description for user 52','Shop address for user 52','12345678952','shop52@gmail.com','https://icons.veryicon.com/png/o/miscellaneous/rookie-official-icon-gallery/225-default-avatar.png','2025-07-31 02:43:18','2025-07-31 02:43:18'),(3,53,'Shop_53','Shop description for user 53','Shop address for user 53','12345678953','shop53@gmail.com','https://icons.veryicon.com/png/o/miscellaneous/rookie-official-icon-gallery/225-default-avatar.png','2025-07-31 02:43:18','2025-07-31 02:43:18'),(4,54,'Shop_54','Shop description for user 54','Shop address for user 54','12345678954','shop54@gmail.com','https://icons.veryicon.com/png/o/miscellaneous/rookie-official-icon-gallery/225-default-avatar.png','2025-07-31 02:43:18','2025-07-31 02:43:18'),(5,55,'Shop_55','Shop description for user 55','Shop address for user 55','12345678955','shop55@gmail.com','https://icons.veryicon.com/png/o/miscellaneous/rookie-official-icon-gallery/225-default-avatar.png','2025-07-31 02:43:19','2025-07-31 02:43:19'),(6,56,'Shop_56','Shop description for user 56','Shop address for user 56','12345678956','shop56@gmail.com','https://icons.veryicon.com/png/o/miscellaneous/rookie-official-icon-gallery/225-default-avatar.png','2025-07-31 02:43:19','2025-07-31 02:43:19'),(7,57,'Shop_57','Shop description for user 57','Shop address for user 57','12345678957','shop57@gmail.com','https://icons.veryicon.com/png/o/miscellaneous/rookie-official-icon-gallery/225-default-avatar.png','2025-07-31 02:43:19','2025-07-31 02:43:19'),(8,58,'Shop_58','Shop description for user 58','Shop address for user 58','12345678958','shop58@gmail.com','https://icons.veryicon.com/png/o/miscellaneous/rookie-official-icon-gallery/225-default-avatar.png','2025-07-31 02:43:19','2025-07-31 02:43:19'),(9,59,'Shop_59','Shop description for user 59','Shop address for user 59','12345678959','shop59@gmail.com','https://icons.veryicon.com/png/o/miscellaneous/rookie-official-icon-gallery/225-default-avatar.png','2025-07-31 02:43:19','2025-07-31 02:43:19'),(10,60,'Shop_60','Shop description for user 60','Shop address for user 60','12345678960','shop60@gmail.com','https://icons.veryicon.com/png/o/miscellaneous/rookie-official-icon-gallery/225-default-avatar.png','2025-07-31 02:43:19','2025-07-31 02:43:19'),(11,61,'Shop_61','Shop description for user 61','Shop address for user 61','12345678961','shop61@gmail.com','https://icons.veryicon.com/png/o/miscellaneous/rookie-official-icon-gallery/225-default-avatar.png','2025-07-31 02:43:19','2025-07-31 02:43:19'),(12,62,'Shop_62','Shop description for user 62','Shop address for user 62','12345678962','shop62@gmail.com','https://icons.veryicon.com/png/o/miscellaneous/rookie-official-icon-gallery/225-default-avatar.png','2025-07-31 02:43:19','2025-07-31 02:43:19'),(13,63,'Shop_63','Shop description for user 63','Shop address for user 63','12345678963','shop63@gmail.com','https://icons.veryicon.com/png/o/miscellaneous/rookie-official-icon-gallery/225-default-avatar.png','2025-07-31 02:43:19','2025-07-31 02:43:19'),(14,64,'Shop_64','Shop description for user 64','Shop address for user 64','12345678964','shop64@gmail.com','https://icons.veryicon.com/png/o/miscellaneous/rookie-official-icon-gallery/225-default-avatar.png','2025-07-31 02:43:19','2025-07-31 02:43:19'),(15,65,'Shop_65','Shop description for user 65','Shop address for user 65','12345678965','shop65@gmail.com','https://icons.veryicon.com/png/o/miscellaneous/rookie-official-icon-gallery/225-default-avatar.png','2025-07-31 02:43:19','2025-07-31 02:43:19'),(16,66,'Shop_66','Shop description for user 66','Shop address for user 66','12345678966','shop66@gmail.com','https://icons.veryicon.com/png/o/miscellaneous/rookie-official-icon-gallery/225-default-avatar.png','2025-07-31 02:43:19','2025-07-31 02:43:19'),(17,67,'Shop_67','Shop description for user 67','Shop address for user 67','12345678967','shop67@gmail.com','https://icons.veryicon.com/png/o/miscellaneous/rookie-official-icon-gallery/225-default-avatar.png','2025-07-31 02:43:19','2025-07-31 02:43:19'),(18,68,'Shop_68','Shop description for user 68','Shop address for user 68','12345678968','shop68@gmail.com','https://icons.veryicon.com/png/o/miscellaneous/rookie-official-icon-gallery/225-default-avatar.png','2025-07-31 02:43:19','2025-07-31 02:43:19'),(19,69,'Shop_69','Shop description for user 69','Shop address for user 69','12345678969','shop69@gmail.com','https://icons.veryicon.com/png/o/miscellaneous/rookie-official-icon-gallery/225-default-avatar.png','2025-07-31 02:43:19','2025-07-31 02:43:19'),(20,70,'Shop_70','Shop description for user 70','Shop address for user 70','12345678970','shop70@gmail.com','https://icons.veryicon.com/png/o/miscellaneous/rookie-official-icon-gallery/225-default-avatar.png','2025-07-31 02:43:20','2025-07-31 02:43:20'),(21,71,'Shop_71','Shop description for user 71','Shop address for user 71','12345678971','shop71@gmail.com','https://icons.veryicon.com/png/o/miscellaneous/rookie-official-icon-gallery/225-default-avatar.png','2025-07-31 02:43:20','2025-07-31 02:43:20'),(22,72,'Shop_72','Shop description for user 72','Shop address for user 72','12345678972','shop72@gmail.com','https://icons.veryicon.com/png/o/miscellaneous/rookie-official-icon-gallery/225-default-avatar.png','2025-07-31 02:43:20','2025-07-31 02:43:20'),(23,73,'Shop_73','Shop description for user 73','Shop address for user 73','12345678973','shop73@gmail.com','https://icons.veryicon.com/png/o/miscellaneous/rookie-official-icon-gallery/225-default-avatar.png','2025-07-31 02:43:20','2025-07-31 02:43:20'),(24,74,'Shop_74','Shop description for user 74','Shop address for user 74','12345678974','shop74@gmail.com','https://icons.veryicon.com/png/o/miscellaneous/rookie-official-icon-gallery/225-default-avatar.png','2025-07-31 02:43:20','2025-07-31 02:43:20'),(25,75,'Shop_75','Shop description for user 75','Shop address for user 75','12345678975','shop75@gmail.com','https://icons.veryicon.com/png/o/miscellaneous/rookie-official-icon-gallery/225-default-avatar.png','2025-07-31 02:43:20','2025-07-31 02:43:20'),(26,76,'Shop_76','Shop description for user 76','Shop address for user 76','12345678976','shop76@gmail.com','https://icons.veryicon.com/png/o/miscellaneous/rookie-official-icon-gallery/225-default-avatar.png','2025-07-31 02:43:20','2025-07-31 02:43:20'),(27,77,'Shop_77','Shop description for user 77','Shop address for user 77','12345678977','shop77@gmail.com','https://icons.veryicon.com/png/o/miscellaneous/rookie-official-icon-gallery/225-default-avatar.png','2025-07-31 02:43:20','2025-07-31 02:43:20'),(28,78,'Shop_78','Shop description for user 78','Shop address for user 78','12345678978','shop78@gmail.com','https://icons.veryicon.com/png/o/miscellaneous/rookie-official-icon-gallery/225-default-avatar.png','2025-07-31 02:43:20','2025-07-31 02:43:20'),(29,79,'Shop_79','Shop description for user 79','Shop address for user 79','12345678979','shop79@gmail.com','https://icons.veryicon.com/png/o/miscellaneous/rookie-official-icon-gallery/225-default-avatar.png','2025-07-31 02:43:20','2025-07-31 02:43:20'),(30,80,'Shop_80','Shop description for user 80','Shop address for user 80','12345678980','shop80@gmail.com','https://icons.veryicon.com/png/o/miscellaneous/rookie-official-icon-gallery/225-default-avatar.png','2025-07-31 02:43:20','2025-07-31 02:43:20'),(31,81,'Shop_81','Shop description for user 81','Shop address for user 81','12345678981','shop81@gmail.com','https://icons.veryicon.com/png/o/miscellaneous/rookie-official-icon-gallery/225-default-avatar.png','2025-07-31 02:43:20','2025-07-31 02:43:20'),(32,82,'Shop_82','Shop description for user 82','Shop address for user 82','12345678982','shop82@gmail.com','https://icons.veryicon.com/png/o/miscellaneous/rookie-official-icon-gallery/225-default-avatar.png','2025-07-31 02:43:20','2025-07-31 02:43:20'),(33,83,'Shop_83','Shop description for user 83','Shop address for user 83','12345678983','shop83@gmail.com','https://icons.veryicon.com/png/o/miscellaneous/rookie-official-icon-gallery/225-default-avatar.png','2025-07-31 02:43:20','2025-07-31 02:43:20'),(34,84,'Shop_84','Shop description for user 84','Shop address for user 84','12345678984','shop84@gmail.com','https://icons.veryicon.com/png/o/miscellaneous/rookie-official-icon-gallery/225-default-avatar.png','2025-07-31 02:43:21','2025-07-31 02:43:21'),(35,85,'Shop_85','Shop description for user 85','Shop address for user 85','12345678985','shop85@gmail.com','https://icons.veryicon.com/png/o/miscellaneous/rookie-official-icon-gallery/225-default-avatar.png','2025-07-31 02:43:21','2025-07-31 02:43:21'),(36,86,'Shop_86','Shop description for user 86','Shop address for user 86','12345678986','shop86@gmail.com','https://icons.veryicon.com/png/o/miscellaneous/rookie-official-icon-gallery/225-default-avatar.png','2025-07-31 02:43:21','2025-07-31 02:43:21'),(37,87,'Shop_87','Shop description for user 87','Shop address for user 87','12345678987','shop87@gmail.com','https://icons.veryicon.com/png/o/miscellaneous/rookie-official-icon-gallery/225-default-avatar.png','2025-07-31 02:43:21','2025-07-31 02:43:21'),(38,88,'Shop_88','Shop description for user 88','Shop address for user 88','12345678988','shop88@gmail.com','https://icons.veryicon.com/png/o/miscellaneous/rookie-official-icon-gallery/225-default-avatar.png','2025-07-31 02:43:21','2025-07-31 02:43:21'),(39,89,'Shop_89','Shop description for user 89','Shop address for user 89','12345678989','shop89@gmail.com','https://icons.veryicon.com/png/o/miscellaneous/rookie-official-icon-gallery/225-default-avatar.png','2025-07-31 02:43:21','2025-07-31 02:43:21'),(40,90,'Shop_90','Shop description for user 90','Shop address for user 90','12345678990','shop90@gmail.com','https://icons.veryicon.com/png/o/miscellaneous/rookie-official-icon-gallery/225-default-avatar.png','2025-07-31 02:43:21','2025-07-31 02:43:21'),(41,91,'Shop_91','Shop description for user 91','Shop address for user 91','12345678991','shop91@gmail.com','https://icons.veryicon.com/png/o/miscellaneous/rookie-official-icon-gallery/225-default-avatar.png','2025-07-31 02:43:21','2025-07-31 02:43:21'),(42,92,'Shop_92','Shop description for user 92','Shop address for user 92','12345678992','shop92@gmail.com','https://icons.veryicon.com/png/o/miscellaneous/rookie-official-icon-gallery/225-default-avatar.png','2025-07-31 02:43:21','2025-07-31 02:43:21'),(43,93,'Shop_93','Shop description for user 93','Shop address for user 93','12345678993','shop93@gmail.com','https://icons.veryicon.com/png/o/miscellaneous/rookie-official-icon-gallery/225-default-avatar.png','2025-07-31 02:43:21','2025-07-31 02:43:21'),(44,94,'Shop_94','Shop description for user 94','Shop address for user 94','12345678994','shop94@gmail.com','https://icons.veryicon.com/png/o/miscellaneous/rookie-official-icon-gallery/225-default-avatar.png','2025-07-31 02:43:21','2025-07-31 02:43:21'),(45,95,'Shop_95','Shop description for user 95','Shop address for user 95','12345678995','shop95@gmail.com','https://icons.veryicon.com/png/o/miscellaneous/rookie-official-icon-gallery/225-default-avatar.png','2025-07-31 02:43:21','2025-07-31 02:43:21'),(46,96,'Shop_96','Shop description for user 96','Shop address for user 96','12345678996','shop96@gmail.com','https://icons.veryicon.com/png/o/miscellaneous/rookie-official-icon-gallery/225-default-avatar.png','2025-07-31 02:43:21','2025-07-31 02:43:21'),(47,97,'Shop_97','Shop description for user 97','Shop address for user 97','12345678997','shop97@gmail.com','https://icons.veryicon.com/png/o/miscellaneous/rookie-official-icon-gallery/225-default-avatar.png','2025-07-31 02:43:21','2025-07-31 02:43:21'),(48,98,'Shop_98','Shop description for user 98','Shop address for user 98','12345678998','shop98@gmail.com','https://icons.veryicon.com/png/o/miscellaneous/rookie-official-icon-gallery/225-default-avatar.png','2025-07-31 02:43:21','2025-07-31 02:43:21'),(49,99,'Shop_99','Shop description for user 99','Shop address for user 99','12345678999','shop99@gmail.com','https://icons.veryicon.com/png/o/miscellaneous/rookie-official-icon-gallery/225-default-avatar.png','2025-07-31 02:43:22','2025-07-31 02:43:22'),(50,100,'Shop_100','Shop description for user 100','Shop address for user 100','123456789100','shop100@gmail.com','https://icons.veryicon.com/png/o/miscellaneous/rookie-official-icon-gallery/225-default-avatar.png','2025-07-31 02:43:22','2025-07-31 02:43:22');
/*!40000 ALTER TABLE `shops` ENABLE KEYS */;
UNLOCK TABLES;
/*!40103 SET TIME_ZONE=@OLD_TIME_ZONE */;

/*!40101 SET SQL_MODE=@OLD_SQL_MODE */;
/*!40014 SET FOREIGN_KEY_CHECKS=@OLD_FOREIGN_KEY_CHECKS */;
/*!40014 SET UNIQUE_CHECKS=@OLD_UNIQUE_CHECKS */;
/*!40101 SET CHARACTER_SET_CLIENT=@OLD_CHARACTER_SET_CLIENT */;
/*!40101 SET CHARACTER_SET_RESULTS=@OLD_CHARACTER_SET_RESULTS */;
/*!40101 SET COLLATION_CONNECTION=@OLD_COLLATION_CONNECTION */;
/*!40111 SET SQL_NOTES=@OLD_SQL_NOTES */;

-- Dump completed on 2025-08-04 15:05:46
